id,num_orders
1028232,198.9024807235865
1127204,198.8408231880495
1212707,198.9024807235865
1082698,69.80112009217684
1400926,69.80112009217684
1284113,196.81963916107793
1197966,196.88067309416985
1132739,76.45564088850853
1057981,72.91811059349153
1095932,72.91811059349153
1454421,72.91811059349153
1149765,213.62577458661838
1166964,212.9814107271406
1010949,213.62577458661838
1409575,83.72342200515234
1181616,83.72342200515234
1456020,212.9814107271406
1264395,213.62577458661838
1472931,212.9814107271406
1412015,196.88067309416985
1461229,196.88067309416985
1014564,77.03313137284691
1485914,89.70462824137277
1345389,89.70462824137277
1006833,89.70462824137277
1174921,45.66606664484248
1175393,45.66606664484248
1152412,49.13898965994467
1497398,49.13898965994467
1363486,33.064874309659736
1366766,33.151174695801714
1192413,33.151174695801714
1319547,213.62577458661838
1337684,213.62577458661838
1479766,213.62577458661838
1460444,231.66005375650684
1139730,232.56973637727674
1115056,232.56973637727674
1335827,48.767932021816485
1385333,227.86783175737463
1096323,227.86783175737463
1230693,76.45564088850853
1027016,72.91811059349153
1181520,72.91811059349153
1306234,72.91811059349153
1271440,544.9287496724291
1269834,212.9814107271406
1176823,544.9287496724291
1193098,72.91811059349153
1034878,72.91811059349153
1010243,83.72342200515234
1451807,83.72342200515234
1016845,83.72342200515234
1198021,76.45564088850853
1413802,33.064874309659736
1231223,33.151174695801714
1274226,212.9814107271406
1425142,270.39388162851657
1211593,212.9814107271406
1419190,25.013209964024856
1180223,25.013209964024856
1194932,227.86783175737463
1323477,227.93844508974954
1371595,227.93844508974954
1171521,54.552970886915695
1052384,54.552970886915695
1060921,54.552970886915695
1261811,89.70462824137277
1246502,89.70462824137277
1497466,89.70462824137277
1232717,45.66606664484248
1136112,45.66606664484248
1196334,77.03313137284691
1349533,49.13898965994467
1463406,49.13898965994467
1447686,33.151174695801714
1336105,33.151174695801714
1012855,309.17571821240165
1180646,309.17571821240165
1062490,270.2766389139939
1098228,267.02492723476183
1101375,267.02492723476183
1400016,267.02492723476183
1439889,48.767932021816485
1408468,69.80112009217684
1044490,69.80112009217684
1290002,256.0759837508135
1190633,256.0759837508135
1040430,76.45564088850853
1049366,72.91811059349153
1224120,72.91811059349153
1293810,72.91811059349153
1197335,544.9287496724291
1323989,212.9814107271406
1129467,544.9287496724291
1229328,72.91811059349153
1164395,72.91811059349153
1217722,83.72342200515234
1171266,83.72342200515234
1024905,83.72342200515234
1343027,76.45564088850853
1141892,33.064874309659736
1302404,43.97285881075489
1170447,212.9814107271406
1140772,270.39388162851657
1103484,212.9814107271406
1387134,25.013209964024856
1117711,25.013209964024856
1472121,25.013209964024856
1289523,256.0759837508135
1091114,256.0759837508135
1043572,256.0759837508135
1103283,54.552970886915695
1265051,54.552970886915695
1168741,54.552970886915695
1052776,89.70462824137277
1206564,89.70462824137277
1302153,89.70462824137277
1083754,45.66606664484248
1097952,45.66606664484248
1251605,45.66606664484248
1333032,77.03313137284691
1086936,49.13898965994467
1088412,49.13898965994467
1236400,33.064874309659736
1244516,33.151174695801714
1380381,33.151174695801714
1495062,309.17571821240165
1439647,309.17571821240165
1019214,270.2766389139939
1316160,679.6280553316877
1022008,679.6280553316877
1138248,679.6280553316877
1052922,131.92337591025642
1181474,69.80112009217684
1046475,69.80112009217684
1216688,380.42385538854455
1067565,380.42385538854455
1008328,679.6280553316877
1430287,72.91811059349153
1406716,72.91811059349153
1105380,72.91811059349153
1248694,545.377690469417
1252163,317.55939570701025
1443474,545.377690469417
1033716,72.91811059349153
1300295,72.91811059349153
1311882,72.91811059349153
1257968,178.513063500759
1226362,178.513063500759
1030655,178.513063500759
1210527,131.92337591025642
1278927,56.84953417431313
1232239,56.84953417431313
1133067,402.99267957661584
1382522,402.99267957661584
1219136,402.99267957661584
1498130,25.013209964024856
1251629,25.013209964024856
1032092,25.013209964024856
1249865,123.84940510274217
1207630,123.84940510274217
1144733,123.84940510274217
1436768,45.66606664484248
1148964,45.66606664484248
1237346,131.92337591025642
1206015,131.92337591025642
1105113,131.92337591025642
1430481,56.84953417431313
1001589,56.84953417431313
1224132,56.84953417431313
1074380,402.99267957661584
1097109,402.99267957661584
1211246,402.99267957661584
1390579,373.37273953705807
1473058,373.37273953705807
1186964,373.37273953705807
1222837,48.767932021816485
1342393,69.80112009217684
1170472,256.0759837508135
1170791,256.0759837508135
1046653,267.02492723476183
1195179,72.91811059349153
1332509,72.91811059349153
1438300,72.91811059349153
1435748,544.9287496724291
1052668,212.9814107271406
1227060,544.9287496724291
1342252,72.91811059349153
1143109,72.91811059349153
1394807,72.91811059349153
1448374,83.72342200515234
1028680,83.72342200515234
1079691,83.72342200515234
1402079,33.064874309659736
1424446,43.97285881075489
1133297,309.1097438937725
1076214,270.4663964279498
1173823,270.4663964279498
1488584,25.013209964024856
1072892,25.013209964024856
1277491,25.013209964024856
1290868,182.86622978738308
1048888,182.86622978738308
1138141,89.70462824137277
1473125,45.66606664484248
1196726,45.66606664484248
1179278,45.66606664484248
1282305,77.03313137284691
1359903,49.13898965994467
1355143,49.13898965994467
1095889,33.064874309659736
1250665,33.064874309659736
1426610,33.064874309659736
1390104,309.25859528339623
1051519,309.25859528339623
1337584,270.2189384224288
1332667,679.6280553316877
1075942,679.6280553316877
1109804,679.6280553316877
1316684,131.92337591025642
1248315,69.80112009217684
1113611,69.80112009217684
1110867,380.42385538854455
1247289,380.42385538854455
1022953,131.92337591025642
1160081,72.91811059349153
1120430,72.91811059349153
1487280,72.91811059349153
1020081,545.377690469417
1329551,317.55939570701025
1137610,545.377690469417
1072530,72.91811059349153
1115708,72.91811059349153
1203532,72.91811059349153
1494216,178.513063500759
1116374,178.513063500759
1032497,178.513063500759
1413930,131.92337591025642
1136118,56.84953417431313
1254872,56.84953417431313
1398257,317.55939570701025
1364001,402.99267957661584
1369843,317.55939570701025
1379360,25.013209964024856
1442044,25.013209964024856
1285290,25.013209964024856
1129707,380.42385538854455
1086750,380.42385538854455
1147262,380.42385538854455
1025605,54.552970886915695
1414158,54.552970886915695
1082079,54.552970886915695
1467510,123.84940510274217
1374892,123.84940510274217
1171352,123.84940510274217
1213246,45.66606664484248
1279131,45.66606664484248
1256386,45.66606664484248
1234220,131.92337591025642
1008206,131.92337591025642
1267686,131.92337591025642
1470186,56.84953417431313
1233312,56.84953417431313
1279379,56.84953417431313
1431703,317.55939570701025
1339938,317.55939570701025
1010552,402.99267957661584
1237947,373.37273953705807
1175098,267.02492723476183
1066074,267.02492723476183
1045918,69.80112009217684
1226081,69.80112009217684
1148633,256.0759837508135
1441429,256.0759837508135
1291804,76.45564088850853
1305194,72.91811059349153
1327840,72.91811059349153
1320801,72.91811059349153
1467101,544.9287496724291
1473989,212.9814107271406
1466330,544.9287496724291
1390856,83.72342200515234
1120639,83.72342200515234
1279275,83.72342200515234
1166120,76.45564088850853
1128404,33.064874309659736
1252491,33.151174695801714
1328056,212.9814107271406
1452353,270.39388162851657
1353276,212.9814107271406
1297182,25.013209964024856
1469299,25.013209964024856
1129687,256.0759837508135
1362599,256.0759837508135
1245170,256.0759837508135
1098570,54.552970886915695
1452600,54.552970886915695
1194207,54.552970886915695
1023619,89.70462824137277
1254600,89.70462824137277
1157094,89.70462824137277
1165391,45.66606664484248
1131248,45.66606664484248
1383646,77.03313137284691
1288250,49.13898965994467
1476141,49.13898965994467
1401237,33.064874309659736
1383510,33.151174695801714
1433607,33.151174695801714
1098207,212.9814107271406
1453624,212.9814107271406
1089046,270.2766389139939
1306954,679.6280553316877
1413179,679.6280553316877
1379869,679.6280553316877
1037218,131.92337591025642
1247919,69.80112009217684
1097438,69.80112009217684
1441938,380.42385538854455
1060769,380.42385538854455
1409283,131.92337591025642
1397517,72.91811059349153
1220386,72.91811059349153
1297481,72.91811059349153
1309280,545.377690469417
1013813,317.55939570701025
1087803,545.377690469417
1256077,72.91811059349153
1328392,72.91811059349153
1197947,178.513063500759
1134877,178.513063500759
1149222,178.513063500759
1321757,131.92337591025642
1364052,56.84953417431313
1346914,56.84953417431313
1343936,317.55939570701025
1284997,402.99267957661584
1443980,317.55939570701025
1272226,25.013209964024856
1267791,25.013209964024856
1049345,25.013209964024856
1300007,380.42385538854455
1220471,380.42385538854455
1486124,380.42385538854455
1183373,54.552970886915695
1076787,54.552970886915695
1218918,54.552970886915695
1351627,123.84940510274217
1333350,123.84940510274217
1312936,123.84940510274217
1477543,45.66606664484248
1408514,45.66606664484248
1256773,45.66606664484248
1174904,131.92337591025642
1392815,131.92337591025642
1389126,131.92337591025642
1074816,56.84953417431313
1124612,56.84953417431313
1318251,56.84953417431313
1089252,317.55939570701025
1396463,317.55939570701025
1289632,402.99267957661584
1083889,373.37273953705807
1121896,373.37273953705807
1004866,373.37273953705807
1234436,48.767932021816485
1311318,69.80112009217684
1476647,69.80112009217684
1419834,256.0759837508135
1188670,256.0759837508135
1260238,267.02492723476183
1263791,72.91811059349153
1070835,72.91811059349153
1433069,72.91811059349153
1349084,544.9287496724291
1360259,212.9814107271406
1022475,544.9287496724291
1037167,72.91811059349153
1492031,72.91811059349153
1057541,72.91811059349153
1483675,83.72342200515234
1463966,83.72342200515234
1474096,76.45564088850853
1440771,33.064874309659736
1452763,43.97285881075489
1382621,309.1097438937725
1035365,270.4663964279498
1355984,270.4663964279498
1140520,25.013209964024856
1168148,89.70462824137277
1052343,89.70462824137277
1370827,206.88397831927205
1055728,45.66606664484248
1053449,45.66606664484248
1368579,45.66606664484248
1208370,77.03313137284691
1027455,49.13898965994467
1147326,49.13898965994467
1203029,33.064874309659736
1389643,33.064874309659736
1482071,33.151174695801714
1411487,309.25859528339623
1043533,309.25859528339623
1294351,270.2189384224288
1409427,373.37273953705807
1000264,373.37273953705807
1016463,373.37273953705807
1224218,48.767932021816485
1485114,69.80112009217684
1006410,69.80112009217684
1221242,256.0759837508135
1031339,358.0794382407501
1153545,267.02492723476183
1182144,72.91811059349153
1194788,72.91811059349153
1082828,72.91811059349153
1265773,213.62577458661838
1154515,212.9814107271406
1105986,213.62577458661838
1293017,72.91811059349153
1272587,72.91811059349153
1027143,83.72342200515234
1179146,83.72342200515234
1342337,83.72342200515234
1269746,33.064874309659736
1369030,213.62577458661838
1109605,213.62577458661838
1099603,213.62577458661838
1319113,25.013209964024856
1155697,25.013209964024856
1218892,206.88397831927205
1493357,89.70462824137277
1202597,206.88397831927205
1116108,45.66606664484248
1229780,45.66606664484248
1391127,45.66606664484248
1085957,77.03313137284691
1267409,49.13898965994467
1245159,43.97285881075489
1378973,43.97285881075489
1079844,213.62577458661838
1024089,213.62577458661838
1463712,213.62577458661838
1268331,679.6280553316877
1058344,679.6280553316877
1417277,679.6280553316877
1056035,131.92337591025642
1343254,69.80112009217684
1262833,69.80112009217684
1272751,380.42385538854455
1013213,380.42385538854455
1263405,679.6280553316877
1204818,72.91811059349153
1333742,72.91811059349153
1043262,72.91811059349153
1449237,545.377690469417
1080908,317.55939570701025
1073524,545.377690469417
1196482,72.91811059349153
1068138,72.91811059349153
1320427,72.91811059349153
1184166,178.513063500759
1228572,178.513063500759
1075131,178.513063500759
1128915,131.92337591025642
1182843,56.84953417431313
1094044,402.99267957661584
1209858,402.99267957661584
1222963,402.99267957661584
1037477,25.013209964024856
1001694,25.013209964024856
1054299,25.013209964024856
1371044,269.0524879976676
1254718,307.7369094479718
1086268,269.0524879976676
1003757,45.66606664484248
1448276,45.66606664484248
1489645,131.92337591025642
1491279,131.92337591025642
1408337,131.92337591025642
1360068,56.84953417431313
1316400,56.84953417431313
1110618,56.84953417431313
1146271,402.99267957661584
1474849,402.99267957661584
1352055,402.99267957661584
1245977,195.95197876648706
1165288,195.89123127808176
1081099,195.89123127808176
1441467,69.80112009217684
1336838,195.95197876648706
1106150,195.89123127808176
1190084,72.91811059349153
1232610,72.91811059349153
1321845,72.91811059349153
1159511,213.62577458661838
1441739,212.9814107271406
1096623,213.62577458661838
1474925,83.72342200515234
1118719,83.72342200515234
1297074,33.064874309659736
1054861,213.62577458661838
1208736,213.62577458661838
1161439,213.62577458661838
1282737,89.70462824137277
1194305,89.70462824137277
1353044,89.70462824137277
1063225,45.66606664484248
1116078,49.13898965994467
1075416,33.151174695801714
1088172,33.151174695801714
1320248,213.62577458661838
1271591,213.62577458661838
1127237,213.62577458661838
1243020,367.66451142142944
1416839,367.66451142142944
1172788,367.66451142142944
1473056,69.80112009217684
1060753,69.80112009217684
1053540,254.25104551803662
1261815,254.25104551803662
1489999,264.80200255916003
1133739,72.91811059349153
1384693,72.91811059349153
1072117,213.62577458661838
1023989,212.9814107271406
1183974,213.62577458661838
1171351,83.72342200515234
1004475,83.72342200515234
1080300,76.45564088850853
1164653,33.064874309659736
1444590,33.151174695801714
1169717,213.62577458661838
1399692,213.62577458661838
1393811,213.62577458661838
1177147,25.013209964024856
1455218,25.013209964024856
1478944,89.70462824137277
1415824,89.70462824137277
1041241,89.70462824137277
1045506,45.66606664484248
1210059,77.03313137284691
1139397,49.13898965994467
1008295,33.151174695801714
1406978,33.151174695801714
1470180,33.151174695801714
1326956,213.62577458661838
1268964,213.62577458661838
1267165,679.6280553316877
1414458,679.6280553316877
1105486,679.6280553316877
1246396,25.013209964024856
1223814,69.80112009217684
1208097,69.80112009217684
1426257,380.42385538854455
1402266,380.42385538854455
1273610,679.6280553316877
1082679,72.91811059349153
1061395,72.91811059349153
1448891,72.91811059349153
1121802,545.377690469417
1017920,317.55939570701025
1220913,545.377690469417
1201769,72.91811059349153
1214790,72.91811059349153
1055980,72.91811059349153
1143296,178.513063500759
1161381,178.513063500759
1049400,178.513063500759
1388858,131.92337591025642
1367157,56.84953417431313
1056911,56.84953417431313
1363870,317.55939570701025
1206999,402.99267957661584
1220962,317.55939570701025
1244866,25.013209964024856
1161719,25.013209964024856
1492231,131.92337591025642
1492759,380.42385538854455
1408726,380.42385538854455
1337818,54.552970886915695
1136894,54.552970886915695
1050836,54.552970886915695
1157808,123.84940510274217
1438743,123.84940510274217
1092027,123.84940510274217
1286976,45.66606664484248
1244383,45.66606664484248
1220086,45.66606664484248
1014137,131.92337591025642
1460613,131.92337591025642
1269949,131.92337591025642
1022949,56.84953417431313
1118546,56.84953417431313
1006832,317.55939570701025
1461216,317.55939570701025
1333438,402.99267957661584
1014151,198.93980261403385
1196661,198.93980261403385
1072688,197.53784933288856
1161832,48.767932021816485
1146287,69.80112009217684
1329636,69.80112009217684
1113345,195.29333196690015
1079296,195.29333196690015
1245711,76.45564088850853
1312378,72.91811059349153
1280461,72.91811059349153
1132214,72.91811059349153
1013410,544.9287496724291
1315890,317.55939570701025
1453825,544.9287496724291
1137590,72.91811059349153
1046820,72.91811059349153
1100813,72.91811059349153
1213133,83.72342200515234
1119887,83.72342200515234
1339495,76.45564088850853
1172173,33.064874309659736
1250692,43.97285881075489
1000962,317.55939570701025
1122867,270.3361561994475
1367068,317.55939570701025
1181254,25.013209964024856
1411654,195.29333196690015
1154407,77.03313137284691
1477833,54.552970886915695
1422724,54.552970886915695
1112704,123.84940510274217
1346146,123.84940510274217
1108405,123.84940510274217
1194904,77.03313137284691
1448084,49.13898965994467
1266676,33.064874309659736
1099057,33.151174695801714
1188584,317.55939570701025
1230753,317.55939570701025
1237054,270.2189384224288
1161084,288.606101623183
1401228,288.606101623183
1493372,288.51677607585594
1395665,48.767932021816485
1002279,69.80112009217684
1424621,69.80112009217684
1256602,285.587156428317
1390004,285.587156428317
1146927,230.20741914489903
1057232,72.91811059349153
1319822,72.91811059349153
1353668,72.91811059349153
1157084,544.9287496724291
1115935,317.55939570701025
1033089,544.9287496724291
1090029,72.91811059349153
1464617,72.91811059349153
1209279,72.91811059349153
1039223,83.72342200515234
1152313,83.72342200515234
1198253,83.72342200515234
1356983,76.45564088850853
1375236,33.064874309659736
1276289,43.97285881075489
1188533,309.1097438937725
1163547,270.4663964279498
1089771,270.4663964279498
1449997,25.013209964024856
1261700,25.013209964024856
1098789,25.013209964024856
1119881,269.0524879976676
1174890,123.84940510274217
1194658,123.84940510274217
1354710,45.66606664484248
1276097,45.66606664484248
1451749,45.66606664484248
1260659,77.03313137284691
1342195,49.13898965994467
1177959,49.13898965994467
1346194,33.064874309659736
1081095,43.97285881075489
1228200,43.97285881075489
1400215,309.25859528339623
1101987,309.25859528339623
1280892,270.2189384224288
1207745,679.6280553316877
1158313,679.6280553316877
1326014,679.6280553316877
1040372,131.92337591025642
1405754,69.80112009217684
1251759,69.80112009217684
1094372,380.42385538854455
1113898,380.42385538854455
1351735,679.6280553316877
1305756,72.91811059349153
1144073,72.91811059349153
1219445,72.91811059349153
1399854,545.377690469417
1077708,317.55939570701025
1136982,545.377690469417
1168044,72.91811059349153
1301176,72.91811059349153
1045879,178.513063500759
1375132,178.513063500759
1224442,178.513063500759
1195553,131.92337591025642
1486052,56.84953417431313
1406304,56.84953417431313
1003371,402.99267957661584
1447908,402.99267957661584
1022766,402.99267957661584
1359162,25.013209964024856
1149541,25.013209964024856
1389512,25.013209964024856
1294598,123.84940510274217
1187407,123.84940510274217
1151085,123.84940510274217
1262007,45.66606664484248
1273205,45.66606664484248
1098767,45.66606664484248
1328665,131.92337591025642
1207902,131.92337591025642
1110134,131.92337591025642
1135750,56.84953417431313
1404904,56.84953417431313
1252213,56.84953417431313
1471895,1041.9174258812368
1370308,402.99267957661584
1488744,402.99267957661584
1312130,367.66451142142944
1432207,367.66451142142944
1067574,367.66451142142944
1497576,48.767932021816485
1173597,69.80112009217684
1463356,69.80112009217684
1476005,303.19865009999285
1226297,353.0304477757708
1312818,264.80200255916003
1170077,72.91811059349153
1132041,72.91811059349153
1144962,72.91811059349153
1180712,213.62577458661838
1420842,212.9814107271406
1048319,213.62577458661838
1062167,72.91811059349153
1281864,72.91811059349153
1310639,72.91811059349153
1316568,83.72342200515234
1470598,83.72342200515234
1126729,76.45564088850853
1187117,33.064874309659736
1231315,43.97285881075489
1193778,213.62577458661838
1497770,213.62577458661838
1296043,213.62577458661838
1109033,89.70462824137277
1253619,206.88397831927205
1015055,89.70462824137277
1323954,77.03313137284691
1236535,49.13898965994467
1291602,43.97285881075489
1034239,43.97285881075489
1487244,213.62577458661838
1432981,213.62577458661838
1413500,213.62577458661838
1240615,679.6280553316877
1125250,679.6280553316877
1049986,679.6280553316877
1432590,131.92337591025642
1064865,69.80112009217684
1462054,69.80112009217684
1175329,380.42385538854455
1231504,380.42385538854455
1310137,131.92337591025642
1176123,72.91811059349153
1267634,72.91811059349153
1397808,72.91811059349153
1489068,545.377690469417
1399261,317.55939570701025
1057026,545.377690469417
1157087,72.91811059349153
1221970,72.91811059349153
1055041,178.513063500759
1378097,178.513063500759
1154169,178.513063500759
1062376,131.92337591025642
1181839,56.84953417431313
1276632,56.84953417431313
1388270,317.55939570701025
1171130,272.88324961034596
1242759,317.55939570701025
1035528,25.013209964024856
1232845,25.013209964024856
1133643,25.013209964024856
1020633,380.42385538854455
1137724,380.42385538854455
1418017,380.42385538854455
1129706,54.552970886915695
1414426,54.552970886915695
1443244,54.552970886915695
1336913,123.84940510274217
1216868,123.84940510274217
1074099,123.84940510274217
1005733,45.66606664484248
1187232,45.66606664484248
1315006,131.92337591025642
1429640,131.92337591025642
1193124,131.92337591025642
1321067,56.84953417431313
1020914,56.84953417431313
1464172,56.84953417431313
1012356,317.55939570701025
1048213,317.55939570701025
1414658,272.88324961034596
1067356,679.6280553316877
1402145,679.6280553316877
1205618,679.6280553316877
1102348,131.92337591025642
1439251,69.80112009217684
1141169,69.80112009217684
1429174,380.42385538854455
1360530,380.42385538854455
1078717,131.92337591025642
1034750,72.91811059349153
1292295,72.91811059349153
1464006,72.91811059349153
1207416,545.377690469417
1081039,317.55939570701025
1038600,545.377690469417
1434474,72.91811059349153
1420970,72.91811059349153
1493390,178.513063500759
1062042,178.513063500759
1407930,178.513063500759
1309366,131.92337591025642
1494106,56.84953417431313
1253128,56.84953417431313
1230871,317.55939570701025
1103899,402.99267957661584
1178356,317.55939570701025
1270686,25.013209964024856
1461376,25.013209964024856
1055872,25.013209964024856
1027667,380.42385538854455
1150000,131.92337591025642
1035466,380.42385538854455
1015226,54.552970886915695
1004410,54.552970886915695
1225216,123.84940510274217
1261758,123.84940510274217
1009224,123.84940510274217
1164468,45.66606664484248
1234697,131.92337591025642
1072809,131.92337591025642
1405077,131.92337591025642
1133718,56.84953417431313
1090779,56.84953417431313
1220305,56.84953417431313
1455516,402.99267957661584
1077080,402.99267957661584
1381871,402.99267957661584
1497941,373.37273953705807
1405281,373.37273953705807
1184133,373.37273953705807
1297493,48.767932021816485
1351826,69.80112009217684
1351915,69.80112009217684
1303502,256.0759837508135
1103552,256.0759837508135
1074755,267.02492723476183
1054413,72.91811059349153
1100592,72.91811059349153
1265971,72.91811059349153
1062386,544.9287496724291
1005415,317.55939570701025
1454684,544.9287496724291
1098324,72.91811059349153
1463531,72.91811059349153
1128843,72.91811059349153
1200592,178.513063500759
1337305,178.513063500759
1130901,178.513063500759
1101312,76.45564088850853
1423243,33.064874309659736
1358603,43.97285881075489
1040493,309.17571821240165
1023439,270.52414956498524
1402530,270.52414956498524
1148734,25.013209964024856
1115378,25.013209964024856
1138163,123.84940510274217
1089398,123.84940510274217
1111393,269.0524879976676
1441237,45.66606664484248
1073593,45.66606664484248
1353069,45.66606664484248
1237302,77.03313137284691
1068099,49.13898965994467
1296768,49.13898965994467
1407946,33.064874309659736
1341469,43.97285881075489
1099372,33.151174695801714
1310892,309.3246012694244
1190768,309.3246012694244
1070732,270.2766389139939
1249505,201.99767683142636
1235991,201.93506461957222
1260972,201.93506461957222
1207552,48.767932021816485
1043700,69.80112009217684
1311764,69.80112009217684
1387118,200.33169986413515
1193391,201.2838941850263
1091807,198.47402156969744
1240478,72.91811059349153
1494088,72.91811059349153
1347537,72.91811059349153
1102292,544.9287496724291
1088345,212.9814107271406
1446214,544.9287496724291
1033631,83.72342200515234
1291932,83.72342200515234
1048558,33.064874309659736
1374367,43.97285881075489
1379701,309.17571821240165
1324376,270.52414956498524
1000116,270.52414956498524
1213448,25.013209964024856
1246867,182.86622978738308
1414636,182.86622978738308
1390449,89.70462824137277
1440242,77.03313137284691
1382211,49.13898965994467
1248175,49.13898965994467
1395486,33.064874309659736
1222155,43.8592119123437
1031664,309.3246012694244
1022670,309.3246012694244
1280365,270.2766389139939
1034558,195.89123127808176
1147078,195.1244002063272
1459822,195.89123127808176
1099677,193.89987933426218
1348084,193.89987933426218
1220274,76.45564088850853
1209309,72.91811059349153
1184750,72.91811059349153
1190011,213.62577458661838
1319480,212.9814107271406
1305176,213.62577458661838
1251039,83.72342200515234
1312629,212.9814107271406
1031682,213.62577458661838
1034125,212.9814107271406
1046291,43.8592119123437
1444323,89.70462824137277
1317716,89.70462824137277
1057421,89.70462824137277
1428458,212.9814107271406
1348068,212.9814107271406
1380958,213.62577458661838
1001797,267.02492723476183
1207458,267.02492723476183
1252167,267.02492723476183
1402459,48.767932021816485
1336623,69.80112009217684
1092234,69.80112009217684
1276698,256.0759837508135
1014174,256.0759837508135
1389987,76.45564088850853
1176492,72.91811059349153
1248265,72.91811059349153
1045510,72.91811059349153
1045443,544.9287496724291
1099568,317.55939570701025
1295338,544.9287496724291
1207102,72.91811059349153
1391315,72.91811059349153
1251276,72.91811059349153
1003702,83.72342200515234
1371347,83.72342200515234
1495432,83.72342200515234
1427121,76.45564088850853
1314783,33.064874309659736
1358927,33.151174695801714
1465453,317.55939570701025
1183611,270.3361561994475
1272052,317.55939570701025
1363954,25.013209964024856
1409502,25.013209964024856
1030133,256.0759837508135
1363671,256.0759837508135
1035001,256.0759837508135
1410185,54.552970886915695
1432211,54.552970886915695
1065392,54.552970886915695
1373418,123.84940510274217
1365940,123.84940510274217
1242870,123.84940510274217
1231479,45.66606664484248
1404091,45.66606664484248
1181234,77.03313137284691
1085163,49.13898965994467
1436870,49.13898965994467
1254416,40.139604277765535
1471032,43.97285881075489
1334116,33.151174695801714
1347256,309.1097438937725
1311604,309.1097438937725
1063501,270.2189384224288
1025721,544.4929369299253
1276142,544.6612396300808
1060806,544.4929369299253
1071661,131.92337591025642
1498066,69.80112009217684
1407735,69.80112009217684
1051651,333.6567896421292
1363995,333.7600423838407
1454364,523.3238485362073
1467138,72.91811059349153
1074197,72.91811059349153
1230896,72.91811059349153
1115906,544.9287496724291
1186445,317.55939570701025
1478644,544.9287496724291
1096482,72.91811059349153
1429191,72.91811059349153
1257617,72.91811059349153
1440883,178.513063500759
1021872,178.513063500759
1154559,178.513063500759
1095162,131.92337591025642
1300311,43.8592119123437
1389878,43.97285881075489
1412672,309.17571821240165
1155036,270.52414956498524
1112459,270.52414956498524
1133681,25.013209964024856
1218617,25.013209964024856
1190145,25.013209964024856
1262383,123.84940510274217
1331957,123.84940510274217
1481626,307.7369094479718
1134995,45.66606664484248
1285263,45.66606664484248
1106138,45.66606664484248
1175167,131.92337591025642
1205164,131.92337591025642
1483833,131.92337591025642
1496897,33.064874309659736
1074105,33.151174695801714
1465377,33.151174695801714
1106879,309.3246012694244
1150467,309.3246012694244
1116996,270.2766389139939
1185434,679.6280553316877
1266519,679.6280553316877
1353114,679.6280553316877
1129265,131.92337591025642
1252749,69.80112009217684
1162104,69.80112009217684
1193418,380.42385538854455
1284837,380.42385538854455
1363184,131.92337591025642
1191468,72.91811059349153
1078789,72.91811059349153
1136805,72.91811059349153
1405386,545.377690469417
1114322,317.55939570701025
1350211,545.377690469417
1278837,72.91811059349153
1172455,72.91811059349153
1478221,72.91811059349153
1098408,178.513063500759
1091951,178.513063500759
1099622,178.513063500759
1139472,131.92337591025642
1061430,56.84953417431313
1258982,56.84953417431313
1405793,317.55939570701025
1494572,272.88324961034596
1023532,317.55939570701025
1088540,25.013209964024856
1350522,25.013209964024856
1062543,380.42385538854455
1123146,380.42385538854455
1335657,380.42385538854455
1336480,54.552970886915695
1334472,54.552970886915695
1223905,54.552970886915695
1106947,123.84940510274217
1268382,123.84940510274217
1410375,123.84940510274217
1480252,45.66606664484248
1270897,45.66606664484248
1171323,131.92337591025642
1347721,131.92337591025642
1195122,131.92337591025642
1160060,56.84953417431313
1103877,56.84953417431313
1227192,56.84953417431313
1225674,317.55939570701025
1435797,317.55939570701025
1364079,272.88324961034596
1306281,195.95197876648706
1299709,195.89123127808176
1299648,195.89123127808176
1191925,48.767932021816485
1303294,69.80112009217684
1276615,69.80112009217684
1347235,195.89123127808176
1433729,195.95197876648706
1442624,193.89987933426218
1136999,72.91811059349153
1419217,72.91811059349153
1314342,213.62577458661838
1429773,212.9814107271406
1267876,213.62577458661838
1387167,83.72342200515234
1173342,33.064874309659736
1186948,43.97285881075489
1233252,213.62577458661838
1066977,213.62577458661838
1152418,213.62577458661838
1124445,25.013209964024856
1026138,182.86622978738308
1332514,182.86622978738308
1468716,206.88397831927205
1287492,77.03313137284691
1206863,49.13898965994467
1398867,33.064874309659736
1055136,43.97285881075489
1118702,33.151174695801714
1359875,213.62577458661838
1107202,213.62577458661838
1296158,213.62577458661838
1470774,265.4532736928047
1117544,264.80200255916003
1151189,265.4532736928047
1186842,48.767932021816485
1398197,69.80112009217684
1083741,69.80112009217684
1037042,254.25104551803662
1088465,254.25104551803662
1451012,76.45564088850853
1227620,72.91811059349153
1102512,72.91811059349153
1234887,72.91811059349153
1128433,213.62577458661838
1444037,212.9814107271406
1015740,213.62577458661838
1346922,72.91811059349153
1102942,72.91811059349153
1174075,83.72342200515234
1108936,83.72342200515234
1412117,83.72342200515234
1014965,76.45564088850853
1418316,33.064874309659736
1472488,33.151174695801714
1019856,212.9814107271406
1175542,213.62577458661838
1013232,212.9814107271406
1321001,254.25104551803662
1100828,254.25104551803662
1068732,353.0304477757708
1386147,54.552970886915695
1410568,54.552970886915695
1471314,89.70462824137277
1143781,89.70462824137277
1010375,89.70462824137277
1144387,45.66606664484248
1229377,45.66606664484248
1095558,45.66606664484248
1478260,77.03313137284691
1438799,49.13898965994467
1359239,49.13898965994467
1097687,33.064874309659736
1065465,33.151174695801714
1028748,33.151174695801714
1487448,1041.9174258812368
1331356,1041.9174258812368
1480686,213.62577458661838
1236999,679.6280553316877
1199822,679.6280553316877
1254681,679.6280553316877
1047669,131.92337591025642
1084506,69.80112009217684
1407062,69.80112009217684
1004423,380.42385538854455
1207875,380.42385538854455
1328513,131.92337591025642
1170969,72.91811059349153
1281563,72.91811059349153
1432075,72.91811059349153
1253965,545.377690469417
1444649,317.55939570701025
1152272,545.377690469417
1393567,72.91811059349153
1154663,72.91811059349153
1144903,178.513063500759
1329590,178.513063500759
1441678,178.513063500759
1001524,131.92337591025642
1440235,56.84953417431313
1437743,56.84953417431313
1468736,317.55939570701025
1325002,272.88324961034596
1255670,317.55939570701025
1054864,25.013209964024856
1057573,25.013209964024856
1006532,380.42385538854455
1276400,131.92337591025642
1086209,380.42385538854455
1325888,54.552970886915695
1269656,54.552970886915695
1219510,54.552970886915695
1402597,123.84940510274217
1254290,123.84940510274217
1207536,123.84940510274217
1358623,45.66606664484248
1106454,45.66606664484248
1096522,45.66606664484248
1497989,131.92337591025642
1034611,131.92337591025642
1145961,131.92337591025642
1241244,56.84953417431313
1335255,56.84953417431313
1167949,56.84953417431313
1215373,317.55939570701025
1245385,317.55939570701025
1299559,272.88324961034596
1402501,195.95197876648706
1356370,195.89123127808176
1244578,195.95197876648706
1402872,193.96001242441147
1373011,193.89987933426218
1099626,193.96001242441147
1240618,72.91811059349153
1313356,72.91811059349153
1063775,72.91811059349153
1351476,213.62577458661838
1423116,212.9814107271406
1026366,1041.9174258812368
1006892,83.72342200515234
1366540,83.72342200515234
1308211,83.72342200515234
1060946,76.45564088850853
1111869,33.064874309659736
1321821,43.8592119123437
1442998,213.62577458661838
1187281,213.62577458661838
1149992,213.62577458661838
1269393,89.70462824137277
1271415,89.70462824137277
1115599,182.86622978738308
1049715,77.03313137284691
1386843,33.064874309659736
1449443,213.62577458661838
1247790,213.62577458661838
1377409,213.62577458661838
1402068,679.6280553316877
1131692,679.6280553316877
1103707,679.6280553316877
1011869,131.92337591025642
1134421,69.80112009217684
1187227,69.80112009217684
1404182,380.42385538854455
1430582,380.42385538854455
1077995,679.6280553316877
1484671,72.91811059349153
1420778,72.91811059349153
1310109,72.91811059349153
1219340,545.377690469417
1483037,317.55939570701025
1278014,545.377690469417
1020009,72.91811059349153
1357861,72.91811059349153
1246537,72.91811059349153
1138911,178.513063500759
1072349,178.513063500759
1044205,131.92337591025642
1003775,56.84953417431313
1105139,56.84953417431313
1233795,402.99267957661584
1488993,402.99267957661584
1128989,402.99267957661584
1461060,25.013209964024856
1093258,25.013209964024856
1458579,123.84940510274217
1267831,123.84940510274217
1076102,123.84940510274217
1492794,45.66606664484248
1258414,45.66606664484248
1233270,45.66606664484248
1218069,131.92337591025642
1209101,131.92337591025642
1005839,131.92337591025642
1205721,56.84953417431313
1286663,56.84953417431313
1396005,56.84953417431313
1005991,402.99267957661584
1411749,402.99267957661584
1256153,402.99267957661584
1334064,373.37273953705807
1053700,373.37273953705807
1079711,373.37273953705807
1449942,48.767932021816485
1080233,69.80112009217684
1320661,69.80112009217684
1137255,256.0759837508135
1264796,358.0794382407501
1048031,267.02492723476183
1363159,72.91811059349153
1311397,72.91811059349153
1408686,72.91811059349153
1335629,213.62577458661838
1384967,212.9814107271406
1425196,213.62577458661838
1185945,72.91811059349153
1233671,83.72342200515234
1168634,83.72342200515234
1475193,76.45564088850853
1008215,33.064874309659736
1490942,43.97285881075489
1086613,213.62577458661838
1429213,213.62577458661838
1247277,213.62577458661838
1315521,25.013209964024856
1251613,25.013209964024856
1341539,25.013209964024856
1314843,89.70462824137277
1060246,89.70462824137277
1196722,89.70462824137277
1062489,45.66606664484248
1391156,45.66606664484248
1420868,77.03313137284691
1266795,49.13898965994467
1452943,49.13898965994467
1372739,33.151174695801714
1384170,33.151174695801714
1270445,213.62577458661838
1440443,213.62577458661838
1158748,213.62577458661838
1373369,679.6280553316877
1171380,679.6280553316877
1334250,679.6280553316877
1260574,131.92337591025642
1004325,69.80112009217684
1402074,69.80112009217684
1305204,380.42385538854455
1225037,380.42385538854455
1174606,131.92337591025642
1118582,72.91811059349153
1302852,72.91811059349153
1236914,72.91811059349153
1047047,545.377690469417
1219768,317.55939570701025
1449676,545.377690469417
1459390,72.91811059349153
1403792,178.513063500759
1181820,178.513063500759
1158592,178.513063500759
1106569,131.92337591025642
1460628,56.84953417431313
1456648,56.84953417431313
1074653,317.55939570701025
1172350,402.99267957661584
1064482,317.55939570701025
1035769,25.013209964024856
1092414,25.013209964024856
1187218,25.013209964024856
1309910,380.42385538854455
1064688,131.92337591025642
1208945,131.92337591025642
1223704,54.552970886915695
1342926,54.552970886915695
1016090,54.552970886915695
1084541,123.84940510274217
1006036,123.84940510274217
1271294,123.84940510274217
1293143,45.66606664484248
1380357,131.92337591025642
1394412,131.92337591025642
1045597,131.92337591025642
1242518,56.84953417431313
1425711,56.84953417431313
1236266,56.84953417431313
1391787,317.55939570701025
1018619,317.55939570701025
1439086,402.99267957661584
1487991,373.37273953705807
1460540,373.37273953705807
1421075,373.37273953705807
1337962,48.767932021816485
1205702,69.80112009217684
1216068,69.80112009217684
1416093,358.0794382407501
1106438,284.8980821156078
1187958,267.02492723476183
1461237,72.91811059349153
1493677,72.91811059349153
1346875,72.91811059349153
1047024,544.9287496724291
1179951,317.55939570701025
1272720,544.9287496724291
1009102,72.91811059349153
1102030,72.91811059349153
1357349,72.91811059349153
1254542,178.513063500759
1239839,178.513063500759
1142498,48.767932021816485
1479142,33.064874309659736
1127057,43.97285881075489
1143077,309.17571821240165
1315764,270.52414956498524
1076879,270.52414956498524
1117812,25.013209964024856
1171684,25.013209964024856
1187665,123.84940510274217
1150288,307.7369094479718
1092093,307.7369094479718
1447408,45.66606664484248
1331327,45.66606664484248
1478225,77.03313137284691
1247480,49.13898965994467
1105195,49.13898965994467
1439531,33.064874309659736
1079007,33.064874309659736
1068176,33.064874309659736
1396170,309.3246012694244
1334406,309.3246012694244
1014026,270.2766389139939
1352373,373.37273953705807
1243030,373.37273953705807
1041420,373.37273953705807
1319327,48.767932021816485
1410028,69.80112009217684
1139636,69.80112009217684
1036193,358.0794382407501
1003367,308.3133875137093
1387633,267.02492723476183
1332886,72.91811059349153
1080327,72.91811059349153
1013373,72.91811059349153
1078845,544.9287496724291
1240791,317.55939570701025
1474319,544.9287496724291
1494561,72.91811059349153
1150748,72.91811059349153
1140411,72.91811059349153
1440680,83.72342200515234
1067429,83.72342200515234
1160511,83.72342200515234
1065243,76.45564088850853
1279830,33.064874309659736
1030666,43.97285881075489
1433611,309.17571821240165
1333707,270.52414956498524
1266311,270.52414956498524
1103146,25.013209964024856
1491817,269.0524879976676
1212716,269.0524879976676
1301661,307.7369094479718
1233889,45.66606664484248
1342250,45.66606664484248
1079171,45.66606664484248
1132769,77.03313137284691
1177184,49.13898965994467
1162498,33.064874309659736
1226350,43.97285881075489
1353682,33.151174695801714
1144693,309.3246012694244
1200921,309.3246012694244
1098073,270.2766389139939
1083024,679.6280553316877
1496726,679.6280553316877
1222568,679.6280553316877
1118152,131.92337591025642
1474455,69.80112009217684
1344569,380.42385538854455
1362812,380.42385538854455
1357918,679.6280553316877
1427314,72.91811059349153
1177846,72.91811059349153
1447665,72.91811059349153
1180242,545.377690469417
1057980,317.55939570701025
1057989,545.377690469417
1494214,178.513063500759
1360415,178.513063500759
1474051,178.513063500759
1139545,131.92337591025642
1102908,56.84953417431313
1281533,56.84953417431313
1233530,311.8311780426093
1474190,272.88324961034596
1195458,272.88324961034596
1481613,25.013209964024856
1004249,123.84940510274217
1165001,123.84940510274217
1022162,123.84940510274217
1185155,45.66606664484248
1152177,131.92337591025642
1374738,131.92337591025642
1379639,131.92337591025642
1333423,56.84953417431313
1128407,56.84953417431313
1204473,56.84953417431313
1310544,311.8311780426093
1154591,311.8311780426093
1494201,272.88324961034596
1115748,373.37273953705807
1353589,373.37273953705807
1484676,373.37273953705807
1048616,48.767932021816485
1314508,69.80112009217684
1296975,69.80112009217684
1372115,358.0794382407501
1336189,256.0759837508135
1121324,267.02492723476183
1045996,72.91811059349153
1361706,72.91811059349153
1431483,72.91811059349153
1387232,544.9287496724291
1160893,212.9814107271406
1431384,544.9287496724291
1235837,72.91811059349153
1436037,72.91811059349153
1202680,72.91811059349153
1412587,83.72342200515234
1377286,83.72342200515234
1197461,83.72342200515234
1116597,33.064874309659736
1062507,33.064874309659736
1030306,309.1097438937725
1013660,270.3361561994475
1086030,270.4663964279498
1229602,25.013209964024856
1272184,25.013209964024856
1433035,89.70462824137277
1374038,89.70462824137277
1222840,89.70462824137277
1356273,45.66606664484248
1101932,45.66606664484248
1021010,77.03313137284691
1171411,49.13898965994467
1337490,49.13898965994467
1332396,33.151174695801714
1303811,43.97285881075489
1333733,33.064874309659736
1191789,309.1097438937725
1325792,309.1097438937725
1476106,270.2189384224288
1171225,198.8408231880495
1235681,198.8408231880495
1224499,198.9024807235865
1423465,48.767932021816485
1120552,69.80112009217684
1292401,69.80112009217684
1226546,196.88067309416985
1485369,196.88067309416985
1369288,76.45564088850853
1432305,72.91811059349153
1079777,72.91811059349153
1092628,72.91811059349153
1282588,213.62577458661838
1415191,212.9814107271406
1209550,213.62577458661838
1370271,72.91811059349153
1104842,83.72342200515234
1381859,83.72342200515234
1062232,83.72342200515234
1171522,76.45564088850853
1084587,33.064874309659736
1439204,33.151174695801714
1159953,212.9814107271406
1379917,213.62577458661838
1082924,212.9814107271406
1380277,25.013209964024856
1303074,25.013209964024856
1357053,77.03313137284691
1482844,196.88067309416985
1095958,54.552970886915695
1335161,54.552970886915695
1432554,54.552970886915695
1058867,89.70462824137277
1289214,89.70462824137277
1028000,89.70462824137277
1437271,45.66606664484248
1399943,45.66606664484248
1107949,77.03313137284691
1356581,49.13898965994467
1194491,33.064874309659736
1203992,33.151174695801714
1073984,33.151174695801714
1158974,212.9814107271406
1244952,212.9814107271406
1350959,213.62577458661838
1221985,267.02492723476183
1428233,267.02492723476183
1247118,267.02492723476183
1460736,48.767932021816485
1317327,69.80112009217684
1233024,69.80112009217684
1471569,256.0759837508135
1415077,256.0759837508135
1056913,76.45564088850853
1277505,72.91811059349153
1359182,72.91811059349153
1430948,213.62577458661838
1013760,212.9814107271406
1147147,213.62577458661838
1415890,72.91811059349153
1265084,83.72342200515234
1431945,83.72342200515234
1484655,76.45564088850853
1161020,33.064874309659736
1175530,212.9814107271406
1154338,213.62577458661838
1130574,212.9814107271406
1051940,25.013209964024856
1440445,25.013209964024856
1192440,256.0759837508135
1260322,77.03313137284691
1421768,256.0759837508135
1449682,54.552970886915695
1415276,54.552970886915695
1453255,89.70462824137277
1248669,89.70462824137277
1230958,89.70462824137277
1157877,45.66606664484248
1325572,77.03313137284691
1431659,49.13898965994467
1309583,49.13898965994467
1209010,43.8592119123437
1285811,33.151174695801714
1136992,33.151174695801714
1108246,212.9814107271406
1104829,212.9814107271406
1330971,213.62577458661838
1224992,267.02492723476183
1268353,267.02492723476183
1232469,267.02492723476183
1410483,48.767932021816485
1063825,69.80112009217684
1243528,69.80112009217684
1349678,256.0759837508135
1072684,256.0759837508135
1342993,76.45564088850853
1495669,72.91811059349153
1322377,72.91811059349153
1202457,72.91811059349153
1415501,544.9287496724291
1363882,212.9814107271406
1080956,544.9287496724291
1134020,72.91811059349153
1151908,72.91811059349153
1350192,83.72342200515234
1416559,83.72342200515234
1092576,83.72342200515234
1344385,76.45564088850853
1217656,33.064874309659736
1302415,33.151174695801714
1242600,212.9814107271406
1467152,270.3361561994475
1438001,212.9814107271406
1460611,25.013209964024856
1441014,25.013209964024856
1357398,256.0759837508135
1077114,256.0759837508135
1263663,256.0759837508135
1372445,54.552970886915695
1298212,54.552970886915695
1491344,54.552970886915695
1281588,89.70462824137277
1136004,89.70462824137277
1289149,89.70462824137277
1474421,45.66606664484248
1473813,45.66606664484248
1252840,77.03313137284691
1172252,49.13898965994467
1189064,49.13898965994467
1361099,33.064874309659736
1013719,33.151174695801714
1073519,33.151174695801714
1277293,212.9814107271406
1159227,212.9814107271406
1139762,270.2189384224288
1295739,198.8408231880495
1009685,198.8408231880495
1474772,198.8408231880495
1165673,48.767932021816485
1065468,69.80112009217684
1102053,69.80112009217684
1161784,198.06250435876063
1051139,198.9024807235865
1269039,196.81963916107793
1158737,72.91811059349153
1246489,72.91811059349153
1202461,72.91811059349153
1198164,213.62577458661838
1011440,213.62577458661838
1413230,213.62577458661838
1094332,83.72342200515234
1141137,33.064874309659736
1049606,43.97285881075489
1391442,213.62577458661838
1359351,213.62577458661838
1233267,213.62577458661838
1314748,25.013209964024856
1413495,182.86622978738308
1225930,89.70462824137277
1137875,89.70462824137277
1190701,43.8592119123437
1122832,33.151174695801714
1089220,43.97285881075489
1249809,213.62577458661838
1093731,213.62577458661838
1064557,213.62577458661838
1117909,292.9446382298154
1214618,292.9446382298154
1089335,292.85397451262736
1213475,48.767932021816485
1170902,69.80112009217684
1481946,289.8804667632378
1224868,233.74230708815404
1106482,233.67109565607413
1273502,72.91811059349153
1216168,72.91811059349153
1083594,544.9287496724291
1224295,212.9814107271406
1013278,544.9287496724291
1005855,72.91811059349153
1056709,72.91811059349153
1249671,83.72342200515234
1230380,83.72342200515234
1484433,83.72342200515234
1267040,76.45564088850853
1473223,33.064874309659736
1233669,309.17571821240165
1250796,270.52414956498524
1313401,270.52414956498524
1237110,25.013209964024856
1238242,25.013209964024856
1000121,182.86622978738308
1129558,182.86622978738308
1018802,89.70462824137277
1368711,77.03313137284691
1368971,49.13898965994467
1240209,49.13898965994467
1430887,33.064874309659736
1476123,33.151174695801714
1068042,43.97285881075489
1124650,309.3246012694244
1289201,309.3246012694244
1281401,270.2766389139939
1485491,373.37273953705807
1104767,373.37273953705807
1260343,373.37273953705807
1420693,48.767932021816485
1462062,69.80112009217684
1057642,69.80112009217684
1379980,256.0759837508135
1095043,256.0759837508135
1096435,267.02492723476183
1339708,72.91811059349153
1430712,72.91811059349153
1348620,72.91811059349153
1489978,544.9287496724291
1343050,317.55939570701025
1171803,544.9287496724291
1239136,72.91811059349153
1159926,72.91811059349153
1167786,83.72342200515234
1261300,83.72342200515234
1164093,83.72342200515234
1161124,76.45564088850853
1077741,48.767932021816485
1139047,43.97285881075489
1253918,309.1097438937725
1081347,270.4663964279498
1067587,270.4663964279498
1029248,25.013209964024856
1456841,25.013209964024856
1383133,123.84940510274217
1263414,269.0524879976676
1110768,307.7369094479718
1363668,45.66606664484248
1187183,45.66606664484248
1364266,77.03313137284691
1026176,49.13898965994467
1177476,49.13898965994467
1499793,33.064874309659736
1245784,43.97285881075489
1031113,43.97285881075489
1117382,309.25859528339623
1449051,309.25859528339623
1441522,270.2189384224288
1220040,199.00149068801363
1445037,198.93980261403385
1313829,199.00149068801363
1345555,69.80112009217684
1278499,69.80112009217684
1352264,195.35389498349699
1466161,197.36010305190408
1252687,76.45564088850853
1479808,72.91811059349153
1223345,72.91811059349153
1049411,72.91811059349153
1003384,213.62577458661838
1363984,212.9814107271406
1216354,213.62577458661838
1394628,83.72342200515234
1343435,83.72342200515234
1370718,76.45564088850853
1156018,33.064874309659736
1395048,213.62577458661838
1314516,213.62577458661838
1399258,213.62577458661838
1338874,25.013209964024856
1118069,25.013209964024856
1465660,89.70462824137277
1255031,89.70462824137277
1058944,89.70462824137277
1305598,45.66606664484248
1196241,77.03313137284691
1004788,49.13898965994467
1463684,33.151174695801714
1061891,43.97285881075489
1257545,43.97285881075489
1137317,213.62577458661838
1316766,213.62577458661838
1215009,213.62577458661838
1198616,373.37273953705807
1119975,373.37273953705807
1173978,373.37273953705807
1003325,48.767932021816485
1014959,69.80112009217684
1238676,256.0759837508135
1180681,307.53696646081386
1154031,267.02492723476183
1392618,72.91811059349153
1158959,72.91811059349153
1174657,72.91811059349153
1215383,544.9287496724291
1056737,317.55939570701025
1226869,544.9287496724291
1338426,83.72342200515234
1119609,83.72342200515234
1063798,33.064874309659736
1045972,43.97285881075489
1150952,309.1097438937725
1077779,270.4663964279498
1144441,270.4663964279498
1257450,25.013209964024856
1254802,123.84940510274217
1250391,269.0524879976676
1045722,123.84940510274217
1346647,45.66606664484248
1026834,45.66606664484248
1283298,77.03313137284691
1481903,49.13898965994467
1318877,49.13898965994467
1130427,43.8592119123437
1357694,43.97285881075489
1244100,43.97285881075489
1131178,309.25859528339623
1402295,309.25859528339623
1126893,270.2189384224288
1093651,679.6280553316877
1112711,679.6280553316877
1105210,679.6280553316877
1164254,131.92337591025642
1498407,69.80112009217684
1283105,69.80112009217684
1415914,380.42385538854455
1057017,380.42385538854455
1137052,679.6280553316877
1144252,72.91811059349153
1370833,72.91811059349153
1295518,72.91811059349153
1065864,545.377690469417
1166233,317.55939570701025
1209388,545.377690469417
1374893,72.91811059349153
1119217,72.91811059349153
1004773,178.513063500759
1248761,178.513063500759
1178734,178.513063500759
1098698,131.92337591025642
1044262,56.84953417431313
1053113,402.99267957661584
1309992,402.99267957661584
1307732,402.99267957661584
1417093,25.013209964024856
1326039,25.013209964024856
1233803,123.84940510274217
1099973,123.84940510274217
1409188,123.84940510274217
1369859,45.66606664484248
1251710,45.66606664484248
1152116,45.66606664484248
1363025,131.92337591025642
1267904,131.92337591025642
1269147,131.92337591025642
1001765,56.84953417431313
1392665,402.99267957661584
1261277,402.99267957661584
1422430,402.99267957661584
1106809,679.6280553316877
1353415,679.6280553316877
1368715,679.6280553316877
1087675,131.92337591025642
1336730,69.80112009217684
1332354,69.80112009217684
1456769,380.42385538854455
1190728,380.42385538854455
1268579,131.92337591025642
1217878,72.91811059349153
1106508,72.91811059349153
1006087,72.91811059349153
1402675,545.377690469417
1276630,317.55939570701025
1205256,545.377690469417
1445432,72.91811059349153
1009975,178.513063500759
1394741,178.513063500759
1275536,131.92337591025642
1158507,56.84953417431313
1269365,56.84953417431313
1204388,317.55939570701025
1068999,402.99267957661584
1370340,317.55939570701025
1252762,25.013209964024856
1154390,25.013209964024856
1394582,25.013209964024856
1149088,380.42385538854455
1386755,380.42385538854455
1299563,380.42385538854455
1491160,54.552970886915695
1230263,54.552970886915695
1011505,54.552970886915695
1446632,123.84940510274217
1415161,123.84940510274217
1228341,123.84940510274217
1056047,45.66606664484248
1278396,45.66606664484248
1005154,131.92337591025642
1312357,131.92337591025642
1370120,131.92337591025642
1255799,56.84953417431313
1115383,56.84953417431313
1118490,56.84953417431313
1493917,402.99267957661584
1487221,402.99267957661584
1149775,402.99267957661584
1460445,288.51677607585594
1448306,288.51677607585594
1431907,288.51677607585594
1401766,48.767932021816485
1047198,69.80112009217684
1002660,69.80112009217684
1366099,229.0507239510783
1292159,230.20624470665172
1373525,76.45564088850853
1049952,72.91811059349153
1377098,72.91811059349153
1198185,72.91811059349153
1256980,544.9287496724291
1010248,212.9814107271406
1080513,544.9287496724291
1081848,72.91811059349153
1054349,72.91811059349153
1233461,72.91811059349153
1313017,83.72342200515234
1105421,83.72342200515234
1339465,83.72342200515234
1063256,33.064874309659736
1013469,43.97285881075489
1375319,309.1097438937725
1366962,270.3361561994475
1317620,270.3361561994475
1127397,25.013209964024856
1250684,25.013209964024856
1102059,89.70462824137277
1281560,89.70462824137277
1392837,89.70462824137277
1279583,45.66606664484248
1225127,45.66606664484248
1188903,77.03313137284691
1320069,49.13898965994467
1081725,49.13898965994467
1288919,33.151174695801714
1098380,33.151174695801714
1141854,43.97285881075489
1471277,309.1097438937725
1485310,309.1097438937725
1057256,270.2189384224288
1443523,201.93506461957222
1242874,201.93506461957222
1028151,201.93506461957222
1302656,48.767932021816485
1431208,69.80112009217684
1473127,69.80112009217684
1249389,200.26960150300343
1270759,200.33169986413515
1220718,198.5355659347451
1429360,72.91811059349153
1141020,72.91811059349153
1325573,72.91811059349153
1165621,544.9287496724291
1386579,317.55939570701025
1089648,544.9287496724291
1210152,72.91811059349153
1013568,72.91811059349153
1269338,83.72342200515234
1462527,76.45564088850853
1094399,33.064874309659736
1197572,33.064874309659736
1127792,309.17571821240165
1290080,270.39388162851657
1160077,270.39388162851657
1439020,25.013209964024856
1129340,123.84940510274217
1198240,123.84940510274217
1123239,123.84940510274217
1402087,77.03313137284691
1104882,49.13898965994467
1155836,33.151174695801714
1057692,33.151174695801714
1045903,1041.9174258812368
1247162,1041.9174258812368
1447707,270.2766389139939
1450701,373.37273953705807
1119729,373.37273953705807
1463108,373.37273953705807
1004715,48.767932021816485
1055930,69.80112009217684
1258137,69.80112009217684
1220154,256.0759837508135
1425882,256.0759837508135
1023497,267.02492723476183
1410135,72.91811059349153
1265438,72.91811059349153
1414821,72.91811059349153
1116522,544.9287496724291
1443270,212.9814107271406
1263016,544.9287496724291
1018136,83.72342200515234
1451314,83.72342200515234
1038393,83.72342200515234
1403993,76.45564088850853
1274108,33.064874309659736
1188111,33.064874309659736
1342222,309.17571821240165
1057623,270.39388162851657
1324265,270.39388162851657
1438649,25.013209964024856
1073338,25.013209964024856
1082298,89.70462824137277
1110286,89.70462824137277
1266357,89.70462824137277
1138371,45.66606664484248
1298566,45.66606664484248
1430079,45.66606664484248
1375660,77.03313137284691
1319105,49.13898965994467
1361990,49.13898965994467
1337117,33.151174695801714
1092006,43.97285881075489
1379437,33.151174695801714
1315755,309.17571821240165
1101610,309.17571821240165
1212642,270.2766389139939
1257724,267.02492723476183
1466648,267.02492723476183
1254129,267.02492723476183
1046453,48.767932021816485
1417296,69.80112009217684
1103295,69.80112009217684
1288752,256.0759837508135
1460898,256.0759837508135
1045465,76.45564088850853
1429233,72.91811059349153
1428924,72.91811059349153
1179927,72.91811059349153
1401756,544.9287496724291
1482727,212.9814107271406
1412634,544.9287496724291
1122492,72.91811059349153
1051180,72.91811059349153
1076417,72.91811059349153
1297374,83.72342200515234
1204108,83.72342200515234
1021362,83.72342200515234
1390263,76.45564088850853
1363384,33.064874309659736
1116791,33.151174695801714
1326548,212.9814107271406
1433636,270.3361561994475
1481561,212.9814107271406
1034638,256.0759837508135
1230918,77.03313137284691
1242400,256.0759837508135
1115757,54.552970886915695
1041643,54.552970886915695
1287497,54.552970886915695
1306844,89.70462824137277
1200113,89.70462824137277
1078215,89.70462824137277
1298841,45.66606664484248
1392730,45.66606664484248
1198643,45.66606664484248
1020564,77.03313137284691
1154567,49.13898965994467
1225474,49.13898965994467
1248898,33.064874309659736
1170575,33.151174695801714
1413355,33.151174695801714
1113523,212.9814107271406
1356462,212.9814107271406
1174460,270.2189384224288
1040703,201.93506461957222
1009276,201.93506461957222
1348411,200.51210892999336
1235035,48.767932021816485
1435764,69.80112009217684
1109203,69.80112009217684
1310361,198.23396685547178
1173091,198.23396685547178
1201488,76.45564088850853
1416516,72.91811059349153
1156700,72.91811059349153
1135820,72.91811059349153
1477704,544.9287496724291
1178324,212.9814107271406
1198224,544.9287496724291
1308367,72.91811059349153
1260111,83.72342200515234
1298774,83.72342200515234
1295663,83.72342200515234
1084873,76.45564088850853
1238634,33.064874309659736
1237748,43.97285881075489
1143221,212.9814107271406
1228159,270.39388162851657
1349223,212.9814107271406
1056933,25.013209964024856
1424540,25.013209964024856
1484915,77.03313137284691
1111332,77.03313137284691
1063614,54.552970886915695
1301207,54.552970886915695
1053999,89.70462824137277
1118223,89.70462824137277
1450088,89.70462824137277
1230421,45.66606664484248
1068073,45.66606664484248
1197880,45.66606664484248
1094580,77.03313137284691
1172938,49.13898965994467
1029830,33.064874309659736
1359667,33.151174695801714
1377423,212.9814107271406
1310816,212.9814107271406
1316805,270.2766389139939
1259591,679.6280553316877
1167271,679.6280553316877
1201964,679.6280553316877
1049973,131.92337591025642
1185564,69.80112009217684
1047036,69.80112009217684
1209578,380.42385538854455
1416876,380.42385538854455
1113492,131.92337591025642
1029884,72.91811059349153
1497894,72.91811059349153
1300128,72.91811059349153
1300828,545.377690469417
1394735,317.55939570701025
1339641,545.377690469417
1395056,72.91811059349153
1015576,72.91811059349153
1328783,72.91811059349153
1208849,178.513063500759
1242697,178.513063500759
1359281,178.513063500759
1485050,131.92337591025642
1309096,56.84953417431313
1066654,56.84953417431313
1333325,317.55939570701025
1065376,402.99267957661584
1392342,317.55939570701025
1418086,25.013209964024856
1126584,25.013209964024856
1140959,25.013209964024856
1313505,380.42385538854455
1117255,380.42385538854455
1266859,380.42385538854455
1352627,54.552970886915695
1366366,54.552970886915695
1476169,54.552970886915695
1372662,123.84940510274217
1226797,123.84940510274217
1296700,123.84940510274217
1240353,45.66606664484248
1147081,45.66606664484248
1187416,45.66606664484248
1261102,131.92337591025642
1458629,131.92337591025642
1242716,131.92337591025642
1421036,56.84953417431313
1346652,56.84953417431313
1245436,56.84953417431313
1198242,402.99267957661584
1045821,317.55939570701025
1443036,402.99267957661584
1173972,679.6280553316877
1026093,679.6280553316877
1050787,679.6280553316877
1173917,131.92337591025642
1401571,69.80112009217684
1157221,69.80112009217684
1005375,380.42385538854455
1046037,380.42385538854455
1179494,131.92337591025642
1351594,72.91811059349153
1004476,72.91811059349153
1108850,72.91811059349153
1243144,545.377690469417
1152066,317.55939570701025
1222518,545.377690469417
1387120,72.91811059349153
1333542,72.91811059349153
1017181,72.91811059349153
1272397,178.513063500759
1435758,178.513063500759
1373049,178.513063500759
1408547,131.92337591025642
1428679,56.84953417431313
1244464,56.84953417431313
1384377,317.55939570701025
1488118,402.99267957661584
1228826,317.55939570701025
1245151,25.013209964024856
1095362,25.013209964024856
1069078,25.013209964024856
1049725,380.42385538854455
1187024,380.42385538854455
1135586,380.42385538854455
1277897,54.552970886915695
1269737,54.552970886915695
1027610,54.552970886915695
1365843,123.84940510274217
1086058,123.84940510274217
1219724,123.84940510274217
1199897,45.66606664484248
1416231,45.66606664484248
1391175,131.92337591025642
1140599,131.92337591025642
1099643,131.92337591025642
1088269,56.84953417431313
1073405,56.84953417431313
1055745,56.84953417431313
1472617,317.55939570701025
1230428,317.55939570701025
1040401,402.99267957661584
1113951,199.00149068801363
1095435,198.93980261403385
1363338,198.93980261403385
1349382,48.767932021816485
1035972,69.80112009217684
1285850,69.80112009217684
1116211,197.36010305190408
1221446,195.35389498349699
1067824,195.59047953226295
1325209,72.91811059349153
1250269,72.91811059349153
1422706,72.91811059349153
1276177,544.9287496724291
1129647,317.55939570701025
1270817,544.9287496724291
1205675,72.91811059349153
1374416,72.91811059349153
1371785,83.72342200515234
1437236,33.064874309659736
1342334,43.97285881075489
1015263,309.1097438937725
1005610,270.4663964279498
1207270,270.4663964279498
1328618,25.013209964024856
1263164,307.7369094479718
1370636,269.0524879976676
1052297,307.7369094479718
1234483,77.03313137284691
1344207,49.13898965994467
1194915,33.064874309659736
1450536,43.97285881075489
1114215,43.97285881075489
1076467,309.25859528339623
1013988,309.25859528339623
1410873,270.2189384224288
1026962,373.37273953705807
1003254,373.37273953705807
1267865,373.37273953705807
1226940,69.80112009217684
1332638,69.80112009217684
1105644,256.0759837508135
1336298,256.0759837508135
1443390,267.02492723476183
1314804,72.91811059349153
1179911,161.42500067071174
1005967,72.91811059349153
1419947,544.9287496724291
1364329,212.9814107271406
1229710,544.9287496724291
1215604,83.72342200515234
1188630,83.72342200515234
1019807,33.064874309659736
1397082,43.97285881075489
1004160,309.17571821240165
1009831,270.52414956498524
1386562,270.52414956498524
1204381,25.013209964024856
1318327,25.013209964024856
1087987,182.86622978738308
1057435,206.88397831927205
1178120,89.70462824137277
1259676,45.66606664484248
1482446,45.66606664484248
1079506,45.66606664484248
1239800,77.03313137284691
1431582,49.13898965994467
1003568,49.13898965994467
1344720,33.064874309659736
1440313,43.97285881075489
1191198,43.97285881075489
1437760,309.3246012694244
1279562,309.3246012694244
1204132,270.2766389139939
1398096,195.89123127808176
1494166,195.89123127808176
1219707,195.89123127808176
1317056,193.89987933426218
1281517,193.96001242441147
1015899,76.45564088850853
1154251,72.91811059349153
1216050,72.91811059349153
1270599,213.62577458661838
1217407,212.9814107271406
1095052,213.62577458661838
1309274,83.72342200515234
1095238,83.72342200515234
1170773,83.72342200515234
1076486,76.45564088850853
1350206,43.8592119123437
1276836,33.151174695801714
1157695,212.9814107271406
1010666,213.62577458661838
1436514,212.9814107271406
1147480,89.70462824137277
1218947,89.70462824137277
1050335,89.70462824137277
1171256,77.03313137284691
1271548,49.13898965994467
1461471,49.13898965994467
1303550,33.151174695801714
1197899,33.151174695801714
1223492,212.9814107271406
1058027,212.9814107271406
1342205,213.62577458661838
1359066,267.02492723476183
1191706,267.02492723476183
1051218,267.02492723476183
1194601,48.767932021816485
1463442,69.80112009217684
1391735,256.0759837508135
1237811,256.0759837508135
1015345,76.45564088850853
1306276,72.91811059349153
1281383,72.91811059349153
1019593,72.91811059349153
1239125,544.9287496724291
1494423,212.9814107271406
1231512,544.9287496724291
1198829,72.91811059349153
1330395,83.72342200515234
1090050,83.72342200515234
1285816,83.72342200515234
1452241,76.45564088850853
1306442,33.064874309659736
1080063,43.97285881075489
1242898,212.9814107271406
1180697,270.39388162851657
1111935,212.9814107271406
1233504,25.013209964024856
1282522,25.013209964024856
1224947,25.013209964024856
1102338,256.0759837508135
1036719,77.03313137284691
1061800,256.0759837508135
1004280,54.552970886915695
1081737,54.552970886915695
1240408,54.552970886915695
1423030,89.70462824137277
1180839,89.70462824137277
1235293,89.70462824137277
1402334,45.66606664484248
1455922,45.66606664484248
1086605,45.66606664484248
1324560,77.03313137284691
1258874,49.13898965994467
1464606,49.13898965994467
1320138,33.4631605902943
1140900,33.151174695801714
1265408,33.151174695801714
1299126,212.9814107271406
1034569,212.9814107271406
1142696,270.2766389139939
1138175,267.02492723476183
1105308,267.02492723476183
1109747,267.68164500409625
1050057,69.80112009217684
1490235,69.80112009217684
1126706,256.0759837508135
1372959,256.0759837508135
1030230,76.45564088850853
1294042,72.91811059349153
1050893,72.91811059349153
1499803,72.91811059349153
1223585,213.62577458661838
1464318,212.9814107271406
1363250,213.62577458661838
1465396,83.72342200515234
1062525,83.72342200515234
1282663,83.72342200515234
1377031,76.45564088850853
1120331,33.151174695801714
1406956,212.9814107271406
1091889,213.62577458661838
1211590,212.9814107271406
1317126,25.013209964024856
1074826,25.013209964024856
1013839,33.064874309659736
1085749,256.0759837508135
1377992,256.0759837508135
1050861,54.552970886915695
1348062,54.552970886915695
1428528,54.552970886915695
1205756,89.70462824137277
1109233,89.70462824137277
1037514,89.70462824137277
1121475,45.66606664484248
1135573,45.66606664484248
1288571,45.66606664484248
1382800,77.03313137284691
1344633,49.13898965994467
1231476,49.13898965994467
1377282,33.151174695801714
1157321,33.151174695801714
1391149,213.62577458661838
1017288,213.62577458661838
1324180,213.62577458661838
1264350,552.1082667017112
1121765,552.1082667017112
1458080,552.1082667017112
1226279,131.92337591025642
1198368,69.80112009217684
1434682,69.80112009217684
1339805,345.98465481657826
1316313,345.98465481657826
1259982,131.92337591025642
1295018,72.91811059349153
1324344,72.91811059349153
1318994,72.91811059349153
1297230,544.9287496724291
1143198,317.55939570701025
1247498,544.9287496724291
1326313,72.91811059349153
1155844,72.91811059349153
1395026,178.513063500759
1180389,178.513063500759
1164822,178.513063500759
1392770,131.92337591025642
1309919,33.064874309659736
1381318,33.151174695801714
1088812,317.55939570701025
1483907,270.3361561994475
1233536,317.55939570701025
1415482,25.013209964024856
1080169,25.013209964024856
1374582,345.98465481657826
1280402,345.98465481657826
1273131,345.98465481657826
1121169,54.552970886915695
1273251,54.552970886915695
1233241,54.552970886915695
1092200,123.84940510274217
1313319,123.84940510274217
1319982,123.84940510274217
1078039,45.66606664484248
1016178,45.66606664484248
1163661,131.92337591025642
1051496,131.92337591025642
1023579,131.92337591025642
1346863,33.064874309659736
1224175,33.151174695801714
1276697,33.151174695801714
1369746,317.55939570701025
1036027,317.55939570701025
1396041,270.2189384224288
1165135,373.37273953705807
1280129,373.37273953705807
1170036,373.37273953705807
1488157,48.767932021816485
1487745,69.80112009217684
1086065,69.80112009217684
1004297,256.0759837508135
1281725,284.8980821156078
1347240,267.02492723476183
1366721,72.91811059349153
1154649,72.91811059349153
1126082,72.91811059349153
1477870,544.9287496724291
1069963,317.55939570701025
1153258,544.9287496724291
1213120,72.91811059349153
1056340,72.91811059349153
1177540,72.91811059349153
1004822,178.513063500759
1345635,178.513063500759
1342550,76.45564088850853
1247389,33.064874309659736
1181846,43.97285881075489
1423783,309.1097438937725
1064603,270.4663964279498
1227396,270.4663964279498
1207359,25.013209964024856
1457058,123.84940510274217
1162178,123.84940510274217
1110725,269.0524879976676
1399983,45.66606664484248
1152804,45.66606664484248
1292007,77.03313137284691
1427732,49.13898965994467
1010463,49.13898965994467
1309036,43.8592119123437
1342610,33.064874309659736
1312991,33.151174695801714
1479327,309.25859528339623
1490132,309.25859528339623
1003511,270.2189384224288
1296483,288.51677607585594
1159992,288.51677607585594
1257518,288.51677607585594
1083984,48.767932021816485
1143378,69.80112009217684
1428130,69.80112009217684
1247809,229.6639644241797
1040825,230.20624470665172
1008440,76.45564088850853
1114881,72.91811059349153
1262540,72.91811059349153
1217335,72.91811059349153
1365771,544.9287496724291
1441890,212.9814107271406
1253878,544.9287496724291
1156598,72.91811059349153
1327940,72.91811059349153
1342187,72.91811059349153
1056722,83.72342200515234
1111500,83.72342200515234
1483718,83.72342200515234
1303708,48.767932021816485
1333239,33.064874309659736
1227875,309.1097438937725
1403092,270.3361561994475
1195341,270.3361561994475
1148358,25.013209964024856
1317712,25.013209964024856
1191899,25.013209964024856
1046904,89.70462824137277
1097512,89.70462824137277
1124932,89.70462824137277
1345447,45.66606664484248
1200189,45.66606664484248
1160436,77.03313137284691
1401432,49.13898965994467
1289683,49.13898965994467
1054533,33.151174695801714
1213514,33.151174695801714
1404278,309.1097438937725
1122707,309.1097438937725
1056683,270.2189384224288
1020966,201.93506461957222
1470747,201.99767683142636
1018571,201.99767683142636
1015655,48.767932021816485
1422465,69.80112009217684
1007336,69.80112009217684
1283002,199.79753580904003
1125834,198.2954371556617
1152981,198.47402156969744
1356764,72.91811059349153
1108099,72.91811059349153
1138894,72.91811059349153
1485722,544.9287496724291
1378174,212.9814107271406
1043846,544.9287496724291
1286080,72.91811059349153
1018712,72.91811059349153
1220358,83.72342200515234
1283339,83.72342200515234
1494589,76.45564088850853
1402753,33.064874309659736
1278056,309.17571821240165
1253078,270.39388162851657
1281581,270.39388162851657
1025533,25.013209964024856
1446457,89.70462824137277
1287283,89.70462824137277
1178769,89.70462824137277
1007301,45.66606664484248
1413481,45.66606664484248
1200731,77.03313137284691
1340912,33.151174695801714
1452440,43.97285881075489
1110848,33.151174695801714
1088449,309.17571821240165
1474845,309.17571821240165
1135110,270.2766389139939
1134786,679.6280553316877
1008071,679.6280553316877
1018869,679.6280553316877
1011543,131.92337591025642
1197470,69.80112009217684
1399101,69.80112009217684
1449984,380.42385538854455
1177098,380.42385538854455
1272083,131.92337591025642
1391435,72.91811059349153
1279057,72.91811059349153
1009044,72.91811059349153
1214752,545.377690469417
1078901,317.55939570701025
1287288,545.377690469417
1192132,72.91811059349153
1234402,72.91811059349153
1232750,72.91811059349153
1268984,178.513063500759
1073550,178.513063500759
1179236,178.513063500759
1061973,131.92337591025642
1330467,56.84953417431313
1355488,56.84953417431313
1185139,317.55939570701025
1051818,402.99267957661584
1397206,317.55939570701025
1252654,25.013209964024856
1418909,25.013209964024856
1386036,380.42385538854455
1002589,380.42385538854455
1198931,380.42385538854455
1225988,54.552970886915695
1076920,54.552970886915695
1161079,54.552970886915695
1236099,123.84940510274217
1195643,123.84940510274217
1307333,123.84940510274217
1467437,45.66606664484248
1020490,45.66606664484248
1465107,45.66606664484248
1121637,131.92337591025642
1408811,131.92337591025642
1003760,131.92337591025642
1155995,56.84953417431313
1399262,56.84953417431313
1238090,56.84953417431313
1446578,317.55939570701025
1386889,402.99267957661584
1273910,402.99267957661584
1001412,198.00110590391293
1495114,198.8408231880495
1271646,198.06250435876063
1332352,48.767932021816485
1211448,69.80112009217684
1372618,69.80112009217684
1421532,196.88067309416985
1239742,196.88067309416985
1391392,76.45564088850853
1468082,72.91811059349153
1249067,72.91811059349153
1416643,72.91811059349153
1364414,213.62577458661838
1350437,212.9814107271406
1091337,213.62577458661838
1127292,83.72342200515234
1072941,83.72342200515234
1184440,83.72342200515234
1329008,48.767932021816485
1064715,33.064874309659736
1218158,43.97285881075489
1449013,212.9814107271406
1323236,213.62577458661838
1211901,212.9814107271406
1458394,25.013209964024856
1390196,25.013209964024856
1325001,196.88067309416985
1249518,196.88067309416985
1303070,54.552970886915695
1089683,54.552970886915695
1162091,54.552970886915695
1211267,89.70462824137277
1180457,89.70462824137277
1411070,89.70462824137277
1283293,45.66606664484248
1244005,45.66606664484248
1299438,49.13898965994467
1188409,49.13898965994467
1050592,33.064874309659736
1036190,33.151174695801714
1184567,33.151174695801714
1148182,213.62577458661838
1015560,1041.9174258812368
1251542,213.62577458661838
1245457,679.6280553316877
1467164,679.6280553316877
1075689,679.6280553316877
1258805,131.92337591025642
1390444,69.80112009217684
1125927,69.80112009217684
1201006,380.42385538854455
1062733,380.42385538854455
1187527,131.92337591025642
1478521,72.91811059349153
1126260,72.91811059349153
1088641,72.91811059349153
1461461,545.377690469417
1246057,317.55939570701025
1224798,545.377690469417
1242930,178.513063500759
1133031,131.92337591025642
1313303,56.84953417431313
1003426,317.55939570701025
1429396,402.99267957661584
1400252,317.55939570701025
1485905,25.013209964024856
1108200,380.42385538854455
1277378,131.92337591025642
1316737,380.42385538854455
1031656,54.552970886915695
1427372,54.552970886915695
1326753,54.552970886915695
1166693,123.84940510274217
1196826,123.84940510274217
1254639,123.84940510274217
1471596,45.66606664484248
1308655,131.92337591025642
1407630,131.92337591025642
1360628,131.92337591025642
1396228,56.84953417431313
1384266,56.84953417431313
1369149,56.84953417431313
1101374,317.55939570701025
1284482,317.55939570701025
1455381,402.99267957661584
1306935,679.6280553316877
1399041,679.6280553316877
1129929,679.6280553316877
1230094,131.92337591025642
1186826,69.80112009217684
1029555,69.80112009217684
1234117,380.42385538854455
1342352,380.42385538854455
1364919,131.92337591025642
1479955,72.91811059349153
1456560,72.91811059349153
1105933,72.91811059349153
1339034,545.377690469417
1473553,317.55939570701025
1128832,545.377690469417
1327909,72.91811059349153
1141823,72.91811059349153
1115349,178.513063500759
1295236,178.513063500759
1257211,178.513063500759
1243692,131.92337591025642
1442994,56.84953417431313
1113589,56.84953417431313
1202702,317.55939570701025
1139996,402.99267957661584
1268487,317.55939570701025
1063639,25.013209964024856
1342445,25.013209964024856
1080952,25.013209964024856
1488050,380.42385538854455
1057752,380.42385538854455
1125151,380.42385538854455
1176349,54.552970886915695
1216741,54.552970886915695
1020876,54.552970886915695
1013212,123.84940510274217
1314432,123.84940510274217
1437923,123.84940510274217
1015842,45.66606664484248
1244026,45.66606664484248
1394171,131.92337591025642
1358455,131.92337591025642
1214772,131.92337591025642
1445388,56.84953417431313
1116026,56.84953417431313
1485405,56.84953417431313
1115994,317.55939570701025
1088835,317.55939570701025
1223314,402.99267957661584
1117594,679.6280553316877
1246456,679.6280553316877
1384107,679.6280553316877
1243607,131.92337591025642
1078594,69.80112009217684
1424863,69.80112009217684
1401181,380.42385538854455
1186995,380.42385538854455
1158925,679.6280553316877
1194476,72.91811059349153
1356515,72.91811059349153
1063805,72.91811059349153
1026340,545.377690469417
1314539,317.55939570701025
1304421,545.377690469417
1026497,72.91811059349153
1243434,72.91811059349153
1349423,72.91811059349153
1440330,178.513063500759
1413653,178.513063500759
1443157,178.513063500759
1470635,131.92337591025642
1096268,56.84953417431313
1393626,56.84953417431313
1177199,402.99267957661584
1419882,402.99267957661584
1193613,402.99267957661584
1094126,25.013209964024856
1163148,25.013209964024856
1331608,25.013209964024856
1225453,307.7369094479718
1100128,269.0524879976676
1152619,123.84940510274217
1465064,45.66606664484248
1197882,45.66606664484248
1204356,45.66606664484248
1450571,131.92337591025642
1146852,131.92337591025642
1465517,131.92337591025642
1170587,56.84953417431313
1008749,56.84953417431313
1383333,56.84953417431313
1054024,402.99267957661584
1492548,402.99267957661584
1471695,402.99267957661584
1492614,198.93980261403385
1203473,198.93980261403385
1079689,198.93980261403385
1341115,48.767932021816485
1272743,69.80112009217684
1090971,69.80112009217684
1143939,195.29333196690015
1213249,195.35389498349699
1160226,195.52984354398447
1164145,72.91811059349153
1359621,72.91811059349153
1187272,544.9287496724291
1382421,212.9814107271406
1150058,544.9287496724291
1191625,72.91811059349153
1233904,83.72342200515234
1233177,83.72342200515234
1076029,76.45564088850853
1046255,33.064874309659736
1322786,43.97285881075489
1015528,309.1097438937725
1282016,270.4663964279498
1452067,270.4663964279498
1492120,25.013209964024856
1466652,25.013209964024856
1288325,89.70462824137277
1037408,206.88397831927205
1365916,182.86622978738308
1284677,77.03313137284691
1495316,49.13898965994467
1076663,33.064874309659736
1497718,33.151174695801714
1122583,43.8592119123437
1325982,309.25859528339623
1208934,309.25859528339623
1321456,270.2189384224288
1497813,367.66451142142944
1008981,367.66451142142944
1157473,367.66451142142944
1426499,48.767932021816485
1308175,69.80112009217684
1241732,254.25104551803662
1334443,254.25104551803662
1075943,264.80200255916003
1212040,72.91811059349153
1053730,72.91811059349153
1397334,72.91811059349153
1268218,213.62577458661838
1451189,212.9814107271406
1331816,213.62577458661838
1366276,83.72342200515234
1451380,83.72342200515234
1349650,43.97285881075489
1495032,213.62577458661838
1135341,213.62577458661838
1205389,213.62577458661838
1481863,89.70462824137277
1231863,89.70462824137277
1265192,89.70462824137277
1249151,45.66606664484248
1348889,45.66606664484248
1053804,77.03313137284691
1086984,49.13898965994467
1199192,43.97285881075489
1306328,43.97285881075489
1357661,213.62577458661838
1248502,213.62577458661838
1117929,213.62577458661838
1255407,373.37273953705807
1462608,373.37273953705807
1194957,373.37273953705807
1489860,48.767932021816485
1369461,69.80112009217684
1341913,69.80112009217684
1080389,256.0759837508135
1434408,307.53696646081386
1169445,267.02492723476183
1298757,72.91811059349153
1170261,72.91811059349153
1075384,72.91811059349153
1258354,1041.9174258812368
1297968,212.9814107271406
1329810,544.9287496724291
1029581,72.91811059349153
1254729,72.91811059349153
1217471,72.91811059349153
1409129,83.72342200515234
1323505,83.72342200515234
1292034,83.72342200515234
1242088,76.45564088850853
1181744,33.064874309659736
1483645,33.064874309659736
1318631,309.1097438937725
1201137,270.3361561994475
1320819,270.4663964279498
1084671,25.013209964024856
1353433,25.013209964024856
1052630,25.013209964024856
1289665,206.88397831927205
1131674,89.70462824137277
1099347,89.70462824137277
1401309,45.66606664484248
1211649,45.66606664484248
1249940,45.66606664484248
1015328,77.03313137284691
1268573,49.13898965994467
1236946,49.13898965994467
1181712,33.064874309659736
1053488,43.8592119123437
1134014,309.1097438937725
1253246,309.25859528339623
1158599,270.2189384224288
1123214,373.37273953705807
1161630,373.37273953705807
1034885,267.02492723476183
1448825,48.767932021816485
1120835,69.80112009217684
1436307,69.80112009217684
1121988,256.0759837508135
1163226,256.0759837508135
1111122,76.45564088850853
1401754,72.91811059349153
1480288,72.91811059349153
1053207,72.91811059349153
1349184,544.9287496724291
1271696,212.9814107271406
1169730,544.9287496724291
1113162,72.91811059349153
1477586,72.91811059349153
1288584,83.72342200515234
1433314,83.72342200515234
1240273,83.72342200515234
1407667,76.45564088850853
1476887,33.064874309659736
1105919,33.151174695801714
1251406,212.9814107271406
1223600,270.3361561994475
1083097,212.9814107271406
1450412,25.013209964024856
1190838,25.013209964024856
1434166,25.013209964024856
1322878,77.03313137284691
1061276,77.03313137284691
1210001,256.0759837508135
1207310,54.552970886915695
1106904,54.552970886915695
1012771,54.552970886915695
1161036,89.70462824137277
1106662,89.70462824137277
1047465,89.70462824137277
1415287,45.66606664484248
1011931,77.03313137284691
1281482,49.13898965994467
1403343,49.13898965994467
1321976,33.064874309659736
1307302,33.151174695801714
1410444,33.151174695801714
1432009,212.9814107271406
1086708,212.9814107271406
1246312,270.2189384224288
1108704,267.68164500409625
1029294,267.02492723476183
1160680,267.02492723476183
1049158,48.767932021816485
1174176,69.80112009217684
1278821,256.0759837508135
1478370,256.0759837508135
1312971,76.45564088850853
1466260,72.91811059349153
1145664,72.91811059349153
1091873,72.91811059349153
1388739,213.62577458661838
1123649,212.9814107271406
1346060,213.62577458661838
1073283,72.91811059349153
1180736,72.91811059349153
1335892,83.72342200515234
1419869,83.72342200515234
1062551,76.45564088850853
1170240,33.064874309659736
1116916,43.97285881075489
1221310,212.9814107271406
1367131,213.62577458661838
1434558,212.9814107271406
1260085,25.013209964024856
1426036,25.013209964024856
1427226,256.0759837508135
1322332,256.0759837508135
1133401,256.0759837508135
1291135,54.552970886915695
1041163,54.552970886915695
1386673,54.552970886915695
1474949,89.70462824137277
1176325,89.70462824137277
1432968,89.70462824137277
1220063,45.66606664484248
1039116,77.03313137284691
1189397,49.13898965994467
1345375,49.13898965994467
1118233,33.064874309659736
1250158,33.151174695801714
1465066,33.151174695801714
1304645,213.62577458661838
1237295,213.62577458661838
1487998,213.62577458661838
1481640,200.57428211272605
1317164,200.57428211272605
1304520,200.51210892999336
1492792,48.767932021816485
1374168,69.80112009217684
1088611,69.80112009217684
1439151,198.23396685547178
1195576,198.23396685547178
1483750,76.45564088850853
1062418,72.91811059349153
1059894,72.91811059349153
1347832,72.91811059349153
1483614,544.9287496724291
1190208,317.55939570701025
1202850,544.9287496724291
1298775,83.72342200515234
1359223,83.72342200515234
1093737,83.72342200515234
1187473,76.45564088850853
1199424,33.064874309659736
1308216,33.151174695801714
1159875,317.55939570701025
1322431,270.39388162851657
1085341,317.55939570701025
1089204,25.013209964024856
1336904,198.2954371556617
1208448,77.03313137284691
1062961,54.552970886915695
1027373,54.552970886915695
1308725,54.552970886915695
1484976,123.84940510274217
1375569,123.84940510274217
1355980,123.84940510274217
1135504,45.66606664484248
1073318,45.66606664484248
1222266,77.03313137284691
1377152,49.13898965994467
1094996,49.13898965994467
1286897,33.064874309659736
1228388,33.151174695801714
1081769,33.151174695801714
1246239,317.55939570701025
1449224,317.55939570701025
1271981,270.2766389139939
1485637,292.9446382298154
1039889,292.9446382298154
1475390,292.85397451262736
1229473,48.767932021816485
1235986,69.80112009217684
1080282,255.1732453130456
1277521,233.74230708815404
1043169,233.67109565607413
1284152,72.91811059349153
1356966,72.91811059349153
1253476,544.9287496724291
1066603,317.55939570701025
1067839,544.9287496724291
1447666,72.91811059349153
1074218,72.91811059349153
1423664,72.91811059349153
1298065,178.513063500759
1280070,178.513063500759
1137944,178.513063500759
1220571,76.45564088850853
1176816,33.064874309659736
1141693,43.97285881075489
1325594,309.17571821240165
1439857,270.52414956498524
1022986,270.52414956498524
1378610,25.013209964024856
1339820,307.7369094479718
1410872,307.7369094479718
1203499,123.84940510274217
1262302,45.66606664484248
1386974,45.66606664484248
1413707,77.03313137284691
1424985,49.13898965994467
1059461,49.13898965994467
1012027,33.064874309659736
1082700,43.97285881075489
1398879,33.151174695801714
1221540,309.3246012694244
1176220,309.3246012694244
1335217,270.2766389139939
1375145,679.6280553316877
1232446,679.6280553316877
1219527,679.6280553316877
1092729,131.92337591025642
1050512,69.80112009217684
1184847,69.80112009217684
1120021,380.42385538854455
1233269,380.42385538854455
1279653,679.6280553316877
1217530,72.91811059349153
1042152,72.91811059349153
1328139,72.91811059349153
1253767,545.377690469417
1112072,317.55939570701025
1314712,545.377690469417
1308254,72.91811059349153
1089466,72.91811059349153
1208353,72.91811059349153
1062487,178.513063500759
1119057,178.513063500759
1153580,178.513063500759
1219740,131.92337591025642
1010045,56.84953417431313
1187793,56.84953417431313
1020875,317.55939570701025
1371692,402.99267957661584
1492646,317.55939570701025
1161652,25.013209964024856
1497911,25.013209964024856
1004232,25.013209964024856
1115848,380.42385538854455
1213692,380.42385538854455
1002479,380.42385538854455
1352791,54.552970886915695
1022048,54.552970886915695
1157925,54.552970886915695
1186515,123.84940510274217
1319069,123.84940510274217
1037754,123.84940510274217
1085711,45.66606664484248
1004153,45.66606664484248
1238303,131.92337591025642
1378441,131.92337591025642
1462001,131.92337591025642
1196539,56.84953417431313
1161308,56.84953417431313
1397871,56.84953417431313
1037885,1041.9174258812368
1319718,1041.9174258812368
1390667,402.99267957661584
1233869,679.6280553316877
1466568,679.6280553316877
1426126,679.6280553316877
1101512,131.92337591025642
1395659,69.80112009217684
1458507,69.80112009217684
1477758,380.42385538854455
1144948,380.42385538854455
1254131,131.92337591025642
1217244,72.91811059349153
1406743,72.91811059349153
1324643,72.91811059349153
1324958,545.377690469417
1424470,317.55939570701025
1092214,545.377690469417
1344049,72.91811059349153
1412025,72.91811059349153
1413454,178.513063500759
1031835,178.513063500759
1422855,178.513063500759
1086615,131.92337591025642
1323979,56.84953417431313
1043534,56.84953417431313
1050959,402.99267957661584
1154217,402.99267957661584
1144372,402.99267957661584
1173361,25.013209964024856
1351470,25.013209964024856
1407648,25.013209964024856
1023444,123.84940510274217
1096870,123.84940510274217
1099632,123.84940510274217
1487270,45.66606664484248
1062966,131.92337591025642
1100362,131.92337591025642
1170010,131.92337591025642
1355770,56.84953417431313
1434827,56.84953417431313
1379557,56.84953417431313
1138409,402.99267957661584
1216607,402.99267957661584
1140632,402.99267957661584
1262649,198.8408231880495
1454285,198.8408231880495
1313597,198.9024807235865
1308392,69.80112009217684
1383499,69.80112009217684
1182008,196.81963916107793
1108691,196.81963916107793
1010460,76.45564088850853
1297433,72.91811059349153
1086204,72.91811059349153
1483482,72.91811059349153
1225876,213.62577458661838
1246650,212.9814107271406
1257911,213.62577458661838
1125328,83.72342200515234
1197754,83.72342200515234
1344086,83.72342200515234
1424511,76.45564088850853
1221607,33.151174695801714
1204510,212.9814107271406
1199994,1041.9174258812368
1484697,1041.9174258812368
1176447,196.88067309416985
1183783,196.88067309416985
1206185,77.03313137284691
1299729,89.70462824137277
1388295,89.70462824137277
1406361,89.70462824137277
1067321,45.66606664484248
1234400,45.66606664484248
1120564,45.66606664484248
1489262,49.13898965994467
1425117,33.4631605902943
1198791,43.97285881075489
1089505,43.97285881075489
1190103,213.62577458661838
1280026,213.62577458661838
1387983,213.62577458661838
1476535,232.56973637727674
1301842,232.56973637727674
1292390,232.56973637727674
1165522,48.767932021816485
1009702,227.93844508974954
1350701,227.86783175737463
1398262,76.45564088850853
1191829,72.91811059349153
1025776,72.91811059349153
1378503,72.91811059349153
1118621,544.9287496724291
1056163,212.9814107271406
1101710,544.9287496724291
1458214,72.91811059349153
1259675,72.91811059349153
1037655,83.72342200515234
1409671,83.72342200515234
1177882,83.72342200515234
1474866,76.45564088850853
1374584,43.8592119123437
1190669,43.97285881075489
1352572,212.9814107271406
1005746,1041.9174258812368
1411245,1041.9174258812368
1238801,25.013209964024856
1115132,227.86783175737463
1060474,227.93844508974954
1228275,227.93844508974954
1434146,54.552970886915695
1200598,54.552970886915695
1441064,54.552970886915695
1141743,89.70462824137277
1302001,89.70462824137277
1486369,89.70462824137277
1246974,45.66606664484248
1248779,45.66606664484248
1339197,45.66606664484248
1402996,77.03313137284691
1449142,49.13898965994467
1418001,49.13898965994467
1146210,43.97285881075489
1187686,43.97285881075489
1418147,309.17571821240165
1485809,309.17571821240165
1043605,270.2766389139939
1080847,267.02492723476183
1398435,267.02492723476183
1371135,297.0745674394458
1043720,48.767932021816485
1025542,69.80112009217684
1119951,69.80112009217684
1480585,256.0759837508135
1234168,256.0759837508135
1087004,76.45564088850853
1442356,72.91811059349153
1083028,72.91811059349153
1321966,72.91811059349153
1098456,544.9287496724291
1063221,212.9814107271406
1440344,544.9287496724291
1154798,72.91811059349153
1131843,72.91811059349153
1024786,83.72342200515234
1018646,83.72342200515234
1161371,83.72342200515234
1048501,76.45564088850853
1023603,33.064874309659736
1319320,33.151174695801714
1141028,212.9814107271406
1473886,1041.9174258812368
1179187,1041.9174258812368
1055877,25.013209964024856
1268268,25.013209964024856
1486257,25.013209964024856
1306275,256.0759837508135
1066926,256.0759837508135
1120725,256.0759837508135
1398797,54.552970886915695
1303545,54.552970886915695
1108197,54.552970886915695
1017418,89.70462824137277
1448674,89.70462824137277
1246959,89.70462824137277
1438615,45.66606664484248
1207693,45.66606664484248
1074655,77.03313137284691
1207218,49.13898965994467
1341714,49.13898965994467
1153639,33.064874309659736
1327333,43.97285881075489
1110397,43.97285881075489
1079487,309.17571821240165
1321232,309.17571821240165
1340547,270.2766389139939
1419545,679.6280553316877
1438700,679.6280553316877
1490626,679.6280553316877
1445257,131.92337591025642
1220195,69.80112009217684
1493330,69.80112009217684
1474661,380.42385538854455
1139300,380.42385538854455
1356975,679.6280553316877
1058569,72.91811059349153
1168881,72.91811059349153
1243006,72.91811059349153
1231562,545.377690469417
1380398,317.55939570701025
1451076,545.377690469417
1290880,72.91811059349153
1175047,72.91811059349153
1262231,72.91811059349153
1225233,178.513063500759
1058055,178.513063500759
1442612,178.513063500759
1482028,131.92337591025642
1313959,56.84953417431313
1443246,56.84953417431313
1333880,402.99267957661584
1278260,1041.9174258812368
1111993,1041.9174258812368
1423053,25.013209964024856
1156628,25.013209964024856
1412836,25.013209964024856
1060602,123.84940510274217
1045125,123.84940510274217
1471235,123.84940510274217
1187402,45.66606664484248
1301591,45.66606664484248
1016003,131.92337591025642
1081991,131.92337591025642
1277408,131.92337591025642
1207788,56.84953417431313
1245764,56.84953417431313
1317197,56.84953417431313
1040219,402.99267957661584
1173687,402.99267957661584
1296046,402.99267957661584
1436947,373.37273953705807
1463455,373.37273953705807
1494714,48.767932021816485
1476851,69.80112009217684
1299966,69.80112009217684
1326395,256.0759837508135
1345683,256.0759837508135
1101904,267.02492723476183
1441260,72.91811059349153
1446201,72.91811059349153
1190997,72.91811059349153
1301304,544.9287496724291
1144863,212.9814107271406
1174088,544.9287496724291
1051272,72.91811059349153
1011891,72.91811059349153
1002603,72.91811059349153
1122401,83.72342200515234
1488449,83.72342200515234
1373162,83.72342200515234
1457528,76.45564088850853
1324129,33.064874309659736
1380755,43.97285881075489
1088344,309.1097438937725
1187657,1041.9174258812368
1217625,1041.9174258812368
1010075,25.013209964024856
1366226,25.013209964024856
1318189,25.013209964024856
1023440,89.70462824137277
1440463,206.88397831927205
1236945,206.88397831927205
1025898,45.66606664484248
1364592,45.66606664484248
1255632,45.66606664484248
1015273,49.13898965994467
1319788,49.13898965994467
1077979,49.13898965994467
1008708,33.064874309659736
1366207,43.8592119123437
1068662,43.8592119123437
1401313,309.25859528339623
1053169,309.25859528339623
1031733,270.2189384224288
1039351,679.6280553316877
1458788,679.6280553316877
1054832,679.6280553316877
1039434,131.92337591025642
1203731,69.80112009217684
1265885,69.80112009217684
1137245,380.42385538854455
1005108,380.42385538854455
1495360,131.92337591025642
1008310,72.91811059349153
1247851,72.91811059349153
1123603,72.91811059349153
1190755,545.377690469417
1327025,317.55939570701025
1480777,545.377690469417
1445154,72.91811059349153
1092272,72.91811059349153
1404661,72.91811059349153
1182532,178.513063500759
1018735,178.513063500759
1354339,178.513063500759
1022252,131.92337591025642
1134200,56.84953417431313
1174768,56.84953417431313
1247585,317.55939570701025
1158273,1041.9174258812368
1388974,1041.9174258812368
1203113,25.013209964024856
1307339,25.013209964024856
1283478,25.013209964024856
1260334,380.42385538854455
1159714,380.42385538854455
1240702,380.42385538854455
1046412,54.552970886915695
1416216,54.552970886915695
1399206,54.552970886915695
1191200,123.84940510274217
1350025,123.84940510274217
1182678,123.84940510274217
1303698,45.66606664484248
1269144,45.66606664484248
1057182,45.66606664484248
1358932,131.92337591025642
1479104,131.92337591025642
1143283,131.92337591025642
1178919,56.84953417431313
1264605,56.84953417431313
1451598,56.84953417431313
1351595,317.55939570701025
1210385,402.99267957661584
1331672,402.99267957661584
1452835,373.37273953705807
1107789,267.02492723476183
1040567,267.02492723476183
1321701,48.767932021816485
1060939,69.80112009217684
1368710,69.80112009217684
1269822,256.0759837508135
1205987,256.0759837508135
1083211,76.45564088850853
1124507,72.91811059349153
1489316,72.91811059349153
1363348,72.91811059349153
1455580,544.9287496724291
1292670,212.9814107271406
1253435,544.9287496724291
1064665,83.72342200515234
1421206,83.72342200515234
1305159,83.72342200515234
1492774,76.45564088850853
1234039,33.064874309659736
1338235,212.9814107271406
1024727,1041.9174258812368
1310745,1041.9174258812368
1200785,25.013209964024856
1119669,25.013209964024856
1037739,256.0759837508135
1120329,256.0759837508135
1394634,256.0759837508135
1073553,54.552970886915695
1448370,54.552970886915695
1486661,89.70462824137277
1187584,89.70462824137277
1356002,89.70462824137277
1204487,45.66606664484248
1262046,77.03313137284691
1157702,49.13898965994467
1092873,49.13898965994467
1093184,33.064874309659736
1393228,43.97285881075489
1325788,43.97285881075489
1144332,309.17571821240165
1366879,212.9814107271406
1420568,270.2766389139939
1342909,679.6280553316877
1064720,679.6280553316877
1364543,679.6280553316877
1125921,131.92337591025642
1348282,69.80112009217684
1016091,69.80112009217684
1202667,380.42385538854455
1261517,380.42385538854455
1369586,131.92337591025642
1160121,72.91811059349153
1106959,72.91811059349153
1342441,72.91811059349153
1316821,545.377690469417
1210130,317.55939570701025
1140643,545.377690469417
1135420,72.91811059349153
1492186,72.91811059349153
1249257,72.91811059349153
1429990,178.513063500759
1116838,178.513063500759
1117923,178.513063500759
1330209,131.92337591025642
1038561,56.84953417431313
1478318,56.84953417431313
1024894,317.55939570701025
1392430,1041.9174258812368
1213478,1041.9174258812368
1345224,25.013209964024856
1310051,25.013209964024856
1173186,25.013209964024856
1169576,380.42385538854455
1485377,380.42385538854455
1177585,380.42385538854455
1345983,54.552970886915695
1099423,54.552970886915695
1221805,54.552970886915695
1441768,123.84940510274217
1395760,123.84940510274217
1313089,123.84940510274217
1390256,45.66606664484248
1248845,45.66606664484248
1156707,45.66606664484248
1310941,131.92337591025642
1115483,131.92337591025642
1028984,131.92337591025642
1450974,56.84953417431313
1463839,56.84953417431313
1464601,56.84953417431313
1169044,317.55939570701025
1384942,317.55939570701025
1265199,402.99267957661584
1378453,373.37273953705807
1093815,373.37273953705807
1174471,373.37273953705807
1450413,48.767932021816485
1181114,69.80112009217684
1289757,69.80112009217684
1330961,256.0759837508135
1141504,256.0759837508135
1448531,267.02492723476183
1459846,72.91811059349153
1305429,72.91811059349153
1397198,72.91811059349153
1301951,544.9287496724291
1208838,212.9814107271406
1237898,544.9287496724291
1261905,72.91811059349153
1360663,72.91811059349153
1144479,72.91811059349153
1167503,83.72342200515234
1044692,83.72342200515234
1031861,83.72342200515234
1335769,48.767932021816485
1187170,33.064874309659736
1181252,43.97285881075489
1368162,309.1097438937725
1415138,1041.9174258812368
1193016,1041.9174258812368
1084048,25.013209964024856
1207506,25.013209964024856
1469529,182.86622978738308
1036170,206.88397831927205
1210510,89.70462824137277
1482952,45.66606664484248
1472409,49.13898965994467
1281529,49.13898965994467
1487198,49.13898965994467
1315664,43.8592119123437
1118423,43.97285881075489
1434063,309.25859528339623
1263261,309.25859528339623
1082781,270.2189384224288
1100468,373.37273953705807
1253533,373.37273953705807
1014561,373.37273953705807
1258934,48.767932021816485
1120103,69.80112009217684
1374185,69.80112009217684
1075306,256.0759837508135
1169426,256.0759837508135
1291261,267.02492723476183
1495363,72.91811059349153
1118413,72.91811059349153
1269378,72.91811059349153
1199865,213.62577458661838
1077412,212.9814107271406
1348536,213.62577458661838
1097133,72.91811059349153
1290655,72.91811059349153
1077679,83.72342200515234
1439494,83.72342200515234
1433619,33.064874309659736
1128880,43.97285881075489
1243985,213.62577458661838
1070941,1041.9174258812368
1353172,1041.9174258812368
1208514,25.013209964024856
1244188,182.86622978738308
1455534,206.88397831927205
1489659,182.86622978738308
1030078,45.66606664484248
1001197,45.66606664484248
1308794,49.13898965994467
1108362,49.13898965994467
1020645,49.13898965994467
1281325,33.064874309659736
1066967,43.97285881075489
1365889,43.97285881075489
1343311,213.62577458661838
1250260,213.62577458661838
1162339,213.62577458661838
1030648,679.6280553316877
1414470,679.6280553316877
1206235,679.6280553316877
1221682,131.92337591025642
1106393,69.80112009217684
1035721,69.80112009217684
1087871,380.42385538854455
1379891,380.42385538854455
1094102,679.6280553316877
1250170,72.91811059349153
1206421,72.91811059349153
1065768,72.91811059349153
1420866,545.377690469417
1384303,317.55939570701025
1492503,545.377690469417
1282002,72.91811059349153
1232383,72.91811059349153
1031538,72.91811059349153
1100491,178.513063500759
1435819,178.513063500759
1309581,178.513063500759
1036796,131.92337591025642
1261157,56.84953417431313
1302794,56.84953417431313
1201394,402.99267957661584
1296504,1041.9174258812368
1499679,1041.9174258812368
1451848,25.013209964024856
1458319,25.013209964024856
1407581,25.013209964024856
1179641,123.84940510274217
1096729,307.7369094479718
1320108,123.84940510274217
1297446,45.66606664484248
1370348,45.66606664484248
1348122,45.66606664484248
1297802,131.92337591025642
1484227,131.92337591025642
1288784,131.92337591025642
1371280,56.84953417431313
1083200,56.84953417431313
1085758,56.84953417431313
1265318,402.99267957661584
1429831,402.99267957661584
1426244,402.99267957661584
1352817,195.95197876648706
1113019,195.95197876648706
1242607,195.95197876648706
1482963,48.767932021816485
1199864,69.80112009217684
1039188,69.80112009217684
1217775,193.96001242441147
1049172,193.96001242441147
1341158,72.91811059349153
1201589,72.91811059349153
1455472,72.91811059349153
1187456,213.62577458661838
1265839,212.9814107271406
1239656,213.62577458661838
1000718,213.62577458661838
1264561,1041.9174258812368
1168002,1041.9174258812368
1024017,89.70462824137277
1215404,89.70462824137277
1364881,89.70462824137277
1443887,45.66606664484248
1372842,33.151174695801714
1179491,43.97285881075489
1384763,213.62577458661838
1421944,213.62577458661838
1123531,213.62577458661838
1433764,367.66451142142944
1218844,367.66451142142944
1393553,367.66451142142944
1498558,48.767932021816485
1248411,69.80112009217684
1119891,69.80112009217684
1134540,254.25104551803662
1205802,254.25104551803662
1333839,264.80200255916003
1008228,72.91811059349153
1322554,72.91811059349153
1318647,213.62577458661838
1005046,212.9814107271406
1141626,213.62577458661838
1283654,83.72342200515234
1486308,76.45564088850853
1293396,33.064874309659736
1399766,33.064874309659736
1166085,213.62577458661838
1110338,1041.9174258812368
1207811,1041.9174258812368
1438086,89.70462824137277
1363283,89.70462824137277
1110918,89.70462824137277
1349592,49.13898965994467
1342523,49.13898965994467
1406013,33.151174695801714
1371746,43.97285881075489
1107668,43.97285881075489
1188873,213.62577458661838
1082167,213.62577458661838
1247782,213.62577458661838
1262997,679.6280553316877
1306516,679.6280553316877
1495174,679.6280553316877
1005749,131.92337591025642
1183147,69.80112009217684
1200860,69.80112009217684
1071899,380.42385538854455
1292844,380.42385538854455
1494860,679.6280553316877
1152188,72.91811059349153
1343240,72.91811059349153
1144366,72.91811059349153
1083360,545.377690469417
1464492,317.55939570701025
1410292,545.377690469417
1262439,72.91811059349153
1314337,72.91811059349153
1163248,72.91811059349153
1463809,178.513063500759
1375249,178.513063500759
1203857,56.84953417431313
1070361,317.55939570701025
1220242,1041.9174258812368
1059573,1041.9174258812368
1021833,25.013209964024856
1036457,131.92337591025642
1393518,380.42385538854455
1316397,380.42385538854455
1141482,54.552970886915695
1179973,54.552970886915695
1328615,54.552970886915695
1300805,123.84940510274217
1339840,123.84940510274217
1174462,123.84940510274217
1469796,45.66606664484248
1209362,45.66606664484248
1220175,131.92337591025642
1327688,131.92337591025642
1015470,131.92337591025642
1144435,56.84953417431313
1477507,56.84953417431313
1154235,56.84953417431313
1388700,317.55939570701025
1105982,402.99267957661584
1489328,402.99267957661584
1374002,198.93980261403385
1496261,198.93980261403385
1082037,199.00149068801363
1084054,48.767932021816485
1352895,69.80112009217684
1292821,69.80112009217684
1129168,195.29333196690015
1264719,195.29333196690015
1063433,76.45564088850853
1121476,72.91811059349153
1042807,72.91811059349153
1299296,72.91811059349153
1306922,544.9287496724291
1251960,317.55939570701025
1309172,544.9287496724291
1263027,72.91811059349153
1103179,72.91811059349153
1038455,83.72342200515234
1400057,83.72342200515234
1165697,83.72342200515234
1211628,33.064874309659736
1166812,33.151174695801714
1031818,317.55939570701025
1428085,1041.9174258812368
1393667,1041.9174258812368
1150997,25.013209964024856
1475740,195.35389498349699
1217172,195.35389498349699
1283271,54.552970886915695
1416267,54.552970886915695
1112607,54.552970886915695
1055978,123.84940510274217
1428646,123.84940510274217
1481278,123.84940510274217
1219117,45.66606664484248
1371113,77.03313137284691
1362746,49.13898965994467
1218991,49.13898965994467
1311688,33.064874309659736
1225458,43.97285881075489
1236383,43.97285881075489
1289252,317.55939570701025
1459901,317.55939570701025
1044369,270.2189384224288
1351984,288.51677607585594
1495883,288.606101623183
1015693,288.51677607585594
1166240,69.80112009217684
1210629,69.80112009217684
1294220,227.86783175737463
1131461,227.86783175737463
1309361,230.20741914489903
1320833,72.91811059349153
1473225,72.91811059349153
1394143,72.91811059349153
1071457,544.9287496724291
1379826,317.55939570701025
1318359,544.9287496724291
1100027,72.91811059349153
1034668,72.91811059349153
1373404,72.91811059349153
1061702,83.72342200515234
1293336,83.72342200515234
1095728,83.72342200515234
1262915,76.45564088850853
1295197,33.064874309659736
1435279,33.064874309659736
1464491,309.1097438937725
1222222,1041.9174258812368
1390452,1041.9174258812368
1463302,25.013209964024856
1489802,307.7369094479718
1292473,307.7369094479718
1029622,307.7369094479718
1117073,45.66606664484248
1284109,45.66606664484248
1141262,45.66606664484248
1171808,49.13898965994467
1384634,49.13898965994467
1159030,49.13898965994467
1325434,33.064874309659736
1295977,43.97285881075489
1057561,43.97285881075489
1247779,309.25859528339623
1047110,309.25859528339623
1362773,270.2189384224288
1332437,679.6280553316877
1100676,679.6280553316877
1363993,679.6280553316877
1237367,131.92337591025642
1462537,69.80112009217684
1313449,69.80112009217684
1053666,380.42385538854455
1302251,380.42385538854455
1004481,679.6280553316877
1334411,72.91811059349153
1191055,72.91811059349153
1220798,72.91811059349153
1394510,545.377690469417
1336265,317.55939570701025
1451719,545.377690469417
1068035,72.91811059349153
1224034,72.91811059349153
1115000,178.513063500759
1444878,178.513063500759
1149258,178.513063500759
1342462,131.92337591025642
1433039,56.84953417431313
1374485,56.84953417431313
1359908,402.99267957661584
1372928,1041.9174258812368
1462456,1041.9174258812368
1443654,25.013209964024856
1315946,25.013209964024856
1179239,123.84940510274217
1188742,123.84940510274217
1150146,123.84940510274217
1277261,45.66606664484248
1167783,45.66606664484248
1279968,45.66606664484248
1320507,131.92337591025642
1350935,131.92337591025642
1197052,131.92337591025642
1029579,56.84953417431313
1304742,56.84953417431313
1452669,402.99267957661584
1085737,402.99267957661584
1463122,402.99267957661584
1284072,367.66451142142944
1394210,367.66451142142944
1025091,367.66451142142944
1074887,48.767932021816485
1254262,69.80112009217684
1040334,69.80112009217684
1424569,254.25104551803662
1197276,254.25104551803662
1452472,264.80200255916003
1321401,72.91811059349153
1376468,72.91811059349153
1420185,72.91811059349153
1282937,213.62577458661838
1170153,212.9814107271406
1449399,213.62577458661838
1274790,72.91811059349153
1310614,72.91811059349153
1456931,83.72342200515234
1203967,83.72342200515234
1079069,76.45564088850853
1007858,43.8592119123437
1294120,43.97285881075489
1300983,213.62577458661838
1321774,1041.9174258812368
1237520,1041.9174258812368
1347075,206.88397831927205
1239241,182.86622978738308
1205726,89.70462824137277
1047124,45.66606664484248
1406091,45.66606664484248
1254479,49.13898965994467
1121561,49.13898965994467
1076788,49.13898965994467
1183423,33.064874309659736
1486846,43.97285881075489
1303445,43.97285881075489
1329414,213.62577458661838
1023890,213.62577458661838
1406133,213.62577458661838
1397490,679.6280553316877
1037647,679.6280553316877
1058080,679.6280553316877
1107995,131.92337591025642
1010319,69.80112009217684
1155430,69.80112009217684
1224703,380.42385538854455
1430097,380.42385538854455
1303810,131.92337591025642
1053426,72.91811059349153
1465123,72.91811059349153
1149154,72.91811059349153
1064789,545.377690469417
1454243,317.55939570701025
1090905,545.377690469417
1338101,72.91811059349153
1039156,72.91811059349153
1260187,178.513063500759
1052288,178.513063500759
1107329,178.513063500759
1399544,131.92337591025642
1131518,56.84953417431313
1006869,56.84953417431313
1206660,317.55939570701025
1365329,1041.9174258812368
1038515,1041.9174258812368
1244162,25.013209964024856
1061266,25.013209964024856
1308370,25.013209964024856
1384720,380.42385538854455
1423011,380.42385538854455
1265394,380.42385538854455
1025300,54.552970886915695
1143644,54.552970886915695
1186542,54.552970886915695
1481273,123.84940510274217
1312485,123.84940510274217
1489678,123.84940510274217
1199112,45.66606664484248
1198571,45.66606664484248
1154629,45.66606664484248
1274070,131.92337591025642
1419037,131.92337591025642
1056666,131.92337591025642
1184809,56.84953417431313
1204098,56.84953417431313
1280965,317.55939570701025
1447792,317.55939570701025
1474459,272.88324961034596
1282200,679.6280553316877
1475657,679.6280553316877
1156440,679.6280553316877
1223837,131.92337591025642
1202885,69.80112009217684
1468767,69.80112009217684
1420037,380.42385538854455
1319476,380.42385538854455
1042405,131.92337591025642
1053349,72.91811059349153
1399190,72.91811059349153
1110657,72.91811059349153
1387833,545.377690469417
1160606,317.55939570701025
1046027,545.377690469417
1103153,72.91811059349153
1146248,72.91811059349153
1107738,178.513063500759
1091060,178.513063500759
1262868,178.513063500759
1193003,131.92337591025642
1197419,56.84953417431313
1438599,317.55939570701025
1440086,1041.9174258812368
1117913,1041.9174258812368
1184845,25.013209964024856
1049919,25.013209964024856
1086214,25.013209964024856
1135028,131.92337591025642
1397224,380.42385538854455
1339966,54.552970886915695
1054492,54.552970886915695
1133931,54.552970886915695
1421630,123.84940510274217
1383028,123.84940510274217
1440261,123.84940510274217
1376712,45.66606664484248
1034224,45.66606664484248
1112506,131.92337591025642
1448418,131.92337591025642
1059635,131.92337591025642
1442140,56.84953417431313
1274893,56.84953417431313
1262942,56.84953417431313
1136179,402.99267957661584
1235413,402.99267957661584
1208129,402.99267957661584
1278537,373.37273953705807
1140630,373.37273953705807
1460544,373.37273953705807
1006600,48.767932021816485
1277872,69.80112009217684
1287757,69.80112009217684
1390650,256.0759837508135
1095975,256.0759837508135
1265478,267.02492723476183
1060287,72.91811059349153
1151563,72.91811059349153
1376692,72.91811059349153
1058455,544.9287496724291
1254165,317.55939570701025
1445429,544.9287496724291
1473216,72.91811059349153
1305395,72.91811059349153
1315539,72.91811059349153
1260242,178.513063500759
1130316,178.513063500759
1360630,178.513063500759
1274220,76.45564088850853
1056176,33.064874309659736
1457940,43.97285881075489
1266782,309.17571821240165
1079927,1041.9174258812368
1102476,1041.9174258812368
1484172,25.013209964024856
1126975,25.013209964024856
1275435,123.84940510274217
1087733,307.7369094479718
1355898,307.7369094479718
1310322,45.66606664484248
1069567,45.66606664484248
1012130,45.66606664484248
1302873,49.13898965994467
1380215,49.13898965994467
1434488,49.13898965994467
1130479,33.064874309659736
1074570,43.97285881075489
1151684,43.97285881075489
1199038,309.3246012694244
1251345,309.3246012694244
1223304,270.2766389139939
1206767,201.93506461957222
1357362,201.99767683142636
1448800,201.99767683142636
1487007,48.767932021816485
1330119,69.80112009217684
1477226,69.80112009217684
1247256,198.2954371556617
1216224,198.2954371556617
1182872,198.5355659347451
1062248,72.91811059349153
1397155,72.91811059349153
1041719,72.91811059349153
1135029,544.9287496724291
1356809,212.9814107271406
1372850,544.9287496724291
1404048,83.72342200515234
1388692,76.45564088850853
1383758,33.064874309659736
1212449,43.97285881075489
1162985,309.17571821240165
1209888,1041.9174258812368
1499174,1041.9174258812368
1084107,25.013209964024856
1150878,25.013209964024856
1208872,89.70462824137277
1417793,182.86622978738308
1083362,182.86622978738308
1253958,45.66606664484248
1071747,49.13898965994467
1030032,49.13898965994467
1118685,49.13898965994467
1052944,33.064874309659736
1384559,43.8592119123437
1248568,43.97285881075489
1494935,309.3246012694244
1098084,309.3246012694244
1127415,270.2766389139939
1176365,195.89123127808176
1065907,195.89123127808176
1305254,195.06390797465693
1345747,69.80112009217684
1209410,69.80112009217684
1093858,193.96001242441147
1052783,193.89987933426218
1271480,76.45564088850853
1003753,72.91811059349153
1496674,72.91811059349153
1061568,213.62577458661838
1101584,212.9814107271406
1383497,213.62577458661838
1176978,83.72342200515234
1435029,33.064874309659736
1343650,212.9814107271406
1434359,1041.9174258812368
1007900,1041.9174258812368
1017579,77.03313137284691
1063688,89.70462824137277
1126370,89.70462824137277
1246771,89.70462824137277
1008773,77.03313137284691
1318618,49.13898965994467
1228888,212.9814107271406
1244298,212.9814107271406
1342952,213.62577458661838
1131807,267.02492723476183
1408017,267.02492723476183
1051889,320.6776486793556
1392162,76.45564088850853
1075826,69.80112009217684
1142469,69.80112009217684
1103064,256.0759837508135
1059918,256.0759837508135
1072901,76.45564088850853
1353610,72.91811059349153
1195954,72.91811059349153
1391305,72.91811059349153
1326150,544.9287496724291
1275063,317.55939570701025
1222180,544.9287496724291
1192156,72.91811059349153
1113235,72.91811059349153
1309343,72.91811059349153
1297632,83.72342200515234
1155726,83.72342200515234
1297290,83.72342200515234
1419156,76.45564088850853
1116236,33.064874309659736
1062782,43.97285881075489
1333678,317.55939570701025
1481991,1041.9174258812368
1275436,1041.9174258812368
1044455,25.013209964024856
1006565,256.0759837508135
1289303,256.0759837508135
1350978,256.0759837508135
1065002,54.552970886915695
1330381,54.552970886915695
1066756,54.552970886915695
1425889,123.84940510274217
1027637,123.84940510274217
1024593,123.84940510274217
1309569,45.66606664484248
1130481,45.66606664484248
1461497,45.66606664484248
1273574,267.02492723476183
1499564,49.13898965994467
1409226,49.13898965994467
1276415,43.8592119123437
1072191,43.97285881075489
1185549,43.97285881075489
1394977,317.55939570701025
1031757,317.55939570701025
1357869,270.2189384224288
1457412,544.4929369299253
1333143,544.6612396300808
1297235,544.4929369299253
1018080,131.92337591025642
1439262,69.80112009217684
1262889,69.80112009217684
1001905,333.6567896421292
1136010,333.6567896421292
1271463,523.3238485362073
1469634,72.91811059349153
1258810,72.91811059349153
1345259,72.91811059349153
1004246,544.9287496724291
1114751,317.55939570701025
1109347,544.9287496724291
1008772,72.91811059349153
1016691,72.91811059349153
1365501,72.91811059349153
1291288,178.513063500759
1112058,178.513063500759
1469210,131.92337591025642
1181698,33.064874309659736
1231344,43.97285881075489
1387977,309.17571821240165
1034867,1041.9174258812368
1276338,1041.9174258812368
1322128,25.013209964024856
1289484,25.013209964024856
1007731,307.7369094479718
1088564,307.7369094479718
1427862,269.0524879976676
1170554,45.66606664484248
1172262,45.66606664484248
1341146,131.92337591025642
1357235,131.92337591025642
1088765,131.92337591025642
1188175,33.064874309659736
1203176,43.97285881075489
1049616,43.97285881075489
1309039,309.3246012694244
1145033,309.3246012694244
1286575,270.2766389139939
1101049,679.6280553316877
1137275,679.6280553316877
1253464,679.6280553316877
1012371,131.92337591025642
1205708,69.80112009217684
1140483,69.80112009217684
1198884,380.42385538854455
1493378,380.42385538854455
1199993,131.92337591025642
1043523,72.91811059349153
1258021,72.91811059349153
1311206,72.91811059349153
1167724,545.377690469417
1169375,317.55939570701025
1108160,545.377690469417
1430956,72.91811059349153
1256536,72.91811059349153
1387281,72.91811059349153
1466943,178.513063500759
1414650,178.513063500759
1224371,178.513063500759
1112793,131.92337591025642
1289127,56.84953417431313
1126069,56.84953417431313
1087935,317.55939570701025
1443408,1041.9174258812368
1429992,1041.9174258812368
1085191,25.013209964024856
1417469,25.013209964024856
1137795,25.013209964024856
1398189,380.42385538854455
1283686,380.42385538854455
1371464,380.42385538854455
1230167,54.552970886915695
1364248,54.552970886915695
1266392,54.552970886915695
1038730,123.84940510274217
1212416,123.84940510274217
1103878,123.84940510274217
1157948,45.66606664484248
1314522,45.66606664484248
1164578,131.92337591025642
1025278,131.92337591025642
1078493,131.92337591025642
1029300,56.84953417431313
1410995,56.84953417431313
1404963,56.84953417431313
1334883,317.55939570701025
1230293,317.55939570701025
1115318,272.88324961034596
1042427,195.95197876648706
1454164,195.95197876648706
1470573,195.89123127808176
1058785,48.767932021816485
1376825,69.80112009217684
1191397,69.80112009217684
1247051,193.89987933426218
1074540,193.89987933426218
1497803,193.89987933426218
1287425,72.91811059349153
1328270,72.91811059349153
1407720,213.62577458661838
1240373,212.9814107271406
1494455,213.62577458661838
1442368,83.72342200515234
1194849,48.767932021816485
1306896,33.064874309659736
1435035,43.97285881075489
1253592,213.62577458661838
1467682,1041.9174258812368
1461002,1041.9174258812368
1001071,25.013209964024856
1191882,182.86622978738308
1140533,206.88397831927205
1049153,182.86622978738308
1389125,49.13898965994467
1498335,33.064874309659736
1336000,43.97285881075489
1345691,43.97285881075489
1337050,213.62577458661838
1263782,213.62577458661838
1192897,213.62577458661838
1299041,293.2109544210327
1417850,264.80200255916003
1024790,264.80200255916003
1008262,48.767932021816485
1089695,69.80112009217684
1234248,69.80112009217684
1363682,254.25104551803662
1321672,254.25104551803662
1035076,76.45564088850853
1060282,72.91811059349153
1361643,72.91811059349153
1125678,72.91811059349153
1407888,213.62577458661838
1032563,212.9814107271406
1189256,213.62577458661838
1058487,72.91811059349153
1413625,72.91811059349153
1121861,83.72342200515234
1105792,83.72342200515234
1239970,83.72342200515234
1078132,76.45564088850853
1028314,43.8592119123437
1461331,33.151174695801714
1203766,212.9814107271406
1314812,1041.9174258812368
1252214,1041.9174258812368
1199487,25.013209964024856
1213487,25.013209964024856
1149554,254.25104551803662
1201667,254.25104551803662
1459985,254.25104551803662
1477962,54.552970886915695
1201705,54.552970886915695
1249240,89.70462824137277
1122608,89.70462824137277
1440426,89.70462824137277
1357820,45.66606664484248
1038196,45.66606664484248
1230790,45.66606664484248
1211763,77.03313137284691
1011484,49.13898965994467
1323864,49.13898965994467
1139498,33.064874309659736
1344156,43.97285881075489
1443200,43.97285881075489
1189549,213.62577458661838
1397910,213.62577458661838
1317736,213.62577458661838
1129005,679.6280553316877
1306963,679.6280553316877
1471178,679.6280553316877
1431233,131.92337591025642
1228415,69.80112009217684
1399725,69.80112009217684
1182211,380.42385538854455
1441899,380.42385538854455
1470893,131.92337591025642
1139622,72.91811059349153
1381705,72.91811059349153
1214183,72.91811059349153
1273495,545.377690469417
1101109,317.55939570701025
1120199,545.377690469417
1050202,72.91811059349153
1334262,72.91811059349153
1337479,178.513063500759
1219468,178.513063500759
1310240,178.513063500759
1277278,131.92337591025642
1489750,56.84953417431313
1096922,56.84953417431313
1476289,317.55939570701025
1115161,1041.9174258812368
1178631,1041.9174258812368
1245261,25.013209964024856
1372965,25.013209964024856
1476812,25.013209964024856
1496202,380.42385538854455
1048870,131.92337591025642
1263662,380.42385538854455
1238350,54.552970886915695
1472696,54.552970886915695
1258031,54.552970886915695
1050351,123.84940510274217
1459998,123.84940510274217
1490420,123.84940510274217
1000662,45.66606664484248
1044419,45.66606664484248
1460063,45.66606664484248
1343340,131.92337591025642
1374733,131.92337591025642
1370257,131.92337591025642
1455780,56.84953417431313
1140702,56.84953417431313
1363403,56.84953417431313
1310434,317.55939570701025
1364335,317.55939570701025
1114519,272.88324961034596
1305350,195.95197876648706
1245069,195.95197876648706
1474430,195.89123127808176
1093750,48.767932021816485
1435861,193.89987933426218
1239312,193.96001242441147
1184336,193.89987933426218
1454523,72.91811059349153
1098373,72.91811059349153
1495203,72.91811059349153
1052953,213.62577458661838
1009513,212.9814107271406
1368308,1041.9174258812368
1498669,83.72342200515234
1466142,83.72342200515234
1256813,83.72342200515234
1042183,48.767932021816485
1464999,43.8592119123437
1143694,213.62577458661838
1430870,1041.9174258812368
1122208,1041.9174258812368
1462550,25.013209964024856
1032173,25.013209964024856
1092013,206.88397831927205
1079926,206.88397831927205
1038256,89.70462824137277
1343897,45.66606664484248
1004313,43.8592119123437
1338299,43.97285881075489
1091600,213.62577458661838
1475065,213.62577458661838
1360361,213.62577458661838
1414079,679.6280553316877
1325899,679.6280553316877
1059508,679.6280553316877
1053029,131.92337591025642
1132261,69.80112009217684
1079197,69.80112009217684
1273647,380.42385538854455
1285990,380.42385538854455
1453805,679.6280553316877
1228708,72.91811059349153
1477933,72.91811059349153
1140274,72.91811059349153
1050739,545.377690469417
1127728,317.55939570701025
1403459,545.377690469417
1283055,72.91811059349153
1112729,72.91811059349153
1380847,72.91811059349153
1165664,178.513063500759
1060176,178.513063500759
1377609,131.92337591025642
1343878,56.84953417431313
1115844,56.84953417431313
1053494,402.99267957661584
1173486,1041.9174258812368
1250468,1041.9174258812368
1286426,25.013209964024856
1423088,25.013209964024856
1209561,25.013209964024856
1159489,123.84940510274217
1358267,123.84940510274217
1446470,123.84940510274217
1140775,45.66606664484248
1174433,45.66606664484248
1449283,45.66606664484248
1301983,131.92337591025642
1038551,131.92337591025642
1142609,131.92337591025642
1121544,56.84953417431313
1217322,56.84953417431313
1174114,56.84953417431313
1116883,402.99267957661584
1015942,402.99267957661584
1122590,402.99267957661584
1474493,373.37273953705807
1196897,373.37273953705807
1233988,373.37273953705807
1249222,48.767932021816485
1031203,69.80112009217684
1384396,69.80112009217684
1449924,256.0759837508135
1023315,256.0759837508135
1456955,267.02492723476183
1364616,72.91811059349153
1477907,72.91811059349153
1070194,72.91811059349153
1278780,213.62577458661838
1061803,212.9814107271406
1491984,213.62577458661838
1093579,72.91811059349153
1320120,83.72342200515234
1050143,83.72342200515234
1135844,76.45564088850853
1170667,43.97285881075489
1421320,213.62577458661838
1382855,1041.9174258812368
1052474,1041.9174258812368
1168245,25.013209964024856
1358202,25.013209964024856
1347403,89.70462824137277
1423262,89.70462824137277
1490941,89.70462824137277
1045104,45.66606664484248
1180967,49.13898965994467
1169272,49.13898965994467
1417264,49.13898965994467
1122155,33.151174695801714
1421522,43.97285881075489
1343543,213.62577458661838
1127755,213.62577458661838
1286519,213.62577458661838
1159100,679.6280553316877
1257945,679.6280553316877
1226115,679.6280553316877
1430521,131.92337591025642
1376221,69.80112009217684
1496715,69.80112009217684
1169115,380.42385538854455
1176448,380.42385538854455
1463004,131.92337591025642
1250962,72.91811059349153
1295333,72.91811059349153
1178409,72.91811059349153
1012909,545.377690469417
1338022,317.55939570701025
1366789,545.377690469417
1373833,72.91811059349153
1381332,72.91811059349153
1243588,178.513063500759
1346625,178.513063500759
1220323,178.513063500759
1370150,131.92337591025642
1425569,56.84953417431313
1035374,56.84953417431313
1394503,317.55939570701025
1058305,1041.9174258812368
1344498,1041.9174258812368
1141007,25.013209964024856
1473646,25.013209964024856
1487690,380.42385538854455
1450648,131.92337591025642
1205027,131.92337591025642
1476902,54.552970886915695
1165718,54.552970886915695
1378218,54.552970886915695
1078304,123.84940510274217
1089355,123.84940510274217
1297171,123.84940510274217
1312686,45.66606664484248
1325197,45.66606664484248
1481530,45.66606664484248
1284608,131.92337591025642
1463475,131.92337591025642
1315063,131.92337591025642
1059185,56.84953417431313
1374100,56.84953417431313
1042049,56.84953417431313
1387016,317.55939570701025
1280720,317.55939570701025
1297322,402.99267957661584
1173983,373.37273953705807
1109530,373.37273953705807
1210247,373.37273953705807
1376906,48.767932021816485
1454933,69.80112009217684
1258714,69.80112009217684
1442196,256.0759837508135
1149208,256.0759837508135
1109561,267.02492723476183
1086120,72.91811059349153
1395010,72.91811059349153
1199426,72.91811059349153
1102777,544.9287496724291
1457723,317.55939570701025
1481022,544.9287496724291
1022584,72.91811059349153
1117071,72.91811059349153
1444390,72.91811059349153
1136802,178.513063500759
1160158,178.513063500759
1389988,76.45564088850853
1380922,33.064874309659736
1117887,309.17571821240165
1237251,1041.9174258812368
1062656,1041.9174258812368
1187507,25.013209964024856
1118587,25.013209964024856
1016028,307.7369094479718
1324267,307.7369094479718
1272876,269.0524879976676
1462161,45.66606664484248
1374036,45.66606664484248
1415631,49.13898965994467
1205040,49.13898965994467
1496216,33.064874309659736
1402048,43.8592119123437
1364233,43.8592119123437
1439116,309.3246012694244
1312641,309.3246012694244
1315279,270.2766389139939
1145134,373.37273953705807
1342622,373.37273953705807
1198108,373.37273953705807
1077816,48.767932021816485
1036232,69.80112009217684
1311646,69.80112009217684
1286961,256.0759837508135
1028838,256.0759837508135
1247743,267.02492723476183
1425258,72.91811059349153
1006454,161.5938818171938
1384974,72.91811059349153
1486614,544.9287496724291
1399973,317.55939570701025
1385096,544.9287496724291
1060853,72.91811059349153
1040838,72.91811059349153
1109072,72.91811059349153
1460672,83.72342200515234
1334969,83.72342200515234
1049364,83.72342200515234
1087717,76.45564088850853
1325920,33.064874309659736
1039447,43.97285881075489
1186967,309.17571821240165
1110292,1041.9174258812368
1036751,1041.9174258812368
1236541,123.84940510274217
1275664,123.84940510274217
1209721,123.84940510274217
1162125,45.66606664484248
1263378,45.66606664484248
1199188,49.13898965994467
1488174,49.13898965994467
1070083,49.13898965994467
1132304,33.064874309659736
1167345,43.97285881075489
1012255,43.97285881075489
1032662,309.3246012694244
1033908,309.3246012694244
1291511,270.2766389139939
1027186,679.6280553316877
1040688,679.6280553316877
1315683,679.6280553316877
1330397,131.92337591025642
1264948,69.80112009217684
1159897,69.80112009217684
1059351,380.42385538854455
1239762,380.42385538854455
1447229,679.6280553316877
1151744,72.91811059349153
1216716,72.91811059349153
1312133,72.91811059349153
1118832,545.377690469417
1252149,317.55939570701025
1094537,545.377690469417
1447416,178.513063500759
1127043,178.513063500759
1164344,178.513063500759
1370338,131.92337591025642
1421244,56.84953417431313
1093990,56.84953417431313
1497414,311.8311780426093
1210832,1041.9174258812368
1344468,1041.9174258812368
1404146,25.013209964024856
1103781,25.013209964024856
1294600,123.84940510274217
1215402,123.84940510274217
1043840,123.84940510274217
1116803,45.66606664484248
1090469,45.66606664484248
1017399,131.92337591025642
1248806,131.92337591025642
1131581,131.92337591025642
1060388,56.84953417431313
1003796,56.84953417431313
1363790,56.84953417431313
1408249,311.8311780426093
1029511,311.8311780426093
1110232,272.88324961034596
1281521,373.37273953705807
1083761,373.37273953705807
1368949,373.37273953705807
1161399,48.767932021816485
1471054,69.80112009217684
1029539,69.80112009217684
1423689,256.0759837508135
1039864,256.0759837508135
1026413,267.02492723476183
1044730,72.91811059349153
1014000,72.91811059349153
1062258,72.91811059349153
1234509,544.9287496724291
1236978,212.9814107271406
1487673,544.9287496724291
1371786,72.91811059349153
1110617,72.91811059349153
1343708,72.91811059349153
1433116,83.72342200515234
1308546,83.72342200515234
1329651,83.72342200515234
1379435,76.45564088850853
1145893,33.064874309659736
1369946,33.064874309659736
1056828,309.1097438937725
1093949,1041.9174258812368
1394115,1041.9174258812368
1056092,25.013209964024856
1340133,25.013209964024856
1459830,89.70462824137277
1153248,89.70462824137277
1460813,89.70462824137277
1044801,45.66606664484248
1136984,49.13898965994467
1257636,49.13898965994467
1433830,49.13898965994467
1266400,43.97285881075489
1412306,43.97285881075489
1001630,43.8592119123437
1438073,309.1097438937725
1193535,309.1097438937725
1049161,270.2189384224288
1113088,198.8408231880495
1473044,198.8408231880495
1022104,198.06250435876063
1191423,48.767932021816485
1329211,69.80112009217684
1290034,69.80112009217684
1395289,196.81963916107793
1103569,196.88067309416985
1097299,76.45564088850853
1283783,72.91811059349153
1270643,72.91811059349153
1077145,72.91811059349153
1340515,213.62577458661838
1003274,212.9814107271406
1441788,213.62577458661838
1000409,72.91811059349153
1329787,83.72342200515234
1298237,76.45564088850853
1190800,33.064874309659736
1456232,33.151174695801714
1484891,212.9814107271406
1031253,1041.9174258812368
1010839,1041.9174258812368
1024581,25.013209964024856
1041176,25.013209964024856
1148161,25.013209964024856
1350810,77.03313137284691
1201815,196.88067309416985
1434822,54.552970886915695
1149326,54.552970886915695
1036321,54.552970886915695
1310991,89.70462824137277
1221524,89.70462824137277
1133330,89.70462824137277
1420669,45.66606664484248
1255934,77.03313137284691
1013345,49.13898965994467
1468382,49.13898965994467
1145754,43.97285881075489
1296525,43.97285881075489
1312320,212.9814107271406
1287128,212.9814107271406
1042549,213.62577458661838
1301321,267.68164500409625
1094909,267.02492723476183
1155168,267.02492723476183
1396268,48.767932021816485
1124007,69.80112009217684
1221654,69.80112009217684
1034052,256.0759837508135
1167273,256.0759837508135
1056567,76.45564088850853
1318214,72.91811059349153
1071404,72.91811059349153
1190919,72.91811059349153
1125207,213.62577458661838
1239109,212.9814107271406
1366465,213.62577458661838
1327054,72.91811059349153
1413660,83.72342200515234
1389070,83.72342200515234
1152849,83.72342200515234
1429343,76.45564088850853
1433370,33.064874309659736
1015651,43.97285881075489
1158903,212.9814107271406
1456903,1041.9174258812368
1400224,1041.9174258812368
1417054,25.013209964024856
1172631,25.013209964024856
1111819,25.013209964024856
1302703,256.0759837508135
1300752,77.03313137284691
1294900,77.03313137284691
1319818,54.552970886915695
1183251,54.552970886915695
1119599,89.70462824137277
1492080,89.70462824137277
1163294,89.70462824137277
1014711,45.66606664484248
1244747,45.66606664484248
1061707,77.03313137284691
1493848,49.13898965994467
1230234,49.13898965994467
1203418,43.8592119123437
1485817,43.97285881075489
1143509,212.9814107271406
1091408,212.9814107271406
1138077,213.62577458661838
1311411,267.02492723476183
1295313,267.02492723476183
1183342,320.6776486793556
1491036,48.767932021816485
1295983,69.80112009217684
1331317,69.80112009217684
1324969,256.0759837508135
1103729,256.0759837508135
1055560,76.45564088850853
1363126,72.91811059349153
1337290,72.91811059349153
1325872,72.91811059349153
1049470,544.9287496724291
1012992,212.9814107271406
1044579,544.9287496724291
1200607,72.91811059349153
1401512,72.91811059349153
1440033,83.72342200515234
1125481,83.72342200515234
1016837,83.72342200515234
1436547,76.45564088850853
1473669,33.064874309659736
1126786,33.151174695801714
1271366,212.9814107271406
1465667,1041.9174258812368
1056305,1041.9174258812368
1047663,25.013209964024856
1294079,25.013209964024856
1377246,256.0759837508135
1363975,256.0759837508135
1232131,256.0759837508135
1460621,54.552970886915695
1157067,54.552970886915695
1245780,54.552970886915695
1058708,89.70462824137277
1307097,89.70462824137277
1062037,89.70462824137277
1490720,45.66606664484248
1395873,45.66606664484248
1170057,267.02492723476183
1258413,49.13898965994467
1361970,49.13898965994467
1072658,33.064874309659736
1048034,43.97285881075489
1461040,43.97285881075489
1485183,212.9814107271406
1223342,212.9814107271406
1480807,270.2189384224288
1371494,198.8408231880495
1103790,198.8408231880495
1016615,198.9024807235865
1272610,48.767932021816485
1467769,69.80112009217684
1078797,69.80112009217684
1274462,196.81963916107793
1252119,196.81963916107793
1472378,196.81963916107793
1372362,161.5938818171938
1496832,72.91811059349153
1224855,72.91811059349153
1159741,213.62577458661838
1477503,213.62577458661838
1288873,213.62577458661838
1433395,83.72342200515234
1065649,83.72342200515234
1411840,76.45564088850853
1087160,43.8592119123437
1074147,213.62577458661838
1090440,1041.9174258812368
1394833,1041.9174258812368
1392268,206.88397831927205
1385412,206.88397831927205
1066080,182.86622978738308
1351946,33.064874309659736
1160992,43.97285881075489
1448499,43.97285881075489
1460215,213.62577458661838
1269050,213.62577458661838
1040647,213.62577458661838
1387886,292.85397451262736
1364865,292.9446382298154
1018974,292.85397451262736
1278003,69.80112009217684
1452327,231.29645933322587
1497155,231.29645933322587
1224475,233.74349948823001
1260226,161.5938818171938
1059327,72.91811059349153
1393536,161.42500067071174
1171318,544.9287496724291
1232647,212.9814107271406
1163568,544.9287496724291
1244463,72.91811059349153
1211183,72.91811059349153
1135295,83.72342200515234
1346678,83.72342200515234
1348987,83.72342200515234
1410509,33.064874309659736
1233091,43.97285881075489
1090616,309.17571821240165
1071801,1041.9174258812368
1401641,1041.9174258812368
1116388,25.013209964024856
1309103,89.70462824137277
1491166,206.88397831927205
1030588,206.88397831927205
1025159,45.66606664484248
1232718,45.66606664484248
1018868,45.66606664484248
1210049,49.13898965994467
1253684,49.13898965994467
1182135,49.13898965994467
1298742,33.064874309659736
1227002,43.97285881075489
1268785,43.97285881075489
1022714,309.3246012694244
1275470,309.3246012694244
1097202,270.2766389139939
1493366,373.37273953705807
1331057,373.37273953705807
1182877,373.37273953705807
1076949,48.767932021816485
1462250,69.80112009217684
1211529,69.80112009217684
1445903,256.0759837508135
1329450,256.0759837508135
1230201,267.02492723476183
1470087,72.91811059349153
1446867,72.91811059349153
1319291,72.91811059349153
1143124,544.9287496724291
1101383,317.55939570701025
1123524,544.9287496724291
1271587,72.91811059349153
1148781,72.91811059349153
1301245,83.72342200515234
1168313,83.72342200515234
1435780,83.72342200515234
1012281,76.45564088850853
1098155,43.97285881075489
1360008,309.1097438937725
1452904,1041.9174258812368
1030802,1041.9174258812368
1106987,25.013209964024856
1151987,25.013209964024856
1134647,123.84940510274217
1475968,123.84940510274217
1338863,269.0524879976676
1378609,45.66606664484248
1039161,45.66606664484248
1011680,49.13898965994467
1298077,49.13898965994467
1295274,49.13898965994467
1309793,33.064874309659736
1052527,43.97285881075489
1109588,43.97285881075489
1336905,309.25859528339623
1468878,309.25859528339623
1138443,270.2189384224288
1275484,198.93980261403385
1332387,198.93980261403385
1448406,198.93980261403385
1131551,69.80112009217684
1218247,69.80112009217684
1476030,195.35389498349699
1068090,195.35389498349699
1185173,76.45564088850853
1366617,72.91811059349153
1198378,72.91811059349153
1182059,72.91811059349153
1118081,213.62577458661838
1325683,212.9814107271406
1130102,213.62577458661838
1491257,83.72342200515234
1382126,83.72342200515234
1191748,76.45564088850853
1466660,33.064874309659736
1390106,213.62577458661838
1244449,1041.9174258812368
1111218,1041.9174258812368
1389557,25.013209964024856
1350375,25.013209964024856
1186359,89.70462824137277
1213899,89.70462824137277
1439257,89.70462824137277
1091234,45.66606664484248
1011775,49.13898965994467
1378332,33.151174695801714
1091493,43.97285881075489
1104216,43.97285881075489
1181809,213.62577458661838
1379054,213.62577458661838
1340178,213.62577458661838
1177611,373.37273953705807
1296989,373.37273953705807
1434024,373.37273953705807
1240097,48.767932021816485
1195124,69.80112009217684
1310902,256.0759837508135
1376592,256.0759837508135
1266339,267.02492723476183
1300685,161.42500067071174
1168138,72.91811059349153
1216142,72.91811059349153
1145836,544.9287496724291
1255684,317.55939570701025
1137477,544.9287496724291
1120804,83.72342200515234
1423024,83.72342200515234
1438719,83.72342200515234
1185056,33.064874309659736
1026874,43.97285881075489
1000239,309.1097438937725
1018451,1041.9174258812368
1438212,1041.9174258812368
1111309,25.013209964024856
1036368,25.013209964024856
1232302,25.013209964024856
1203845,307.7369094479718
1250127,269.0524879976676
1168534,123.84940510274217
1463718,45.66606664484248
1129628,45.66606664484248
1152567,49.13898965994467
1308024,49.13898965994467
1075107,33.064874309659736
1022331,43.97285881075489
1446941,43.97285881075489
1209021,309.25859528339623
1189249,309.25859528339623
1443158,270.2189384224288
1009004,679.6280553316877
1374089,679.6280553316877
1079607,679.6280553316877
1329352,131.92337591025642
1280562,69.80112009217684
1103749,69.80112009217684
1066165,380.42385538854455
1081755,380.42385538854455
1230372,679.6280553316877
1266770,72.91811059349153
1443525,72.91811059349153
1387877,72.91811059349153
1373382,545.377690469417
1150804,317.55939570701025
1079093,545.377690469417
1035507,72.91811059349153
1277459,72.91811059349153
1251663,178.513063500759
1223245,178.513063500759
1385359,178.513063500759
1309145,131.92337591025642
1407808,56.84953417431313
1196459,402.99267957661584
1083320,1041.9174258812368
1185822,1041.9174258812368
1273643,25.013209964024856
1258195,25.013209964024856
1431428,123.84940510274217
1409973,123.84940510274217
1249625,123.84940510274217
1355820,45.66606664484248
1234209,45.66606664484248
1139349,45.66606664484248
1008936,131.92337591025642
1066283,131.92337591025642
1170430,131.92337591025642
1232936,56.84953417431313
1080677,56.84953417431313
1021800,56.84953417431313
1123137,402.99267957661584
1411806,402.99267957661584
1328104,402.99267957661584
1318582,679.6280553316877
1460235,679.6280553316877
1313982,679.6280553316877
1202724,131.92337591025642
1366938,69.80112009217684
1181409,69.80112009217684
1230032,380.42385538854455
1122286,380.42385538854455
1493246,131.92337591025642
1482713,72.91811059349153
1154157,72.91811059349153
1365677,72.91811059349153
1136265,545.377690469417
1229533,317.55939570701025
1305186,545.377690469417
1159457,72.91811059349153
1118236,178.513063500759
1280982,178.513063500759
1212852,131.92337591025642
1215713,56.84953417431313
1350519,56.84953417431313
1403497,317.55939570701025
1140321,1041.9174258812368
1446737,1041.9174258812368
1106173,25.013209964024856
1481387,25.013209964024856
1065238,380.42385538854455
1183033,380.42385538854455
1229149,380.42385538854455
1097281,54.552970886915695
1356234,54.552970886915695
1471059,54.552970886915695
1383245,123.84940510274217
1378355,123.84940510274217
1363066,123.84940510274217
1165483,45.66606664484248
1081138,45.66606664484248
1466102,45.66606664484248
1497165,679.6280553316877
1079199,131.92337591025642
1422221,131.92337591025642
1169305,56.84953417431313
1468137,56.84953417431313
1407007,56.84953417431313
1454261,402.99267957661584
1294443,402.99267957661584
1440024,402.99267957661584
1180058,288.51677607585594
1419811,288.606101623183
1486660,288.51677607585594
1465689,48.767932021816485
1136864,69.80112009217684
1006792,69.80112009217684
1050241,227.93844508974954
1200761,227.86783175737463
1090212,76.45564088850853
1310650,72.91811059349153
1382624,72.91811059349153
1155781,72.91811059349153
1247682,544.9287496724291
1304450,212.9814107271406
1196458,544.9287496724291
1157252,72.91811059349153
1299746,72.91811059349153
1336037,72.91811059349153
1122743,83.72342200515234
1445716,83.72342200515234
1338896,83.72342200515234
1272933,76.45564088850853
1455058,33.064874309659736
1004938,43.97285881075489
1336737,309.1097438937725
1453619,1041.9174258812368
1453388,1041.9174258812368
1415166,25.013209964024856
1095178,25.013209964024856
1185761,25.013209964024856
1065427,89.70462824137277
1158519,89.70462824137277
1454709,89.70462824137277
1244297,45.66606664484248
1421956,49.13898965994467
1444887,49.13898965994467
1393415,49.13898965994467
1188398,33.151174695801714
1349856,43.97285881075489
1275306,43.97285881075489
1181771,309.1097438937725
1473546,309.1097438937725
1220699,270.2189384224288
1163835,201.93506461957222
1077197,201.99767683142636
1078943,201.93506461957222
1141699,48.767932021816485
1431365,69.80112009217684
1323704,69.80112009217684
1144725,198.2954371556617
1251827,198.23396685547178
1035762,198.5355659347451
1120903,72.91811059349153
1137816,72.91811059349153
1051613,72.91811059349153
1067751,544.9287496724291
1252232,317.55939570701025
1237824,544.9287496724291
1281696,72.91811059349153
1458838,72.91811059349153
1196617,83.72342200515234
1202967,83.72342200515234
1486074,76.45564088850853
1109827,33.064874309659736
1148446,309.17571821240165
1089612,1041.9174258812368
1091853,1041.9174258812368
1474470,25.013209964024856
1161356,25.013209964024856
1182360,123.84940510274217
1144385,123.84940510274217
1300003,123.84940510274217
1025058,45.66606664484248
1267543,49.13898965994467
1064112,49.13898965994467
1429670,33.151174695801714
1234570,43.97285881075489
1208998,43.97285881075489
1168162,309.17571821240165
1272298,309.17571821240165
1306135,270.2766389139939
1224760,373.37273953705807
1178379,373.37273953705807
1001682,373.37273953705807
1226758,48.767932021816485
1156896,69.80112009217684
1409965,69.80112009217684
1085877,256.0759837508135
1435973,256.0759837508135
1420872,267.02492723476183
1357911,72.91811059349153
1381530,72.91811059349153
1244720,72.91811059349153
1408421,544.9287496724291
1030388,212.9814107271406
1142936,544.9287496724291
1029029,83.72342200515234
1241621,83.72342200515234
1108100,83.72342200515234
1341505,76.45564088850853
1146546,33.064874309659736
1228717,33.064874309659736
1300602,309.17571821240165
1412835,1041.9174258812368
1035112,1041.9174258812368
1482787,25.013209964024856
1260742,25.013209964024856
1150221,89.70462824137277
1233965,89.70462824137277
1001960,89.70462824137277
1232649,45.66606664484248
1438231,45.66606664484248
1214818,49.13898965994467
1293933,49.13898965994467
1338782,49.13898965994467
1245831,33.151174695801714
1113366,43.97285881075489
1064876,43.97285881075489
1393509,309.17571821240165
1351558,309.17571821240165
1294647,270.2766389139939
1138065,267.02492723476183
1217089,267.02492723476183
1298211,267.02492723476183
1270301,48.767932021816485
1233935,69.80112009217684
1402841,69.80112009217684
1167747,256.0759837508135
1472216,256.0759837508135
1081681,76.45564088850853
1373773,72.91811059349153
1254793,72.91811059349153
1200397,544.9287496724291
1057243,212.9814107271406
1004840,544.9287496724291
1369700,72.91811059349153
1447326,72.91811059349153
1205205,83.72342200515234
1320421,83.72342200515234
1248311,83.72342200515234
1221841,76.45564088850853
1207153,33.064874309659736
1078593,33.151174695801714
1258579,212.9814107271406
1271523,1041.9174258812368
1430507,1041.9174258812368
1172071,25.013209964024856
1366224,25.013209964024856
1326194,25.013209964024856
1321713,256.0759837508135
1146830,77.03313137284691
1183728,256.0759837508135
1241401,54.552970886915695
1105062,54.552970886915695
1365486,89.70462824137277
1405527,89.70462824137277
1196339,89.70462824137277
1124619,45.66606664484248
1371814,45.66606664484248
1178892,77.03313137284691
1384956,49.13898965994467
1287737,49.13898965994467
1442657,43.8592119123437
1459362,43.97285881075489
1453914,43.97285881075489
1198977,212.9814107271406
1206990,212.9814107271406
1013394,270.2189384224288
1012461,201.93506461957222
1355967,201.93506461957222
1401298,200.51210892999336
1279289,76.45564088850853
1150568,69.80112009217684
1054094,69.80112009217684
1229774,198.23396685547178
1022036,198.2954371556617
1364365,76.45564088850853
1076235,72.91811059349153
1143542,72.91811059349153
1019852,72.91811059349153
1082297,544.9287496724291
1272303,212.9814107271406
1033177,544.9287496724291
1243977,72.91811059349153
1145076,83.72342200515234
1235244,83.72342200515234
1314294,83.72342200515234
1365195,76.45564088850853
1229625,33.064874309659736
1448117,43.97285881075489
1178515,212.9814107271406
1432714,1041.9174258812368
1118544,1041.9174258812368
1416590,25.013209964024856
1384503,43.8592119123437
1245702,77.03313137284691
1442280,54.552970886915695
1367431,54.552970886915695
1236347,54.552970886915695
1078323,89.70462824137277
1148984,89.70462824137277
1343302,89.70462824137277
1414288,45.66606664484248
1377256,45.66606664484248
1364788,77.03313137284691
1309897,49.13898965994467
1142412,49.13898965994467
1226780,43.97285881075489
1213361,43.97285881075489
1002890,212.9814107271406
1086028,212.9814107271406
1333390,270.2766389139939
1327142,679.6280553316877
1393728,679.6280553316877
1189658,679.6280553316877
1205070,131.92337591025642
1009043,69.80112009217684
1033147,69.80112009217684
1109999,380.42385538854455
1199684,380.42385538854455
1366158,131.92337591025642
1066120,72.91811059349153
1483400,72.91811059349153
1175832,72.91811059349153
1223412,545.377690469417
1372987,317.55939570701025
1480786,545.377690469417
1395859,72.91811059349153
1462952,72.91811059349153
1489537,72.91811059349153
1441614,178.513063500759
1087963,178.513063500759
1492687,178.513063500759
1406914,131.92337591025642
1260976,56.84953417431313
1347680,317.55939570701025
1159794,1041.9174258812368
1265893,1041.9174258812368
1241569,25.013209964024856
1229122,25.013209964024856
1303406,25.013209964024856
1428532,380.42385538854455
1263274,380.42385538854455
1031078,380.42385538854455
1165481,54.552970886915695
1127930,54.552970886915695
1108613,54.552970886915695
1421424,123.84940510274217
1337287,123.84940510274217
1176152,123.84940510274217
1343801,45.66606664484248
1434553,45.66606664484248
1327498,45.66606664484248
1151084,131.92337591025642
1285260,131.92337591025642
1249009,131.92337591025642
1240396,56.84953417431313
1117959,56.84953417431313
1472988,56.84953417431313
1184246,317.55939570701025
1222113,317.55939570701025
1053161,402.99267957661584
1350644,679.6280553316877
1185453,679.6280553316877
1393875,679.6280553316877
1155630,131.92337591025642
1090332,69.80112009217684
1279092,69.80112009217684
1304158,380.42385538854455
1165089,380.42385538854455
1424073,131.92337591025642
1370272,72.91811059349153
1179367,72.91811059349153
1315916,72.91811059349153
1179049,545.377690469417
1291763,317.55939570701025
1395897,545.377690469417
1274992,72.91811059349153
1486982,72.91811059349153
1437992,72.91811059349153
1030881,178.513063500759
1449932,178.513063500759
1374934,178.513063500759
1221819,131.92337591025642
1018876,56.84953417431313
1386370,56.84953417431313
1032299,317.55939570701025
1150157,1041.9174258812368
1032558,1041.9174258812368
1091280,25.013209964024856
1090320,25.013209964024856
1215092,380.42385538854455
1441270,380.42385538854455
1065825,380.42385538854455
1496861,54.552970886915695
1220695,54.552970886915695
1118499,54.552970886915695
1277788,123.84940510274217
1028415,123.84940510274217
1058377,123.84940510274217
1058203,45.66606664484248
1451083,45.66606664484248
1083836,45.66606664484248
1013490,131.92337591025642
1287375,131.92337591025642
1405566,131.92337591025642
1056626,56.84953417431313
1388386,56.84953417431313
1373254,56.84953417431313
1484423,317.55939570701025
1258533,317.55939570701025
1114965,402.99267957661584
1075058,199.00149068801363
1323949,198.93980261403385
1408074,198.93980261403385
1250534,48.767932021816485
1444561,69.80112009217684
1342935,69.80112009217684
1025464,195.29333196690015
1074066,195.35389498349699
1273706,195.59047953226295
1203492,72.91811059349153
1408921,161.42500067071174
1221151,72.91811059349153
1450019,544.9287496724291
1371024,317.55939570701025
1044231,544.9287496724291
1346629,72.91811059349153
1152949,72.91811059349153
1474865,83.72342200515234
1191446,83.72342200515234
1175109,76.45564088850853
1014725,33.064874309659736
1175207,43.97285881075489
1060235,309.1097438937725
1051619,1041.9174258812368
1161743,1041.9174258812368
1084551,25.013209964024856
1228342,269.0524879976676
1148724,123.84940510274217
1436823,123.84940510274217
1294764,45.66606664484248
1238365,49.13898965994467
1132553,49.13898965994467
1110389,43.97285881075489
1179414,43.97285881075489
1379585,309.25859528339623
1103117,309.25859528339623
1174564,270.2189384224288
1019750,373.37273953705807
1467189,373.37273953705807
1083326,373.37273953705807
1060989,48.767932021816485
1031082,69.80112009217684
1330372,69.80112009217684
1415361,256.0759837508135
1405041,256.0759837508135
1277919,267.02492723476183
1179936,72.91811059349153
1122653,72.91811059349153
1126746,544.9287496724291
1286535,212.9814107271406
1075135,544.9287496724291
1191038,72.91811059349153
1051743,83.72342200515234
1412947,83.72342200515234
1386138,76.45564088850853
1183542,43.97285881075489
1253731,309.17571821240165
1388765,1041.9174258812368
1316517,1041.9174258812368
1447951,25.013209964024856
1029430,25.013209964024856
1167708,89.70462824137277
1008958,182.86622978738308
1247967,206.88397831927205
1203050,45.66606664484248
1117272,45.66606664484248
1164049,45.66606664484248
1309077,49.13898965994467
1152692,49.13898965994467
1304019,49.13898965994467
1102018,43.97285881075489
1392035,43.97285881075489
1108262,309.3246012694244
1286209,309.3246012694244
1079439,270.2766389139939
1094768,195.89123127808176
1425078,195.89123127808176
1007209,195.89123127808176
1226604,48.767932021816485
1039007,193.96001242441147
1029038,193.96001242441147
1068960,76.45564088850853
1113318,72.91811059349153
1185029,72.91811059349153
1198442,72.91811059349153
1287231,213.62577458661838
1011881,212.9814107271406
1232434,213.62577458661838
1495173,33.064874309659736
1059960,212.9814107271406
1313421,1041.9174258812368
1428766,1041.9174258812368
1010331,25.013209964024856
1412109,25.013209964024856
1423216,89.70462824137277
1383534,89.70462824137277
1389117,89.70462824137277
1105799,77.03313137284691
1439341,49.13898965994467
1081423,43.97285881075489
1286540,43.97285881075489
1112602,212.9814107271406
1274554,212.9814107271406
1221456,213.62577458661838
1328835,267.02492723476183
1131459,267.02492723476183
1096610,267.02492723476183
1262092,48.767932021816485
1127666,69.80112009217684
1115978,69.80112009217684
1095368,256.0759837508135
1033758,256.0759837508135
1359792,76.45564088850853
1112398,72.91811059349153
1239082,72.91811059349153
1251424,72.91811059349153
1333514,544.9287496724291
1037582,212.9814107271406
1117072,544.9287496724291
1088111,72.91811059349153
1436892,72.91811059349153
1304104,83.72342200515234
1447677,83.72342200515234
1277532,83.72342200515234
1014950,76.45564088850853
1287716,33.064874309659736
1087842,212.9814107271406
1288985,1041.9174258812368
1258199,1041.9174258812368
1459135,25.013209964024856
1208631,25.013209964024856
1418302,25.013209964024856
1167549,256.0759837508135
1442242,256.0759837508135
1306774,256.0759837508135
1468273,54.552970886915695
1407633,54.552970886915695
1235156,54.552970886915695
1486929,89.70462824137277
1344920,89.70462824137277
1051981,89.70462824137277
1249185,45.66606664484248
1491536,45.66606664484248
1149962,77.03313137284691
1345579,49.13898965994467
1444631,49.13898965994467
1220238,33.064874309659736
1035004,43.97285881075489
1151818,43.97285881075489
1079774,212.9814107271406
1348908,212.9814107271406
1301239,270.2766389139939
1165312,267.68164500409625
1107240,267.02492723476183
1075276,267.02492723476183
1425377,48.767932021816485
1361060,69.80112009217684
1174386,69.80112009217684
1385420,256.0759837508135
1087440,256.0759837508135
1093409,76.45564088850853
1428145,72.91811059349153
1316942,72.91811059349153
1209794,72.91811059349153
1206396,213.62577458661838
1015193,212.9814107271406
1391402,213.62577458661838
1376423,83.72342200515234
1235519,83.72342200515234
1193174,83.72342200515234
1043312,33.064874309659736
1281035,33.151174695801714
1311326,212.9814107271406
1044397,1041.9174258812368
1243253,1041.9174258812368
1440334,25.013209964024856
1118156,77.03313137284691
1352707,256.0759837508135
1424787,256.0759837508135
1045222,54.552970886915695
1368447,54.552970886915695
1400203,54.552970886915695
1438927,89.70462824137277
1070475,89.70462824137277
1297117,89.70462824137277
1286904,45.66606664484248
1061984,45.66606664484248
1226060,77.03313137284691
1478109,49.13898965994467
1349761,49.13898965994467
1394329,43.97285881075489
1127659,43.97285881075489
1297146,213.62577458661838
1451772,213.62577458661838
1470662,213.62577458661838
1169852,552.1082667017112
1154015,552.1082667017112
1453206,552.1082667017112
1353248,131.92337591025642
1194111,69.80112009217684
1354008,69.80112009217684
1243256,345.98465481657826
1308796,345.98465481657826
1060557,131.92337591025642
1114607,72.91811059349153
1280829,72.91811059349153
1363865,72.91811059349153
1167634,544.9287496724291
1044391,317.55939570701025
1111828,544.9287496724291
1276735,72.91811059349153
1467304,72.91811059349153
1078445,178.513063500759
1377809,178.513063500759
1420293,178.513063500759
1444603,131.92337591025642
1274531,33.064874309659736
1179843,33.151174695801714
1142629,317.55939570701025
1367832,1041.9174258812368
1441005,1041.9174258812368
1122374,25.013209964024856
1185511,345.98465481657826
1233708,345.98465481657826
1427047,345.98465481657826
1441170,54.552970886915695
1431518,54.552970886915695
1054223,54.552970886915695
1495200,123.84940510274217
1146335,123.84940510274217
1206301,123.84940510274217
1409480,45.66606664484248
1121979,45.66606664484248
1453325,45.66606664484248
1248345,131.92337591025642
1029671,131.92337591025642
1311954,131.92337591025642
1201289,33.064874309659736
1223150,43.97285881075489
1336467,43.97285881075489
1191177,317.55939570701025
1083550,317.55939570701025
1283359,270.2189384224288
1365978,373.37273953705807
1114886,373.37273953705807
1467615,373.37273953705807
1479779,48.767932021816485
1258801,69.80112009217684
1287867,69.80112009217684
1237737,256.0759837508135
1285268,256.0759837508135
1443123,267.02492723476183
1369157,72.91811059349153
1155410,72.91811059349153
1095804,72.91811059349153
1215216,544.9287496724291
1304127,317.55939570701025
1261101,544.9287496724291
1128126,72.91811059349153
1136502,72.91811059349153
1234971,178.513063500759
1447907,178.513063500759
1364763,178.513063500759
1427813,76.45564088850853
1446359,33.064874309659736
1133369,43.97285881075489
1080009,309.1097438937725
1280020,1041.9174258812368
1475697,1041.9174258812368
1266036,25.013209964024856
1397921,25.013209964024856
1249113,25.013209964024856
1424908,123.84940510274217
1028250,307.7369094479718
1051747,269.0524879976676
1319798,45.66606664484248
1439914,45.66606664484248
1280466,49.13898965994467
1381451,49.13898965994467
1297352,49.13898965994467
1486121,33.064874309659736
1096847,43.8592119123437
1223786,43.97285881075489
1034228,309.25859528339623
1480622,309.25859528339623
1388877,270.2189384224288
1265643,288.606101623183
1349938,288.606101623183
1086855,288.606101623183
1467572,69.80112009217684
1287120,69.80112009217684
1233056,227.93844508974954
1281373,227.86783175737463
1359692,230.20741914489903
1037344,72.91811059349153
1323752,72.91811059349153
1124524,72.91811059349153
1210842,544.9287496724291
1452815,212.9814107271406
1433742,544.9287496724291
1473807,72.91811059349153
1466241,72.91811059349153
1283499,72.91811059349153
1177655,83.72342200515234
1165860,83.72342200515234
1423393,83.72342200515234
1359559,76.45564088850853
1009910,33.064874309659736
1311852,43.97285881075489
1069980,309.1097438937725
1126737,1041.9174258812368
1343858,1041.9174258812368
1096127,25.013209964024856
1180122,25.013209964024856
1476984,25.013209964024856
1371198,89.70462824137277
1278606,89.70462824137277
1263980,89.70462824137277
1457860,45.66606664484248
1052867,45.66606664484248
1031655,45.66606664484248
1305800,49.13898965994467
1465418,49.13898965994467
1000119,49.13898965994467
1285974,43.97285881075489
1278915,43.97285881075489
1218127,309.1097438937725
1103679,309.1097438937725
1483536,270.2189384224288
1210680,201.99767683142636
1410454,201.93506461957222
1069802,201.99767683142636
1316041,48.767932021816485
1066872,69.80112009217684
1492890,69.80112009217684
1382675,198.2954371556617
1189808,198.23396685547178
1355233,198.47402156969744
1146613,72.91811059349153
1140422,72.91811059349153
1332326,72.91811059349153
1143142,544.9287496724291
1215064,212.9814107271406
1187193,544.9287496724291
1335910,72.91811059349153
1045845,72.91811059349153
1301699,83.72342200515234
1395269,76.45564088850853
1151954,43.97285881075489
1023979,309.17571821240165
1102244,1041.9174258812368
1112950,1041.9174258812368
1249463,25.013209964024856
1437490,25.013209964024856
1362996,89.70462824137277
1261591,89.70462824137277
1386312,89.70462824137277
1087412,45.66606664484248
1360278,45.66606664484248
1141438,49.13898965994467
1279045,49.13898965994467
1318675,49.13898965994467
1150418,33.151174695801714
1132502,43.97285881075489
1205741,43.97285881075489
1038747,1041.9174258812368
1157526,1041.9174258812368
1269099,270.2766389139939
1052017,679.6280553316877
1351714,679.6280553316877
1079368,679.6280553316877
1058360,131.92337591025642
1364127,69.80112009217684
1437934,69.80112009217684
1292983,380.42385538854455
1486011,380.42385538854455
1099221,131.92337591025642
1099528,72.91811059349153
1092985,72.91811059349153
1066687,72.91811059349153
1058556,545.377690469417
1229539,317.55939570701025
1149272,545.377690469417
1277023,72.91811059349153
1232348,72.91811059349153
1240251,72.91811059349153
1082662,178.513063500759
1052320,178.513063500759
1447264,178.513063500759
1281392,131.92337591025642
1189762,56.84953417431313
1216663,56.84953417431313
1297480,317.55939570701025
1147532,1041.9174258812368
1132317,1041.9174258812368
1067370,25.013209964024856
1158868,25.013209964024856
1396660,25.013209964024856
1177651,380.42385538854455
1017711,380.42385538854455
1430253,380.42385538854455
1366211,54.552970886915695
1489348,54.552970886915695
1134692,54.552970886915695
1088551,123.84940510274217
1400933,123.84940510274217
1077544,123.84940510274217
1329046,45.66606664484248
1054376,45.66606664484248
1041761,45.66606664484248
1286192,131.92337591025642
1237636,131.92337591025642
1207260,131.92337591025642
1040659,56.84953417431313
1398440,56.84953417431313
1214968,56.84953417431313
1465365,317.55939570701025
1173359,317.55939570701025
1238143,402.99267957661584
1389027,198.8408231880495
1438706,198.8408231880495
1304503,198.00110590391293
1294685,69.80112009217684
1356431,69.80112009217684
1028461,196.81963916107793
1463605,196.81963916107793
1049233,76.45564088850853
1288867,72.91811059349153
1353480,72.91811059349153
1472800,72.91811059349153
1063313,213.62577458661838
1239916,212.9814107271406
1067887,213.62577458661838
1110530,83.72342200515234
1205668,83.72342200515234
1382956,83.72342200515234
1305198,76.45564088850853
1222096,33.064874309659736
1053275,43.97285881075489
1303892,212.9814107271406
1366790,1041.9174258812368
1131553,1041.9174258812368
1071864,25.013209964024856
1166942,196.88067309416985
1386720,196.81963916107793
1402512,196.88067309416985
1218776,54.552970886915695
1268696,54.552970886915695
1485716,54.552970886915695
1361772,89.70462824137277
1144924,89.70462824137277
1011507,89.70462824137277
1300533,45.66606664484248
1144255,49.13898965994467
1253465,49.13898965994467
1140398,33.064874309659736
1268737,43.97285881075489
1008654,43.97285881075489
1079479,213.62577458661838
1041893,213.62577458661838
1002198,213.62577458661838
1324576,679.6280553316877
1164908,679.6280553316877
1487402,679.6280553316877
1298831,131.92337591025642
1462554,69.80112009217684
1065645,69.80112009217684
1352126,380.42385538854455
1319141,380.42385538854455
1266277,131.92337591025642
1086088,72.91811059349153
1180004,72.91811059349153
1428749,72.91811059349153
1031143,545.377690469417
1034621,317.55939570701025
1111734,545.377690469417
1151385,178.513063500759
1390101,178.513063500759
1422296,178.513063500759
1129020,131.92337591025642
1012264,56.84953417431313
1336097,317.55939570701025
1316018,1041.9174258812368
1043916,1041.9174258812368
1154721,25.013209964024856
1446239,25.013209964024856
1177218,380.42385538854455
1249354,131.92337591025642
1336425,380.42385538854455
1057468,54.552970886915695
1307655,54.552970886915695
1066019,54.552970886915695
1378906,123.84940510274217
1387452,123.84940510274217
1062163,123.84940510274217
1244888,45.66606664484248
1259215,45.66606664484248
1208083,131.92337591025642
1100203,131.92337591025642
1131297,131.92337591025642
1467641,56.84953417431313
1299994,56.84953417431313
1155055,317.55939570701025
1000105,317.55939570701025
1025335,402.99267957661584
1349929,679.6280553316877
1185779,679.6280553316877
1046382,679.6280553316877
1025866,131.92337591025642
1031599,69.80112009217684
1060085,69.80112009217684
1287542,380.42385538854455
1308085,380.42385538854455
1267877,131.92337591025642
1278982,72.91811059349153
1291901,72.91811059349153
1073276,72.91811059349153
1142781,545.377690469417
1079855,317.55939570701025
1356616,545.377690469417
1187865,72.91811059349153
1056121,72.91811059349153
1242035,72.91811059349153
1078995,178.513063500759
1333324,178.513063500759
1068853,178.513063500759
1367348,131.92337591025642
1404802,56.84953417431313
1491605,56.84953417431313
1468486,317.55939570701025
1053955,1041.9174258812368
1123692,1041.9174258812368
1350493,25.013209964024856
1291172,25.013209964024856
1357847,25.013209964024856
1266608,380.42385538854455
1412748,380.42385538854455
1377611,380.42385538854455
1451180,54.552970886915695
1306218,54.552970886915695
1144384,54.552970886915695
1245740,123.84940510274217
1149171,123.84940510274217
1083487,123.84940510274217
1362249,45.66606664484248
1202324,45.66606664484248
1110233,131.92337591025642
1031442,131.92337591025642
1222650,131.92337591025642
1248715,56.84953417431313
1118461,56.84953417431313
1231774,56.84953417431313
1035138,317.55939570701025
1450335,317.55939570701025
1397885,402.99267957661584
1486028,679.6280553316877
1213389,679.6280553316877
1055966,679.6280553316877
1444377,131.92337591025642
1177300,69.80112009217684
1380652,69.80112009217684
1098169,380.42385538854455
1210151,380.42385538854455
1275715,679.6280553316877
1212725,72.91811059349153
1292414,72.91811059349153
1169301,72.91811059349153
1426674,545.377690469417
1047310,317.55939570701025
1121467,545.377690469417
1086610,72.91811059349153
1440438,72.91811059349153
1072222,72.91811059349153
1416370,178.513063500759
1456294,178.513063500759
1330934,178.513063500759
1311030,131.92337591025642
1474006,56.84953417431313
1033993,56.84953417431313
1052133,402.99267957661584
1404698,1041.9174258812368
1194956,1041.9174258812368
1270770,25.013209964024856
1013434,25.013209964024856
1040462,25.013209964024856
1369168,123.84940510274217
1117429,123.84940510274217
1339008,307.7369094479718
1449755,45.66606664484248
1336558,45.66606664484248
1369059,45.66606664484248
1419513,131.92337591025642
1295497,131.92337591025642
1495193,131.92337591025642
1009387,56.84953417431313
1489542,56.84953417431313
1442804,56.84953417431313
1332189,402.99267957661584
1499518,402.99267957661584
1379662,402.99267957661584
1468175,198.93980261403385
1052376,198.93980261403385
1130535,198.93980261403385
1180055,48.767932021816485
1030286,69.80112009217684
1227742,69.80112009217684
1167629,195.29333196690015
1469431,195.29333196690015
1390427,195.59047953226295
1401174,72.91811059349153
1394966,72.91811059349153
1161844,544.9287496724291
1345514,212.9814107271406
1211349,544.9287496724291
1247038,83.72342200515234
1343032,83.72342200515234
1391420,76.45564088850853
1275184,33.064874309659736
1251536,43.97285881075489
1325298,309.1097438937725
1465194,1041.9174258812368
1232785,1041.9174258812368
1122843,206.88397831927205
1003413,89.70462824137277
1207858,89.70462824137277
1283777,45.66606664484248
1476365,49.13898965994467
1419230,49.13898965994467
1116062,33.064874309659736
1164662,43.97285881075489
1074978,43.8592119123437
1089445,309.25859528339623
1499504,309.25859528339623
1023661,270.2189384224288
1094690,367.66451142142944
1480916,367.66451142142944
1082120,367.66451142142944
1370405,69.80112009217684
1381638,69.80112009217684
1268097,254.25104551803662
1343145,254.25104551803662
1096442,264.80200255916003
1451556,72.91811059349153
1010218,72.91811059349153
1366713,72.91811059349153
1058122,213.62577458661838
1319974,212.9814107271406
1360289,213.62577458661838
1398540,83.72342200515234
1189023,83.72342200515234
1402888,76.45564088850853
1483429,33.064874309659736
1349515,43.97285881075489
1458343,213.62577458661838
1222330,1041.9174258812368
1497052,1041.9174258812368
1195504,25.013209964024856
1262825,25.013209964024856
1007957,89.70462824137277
1180672,89.70462824137277
1391916,89.70462824137277
1387003,45.66606664484248
1227588,49.13898965994467
1019300,49.13898965994467
1445161,49.13898965994467
1496802,33.151174695801714
1223894,43.97285881075489
1393921,43.97285881075489
1319382,213.62577458661838
1275605,213.62577458661838
1404071,213.62577458661838
1338733,373.37273953705807
1418346,373.37273953705807
1209298,373.37273953705807
1389663,48.767932021816485
1332257,69.80112009217684
1144509,69.80112009217684
1256024,256.0759837508135
1331367,256.0759837508135
1004578,267.02492723476183
1346606,72.91811059349153
1200413,72.91811059349153
1332431,72.91811059349153
1133666,544.9287496724291
1259331,212.9814107271406
1095638,544.9287496724291
1049770,72.91811059349153
1006149,72.91811059349153
1104854,72.91811059349153
1159662,83.72342200515234
1157559,83.72342200515234
1209556,76.45564088850853
1086282,33.064874309659736
1349724,33.064874309659736
1250084,309.1097438937725
1320497,1041.9174258812368
1248373,1041.9174258812368
1279339,25.013209964024856
1359744,206.88397831927205
1262299,206.88397831927205
1376287,206.88397831927205
1338544,45.66606664484248
1425455,45.66606664484248
1459453,49.13898965994467
1232796,49.13898965994467
1434549,49.13898965994467
1067348,33.151174695801714
1274821,43.8592119123437
1058362,43.8592119123437
1472460,309.1097438937725
1210078,309.1097438937725
1218897,270.2189384224288
1038791,373.37273953705807
1021993,373.37273953705807
1188905,267.02492723476183
1212228,48.767932021816485
1168918,69.80112009217684
1144232,69.80112009217684
1115180,256.0759837508135
1031803,256.0759837508135
1152573,76.45564088850853
1091471,72.91811059349153
1388976,72.91811059349153
1381358,72.91811059349153
1130619,544.9287496724291
1139577,212.9814107271406
1326969,544.9287496724291
1384889,72.91811059349153
1232549,72.91811059349153
1216944,83.72342200515234
1145467,83.72342200515234
1245225,83.72342200515234
1268061,76.45564088850853
1108169,33.064874309659736
1270179,33.151174695801714
1077955,212.9814107271406
1358943,1041.9174258812368
1181871,1041.9174258812368
1346636,25.013209964024856
1280906,25.013209964024856
1432772,25.013209964024856
1050289,77.03313137284691
1015088,77.03313137284691
1406512,256.0759837508135
1452410,54.552970886915695
1345120,54.552970886915695
1492039,54.552970886915695
1135545,89.70462824137277
1095231,89.70462824137277
1052061,89.70462824137277
1180965,45.66606664484248
1415441,45.66606664484248
1181335,45.66606664484248
1108509,77.03313137284691
1185994,49.13898965994467
1050693,49.13898965994467
1088772,33.064874309659736
1177684,43.97285881075489
1447902,43.97285881075489
1119531,212.9814107271406
1137260,212.9814107271406
1171690,270.2189384224288
1349640,267.02492723476183
1013001,267.02492723476183
1085396,267.02492723476183
1210473,48.767932021816485
1383428,69.80112009217684
1420224,69.80112009217684
1436586,256.0759837508135
1411161,256.0759837508135
1242304,76.45564088850853
1271724,72.91811059349153
1066734,72.91811059349153
1389761,72.91811059349153
1007829,213.62577458661838
1358951,212.9814107271406
1366689,213.62577458661838
1411916,72.91811059349153
1448616,72.91811059349153
1498333,83.72342200515234
1162719,83.72342200515234
1021598,83.72342200515234
1034912,76.45564088850853
1039898,33.064874309659736
1004559,33.151174695801714
1361824,212.9814107271406
1413681,1041.9174258812368
1253275,1041.9174258812368
1120019,25.013209964024856
1428931,256.0759837508135
1393220,256.0759837508135
1189592,256.0759837508135
1304893,54.552970886915695
1196547,54.552970886915695
1234362,54.552970886915695
1096408,89.70462824137277
1015877,89.70462824137277
1452142,89.70462824137277
1317910,45.66606664484248
1014438,45.66606664484248
1151863,45.66606664484248
1245920,77.03313137284691
1405401,49.13898965994467
1271433,49.13898965994467
1189202,33.4631605902943
1152407,43.97285881075489
1086170,43.97285881075489
1082523,213.62577458661838
1446998,213.62577458661838
1433590,213.62577458661838
1031471,200.57428211272605
1404058,200.51210892999336
1419372,200.51210892999336
1464863,48.767932021816485
1041129,69.80112009217684
1089153,69.80112009217684
1403041,198.23396685547178
1446499,198.2954371556617
1279331,76.45564088850853
1368546,72.91811059349153
1389405,72.91811059349153
1081122,72.91811059349153
1158128,544.9287496724291
1345826,317.55939570701025
1392817,544.9287496724291
1432390,72.91811059349153
1360123,72.91811059349153
1207971,83.72342200515234
1318026,76.45564088850853
1017200,33.064874309659736
1001837,33.151174695801714
1068162,317.55939570701025
1268993,1041.9174258812368
1331710,1041.9174258812368
1393810,25.013209964024856
1299363,25.013209964024856
1295451,77.03313137284691
1290936,198.2954371556617
1100322,54.552970886915695
1053078,54.552970886915695
1446887,54.552970886915695
1489133,123.84940510274217
1222642,123.84940510274217
1185374,123.84940510274217
1188655,45.66606664484248
1219979,45.66606664484248
1130670,77.03313137284691
1124601,49.13898965994467
1458686,49.13898965994467
1248048,33.064874309659736
1474450,43.97285881075489
1427746,43.97285881075489
1346290,317.55939570701025
1204575,317.55939570701025
1483269,270.2766389139939
1214130,292.9446382298154
1347952,292.9446382298154
1463410,292.85397451262736
1119490,48.767932021816485
1284206,69.80112009217684
1257317,69.80112009217684
1079666,231.3681305111564
1170512,231.29645933322587
1208467,233.67109565607413
1466198,72.91811059349153
1270068,72.91811059349153
1417092,72.91811059349153
1302292,544.9287496724291
1255787,317.55939570701025
1483725,544.9287496724291
1306889,72.91811059349153
1474997,72.91811059349153
1164216,72.91811059349153
1377872,178.513063500759
1054478,178.513063500759
1104736,178.513063500759
1473421,76.45564088850853
1422919,33.064874309659736
1044743,43.97285881075489
1049667,309.17571821240165
1214145,1041.9174258812368
1290504,1041.9174258812368
1114571,25.013209964024856
1413083,25.013209964024856
1235782,25.013209964024856
1438802,307.7369094479718
1176285,123.84940510274217
1430576,269.0524879976676
1123997,45.66606664484248
1198524,45.66606664484248
1195152,49.13898965994467
1249481,49.13898965994467
1317440,49.13898965994467
1047777,33.064874309659736
1187505,43.97285881075489
1021611,43.97285881075489
1337388,309.3246012694244
1039778,309.3246012694244
1252627,270.2766389139939
1354719,679.6280553316877
1381352,679.6280553316877
1430679,679.6280553316877
1161082,131.92337591025642
1213511,69.80112009217684
1055182,69.80112009217684
1040633,380.42385538854455
1346803,380.42385538854455
1259804,131.92337591025642
1112317,72.91811059349153
1489069,72.91811059349153
1349919,72.91811059349153
1487539,545.377690469417
1426307,317.55939570701025
1114271,545.377690469417
1007918,72.91811059349153
1013318,72.91811059349153
1166543,72.91811059349153
1410365,178.513063500759
1062577,178.513063500759
1051401,178.513063500759
1364228,131.92337591025642
1438085,56.84953417431313
1076982,56.84953417431313
1479459,317.55939570701025
1170712,1041.9174258812368
1460894,1041.9174258812368
1311386,25.013209964024856
1436420,25.013209964024856
1436746,25.013209964024856
1225685,380.42385538854455
1128539,380.42385538854455
1185698,380.42385538854455
1365509,54.552970886915695
1281758,54.552970886915695
1395999,54.552970886915695
1241768,123.84940510274217
1046319,123.84940510274217
1076695,123.84940510274217
1078579,45.66606664484248
1195817,45.66606664484248
1273884,131.92337591025642
1039589,131.92337591025642
1281969,131.92337591025642
1340721,56.84953417431313
1202035,56.84953417431313
1442844,56.84953417431313
1204846,402.99267957661584
1428028,402.99267957661584
1102785,402.99267957661584
1478615,679.6280553316877
1429643,679.6280553316877
1436356,679.6280553316877
1221917,131.92337591025642
1006261,69.80112009217684
1436526,69.80112009217684
1435423,380.42385538854455
1105663,380.42385538854455
1288768,131.92337591025642
1236590,72.91811059349153
1038286,72.91811059349153
1348063,72.91811059349153
1254383,545.377690469417
1465908,317.55939570701025
1193244,545.377690469417
1139130,72.91811059349153
1287019,72.91811059349153
1045716,178.513063500759
1124713,178.513063500759
1492002,178.513063500759
1074491,131.92337591025642
1126741,56.84953417431313
1443689,56.84953417431313
1428574,402.99267957661584
1230706,1041.9174258812368
1244397,1041.9174258812368
1400135,25.013209964024856
1123096,25.013209964024856
1462006,123.84940510274217
1396409,123.84940510274217
1112056,123.84940510274217
1201241,45.66606664484248
1215173,131.92337591025642
1323732,131.92337591025642
1063594,131.92337591025642
1063009,56.84953417431313
1487985,56.84953417431313
1206972,56.84953417431313
1074677,402.99267957661584
1347976,402.99267957661584
1120911,402.99267957661584
1230213,198.9024807235865
1412241,198.8408231880495
1199853,69.80112009217684
1126038,69.80112009217684
1065218,196.88067309416985
1407227,196.88067309416985
1195857,76.45564088850853
1064848,72.91811059349153
1347932,72.91811059349153
1006934,72.91811059349153
1415546,213.62577458661838
1436167,212.9814107271406
1155840,213.62577458661838
1312853,72.91811059349153
1341473,83.72342200515234
1210234,83.72342200515234
1420426,212.9814107271406
1264068,213.62577458661838
1160231,212.9814107271406
1271169,25.013209964024856
1343779,196.88067309416985
1392612,77.03313137284691
1460115,89.70462824137277
1209508,89.70462824137277
1308035,89.70462824137277
1051361,212.9814107271406
1394502,212.9814107271406
1002584,212.9814107271406
1256382,77.03313137284691
1116102,49.13898965994467
1439873,49.13898965994467
1327818,43.97285881075489
1053247,43.97285881075489
1240755,213.62577458661838
1323007,213.62577458661838
1159217,213.62577458661838
1297121,231.58829253833403
1251244,231.58829253833403
1166952,232.6418004034919
1110279,48.767932021816485
1479251,227.93844508974954
1065455,227.93844508974954
1345832,230.20741914489903
1112122,72.91811059349153
1177948,72.91811059349153
1296522,72.91811059349153
1192681,544.9287496724291
1098695,212.9814107271406
1141921,544.9287496724291
1039561,72.91811059349153
1355647,72.91811059349153
1401737,83.72342200515234
1122214,83.72342200515234
1297460,83.72342200515234
1311455,76.45564088850853
1224680,33.064874309659736
1376192,33.151174695801714
1295323,212.9814107271406
1369118,270.39388162851657
1022614,212.9814107271406
1273467,25.013209964024856
1070150,25.013209964024856
1264565,49.13898965994467
1494909,77.03313137284691
1456589,227.93844508974954
1300093,54.552970886915695
1264244,54.552970886915695
1036623,54.552970886915695
1370665,89.70462824137277
1073776,89.70462824137277
1280462,89.70462824137277
1070455,212.9814107271406
1286196,212.9814107271406
1101505,212.9814107271406
1493032,77.03313137284691
1337248,49.13898965994467
1342588,49.13898965994467
1403685,43.97285881075489
1489882,43.97285881075489
1286032,309.17571821240165
1211075,309.17571821240165
1026057,270.2766389139939
1064602,267.02492723476183
1353965,267.02492723476183
1386866,267.02492723476183
1160326,69.80112009217684
1148469,69.80112009217684
1132573,256.0759837508135
1187850,256.0759837508135
1042794,76.45564088850853
1344308,72.91811059349153
1435741,72.91811059349153
1376274,72.91811059349153
1004231,544.9287496724291
1375428,212.9814107271406
1199647,544.9287496724291
1258593,72.91811059349153
1437106,72.91811059349153
1164714,83.72342200515234
1224157,83.72342200515234
1335725,83.72342200515234
1154647,48.767932021816485
1009205,33.064874309659736
1363194,33.151174695801714
1283426,212.9814107271406
1040538,270.39388162851657
1262515,212.9814107271406
1308549,25.013209964024856
1290578,25.013209964024856
1123768,256.0759837508135
1042657,256.0759837508135
1493836,256.0759837508135
1198936,54.552970886915695
1241905,54.552970886915695
1322681,54.552970886915695
1084980,89.70462824137277
1237375,89.70462824137277
1433203,89.70462824137277
1462240,212.9814107271406
1068496,212.9814107271406
1108927,212.9814107271406
1017569,77.03313137284691
1040287,49.13898965994467
1317606,49.13898965994467
1077866,43.97285881075489
1051554,43.97285881075489
1415325,309.17571821240165
1055592,309.3246012694244
1367086,270.2766389139939
1062437,679.6280553316877
1314739,679.6280553316877
1281487,679.6280553316877
1397451,131.92337591025642
1137571,69.80112009217684
1444927,69.80112009217684
1309062,380.42385538854455
1208174,380.42385538854455
1426728,679.6280553316877
1492697,72.91811059349153
1213366,72.91811059349153
1095300,72.91811059349153
1130546,545.377690469417
1436318,317.55939570701025
1435826,545.377690469417
1277555,72.91811059349153
1470434,72.91811059349153
1044776,72.91811059349153
1377517,178.513063500759
1237424,178.513063500759
1059397,178.513063500759
1251007,131.92337591025642
1034410,56.84953417431313
1231783,56.84953417431313
1359714,402.99267957661584
1499444,402.99267957661584
1130159,402.99267957661584
1160666,25.013209964024856
1096428,25.013209964024856
1183244,123.84940510274217
1497213,123.84940510274217
1133933,123.84940510274217
1484931,317.55939570701025
1163656,45.66606664484248
1054238,45.66606664484248
1366429,131.92337591025642
1052440,131.92337591025642
1085386,131.92337591025642
1065786,56.84953417431313
1173024,56.84953417431313
1241367,56.84953417431313
1075922,402.99267957661584
1131198,402.99267957661584
1025817,402.99267957661584
1045739,373.37273953705807
1248427,373.37273953705807
1202630,373.37273953705807
1452148,48.767932021816485
1376464,69.80112009217684
1349681,69.80112009217684
1102915,256.0759837508135
1433582,256.0759837508135
1359440,267.02492723476183
1454430,72.91811059349153
1149507,72.91811059349153
1053941,72.91811059349153
1110939,544.9287496724291
1221336,212.9814107271406
1456565,544.9287496724291
1121108,72.91811059349153
1098671,72.91811059349153
1345677,72.91811059349153
1160411,83.72342200515234
1470231,83.72342200515234
1313922,83.72342200515234
1208175,48.767932021816485
1310176,33.064874309659736
1179458,43.97285881075489
1269200,309.1097438937725
1295030,270.4663964279498
1164729,270.4663964279498
1406814,25.013209964024856
1259984,206.88397831927205
1480971,206.88397831927205
1369433,182.86622978738308
1481945,45.66606664484248
1458526,45.66606664484248
1187631,45.66606664484248
1003496,77.03313137284691
1094142,49.13898965994467
1247091,49.13898965994467
1234865,33.064874309659736
1168628,43.8592119123437
1419823,43.8592119123437
1439166,309.25859528339623
1385699,309.25859528339623
1106938,270.2189384224288
1319273,679.6280553316877
1108592,679.6280553316877
1352123,679.6280553316877
1115675,131.92337591025642
1423330,69.80112009217684
1466429,69.80112009217684
1403820,380.42385538854455
1034753,380.42385538854455
1029946,131.92337591025642
1221080,72.91811059349153
1031048,72.91811059349153
1206298,72.91811059349153
1167256,545.377690469417
1122935,317.55939570701025
1494822,545.377690469417
1472817,72.91811059349153
1219683,72.91811059349153
1019816,72.91811059349153
1290506,178.513063500759
1205948,178.513063500759
1494544,178.513063500759
1139910,131.92337591025642
1145773,56.84953417431313
1364143,56.84953417431313
1035021,317.55939570701025
1179879,402.99267957661584
1256351,402.99267957661584
1341899,25.013209964024856
1196209,25.013209964024856
1403548,25.013209964024856
1021163,380.42385538854455
1240555,380.42385538854455
1198318,380.42385538854455
1115576,54.552970886915695
1192089,54.552970886915695
1071064,54.552970886915695
1173754,123.84940510274217
1271551,123.84940510274217
1065067,123.84940510274217
1137709,317.55939570701025
1276382,317.55939570701025
1263231,317.55939570701025
1456061,131.92337591025642
1207945,131.92337591025642
1162708,131.92337591025642
1418928,56.84953417431313
1068894,56.84953417431313
1304937,56.84953417431313
1409355,317.55939570701025
1099728,317.55939570701025
1457969,402.99267957661584
1029462,373.37273953705807
1472551,267.02492723476183
1033848,267.02492723476183
1453084,69.80112009217684
1312690,69.80112009217684
1122710,256.0759837508135
1126546,256.0759837508135
1459930,76.45564088850853
1348574,72.91811059349153
1191403,72.91811059349153
1006930,72.91811059349153
1073869,544.9287496724291
1256986,212.9814107271406
1003790,544.9287496724291
1440509,83.72342200515234
1357988,83.72342200515234
1195872,83.72342200515234
1389720,48.767932021816485
1204827,33.064874309659736
1424127,212.9814107271406
1275924,270.39388162851657
1259126,212.9814107271406
1200350,25.013209964024856
1214706,25.013209964024856
1192004,25.013209964024856
1342075,256.0759837508135
1301366,256.0759837508135
1107583,256.0759837508135
1044020,54.552970886915695
1079356,54.552970886915695
1130825,89.70462824137277
1256962,89.70462824137277
1016138,89.70462824137277
1472749,212.9814107271406
1169405,212.9814107271406
1159026,212.9814107271406
1031233,77.03313137284691
1107474,49.13898965994467
1411938,49.13898965994467
1037033,33.064874309659736
1417616,43.97285881075489
1222062,43.97285881075489
1001298,212.9814107271406
1066766,212.9814107271406
1094571,270.2766389139939
1244760,679.6280553316877
1333985,679.6280553316877
1209429,679.6280553316877
1226436,131.92337591025642
1425154,69.80112009217684
1311629,69.80112009217684
1144183,380.42385538854455
1429715,380.42385538854455
1208466,131.92337591025642
1111558,72.91811059349153
1152967,72.91811059349153
1065384,72.91811059349153
1068449,545.377690469417
1113889,317.55939570701025
1257290,545.377690469417
1425475,72.91811059349153
1451729,72.91811059349153
1345965,72.91811059349153
1328020,178.513063500759
1242837,178.513063500759
1166830,178.513063500759
1099026,131.92337591025642
1061158,56.84953417431313
1075796,56.84953417431313
1225695,317.55939570701025
1250311,402.99267957661584
1488938,402.99267957661584
1180576,25.013209964024856
1407193,25.013209964024856
1310002,25.013209964024856
1483754,380.42385538854455
1403428,380.42385538854455
1119464,380.42385538854455
1070992,54.552970886915695
1253791,54.552970886915695
1351968,54.552970886915695
1370126,123.84940510274217
1141879,123.84940510274217
1109924,123.84940510274217
1178105,317.55939570701025
1361418,317.55939570701025
1225914,317.55939570701025
1072061,131.92337591025642
1148318,131.92337591025642
1210725,131.92337591025642
1316042,56.84953417431313
1405337,56.84953417431313
1227075,56.84953417431313
1488310,317.55939570701025
1267286,317.55939570701025
1394596,402.99267957661584
1434331,373.37273953705807
1171798,373.37273953705807
1499724,373.37273953705807
1238128,69.80112009217684
1303822,69.80112009217684
1435944,256.0759837508135
1413796,256.0759837508135
1353151,267.02492723476183
1470758,72.91811059349153
1055665,72.91811059349153
1379504,72.91811059349153
1055047,544.9287496724291
1097126,212.9814107271406
1036089,544.9287496724291
1231013,72.91811059349153
1185115,72.91811059349153
1265509,72.91811059349153
1051775,83.72342200515234
1309244,83.72342200515234
1124451,83.72342200515234
1045993,76.45564088850853
1048036,33.151174695801714
1180259,309.1097438937725
1127856,270.4663964279498
1338781,270.4663964279498
1406741,25.013209964024856
1270213,25.013209964024856
1391432,89.70462824137277
1338985,206.88397831927205
1444583,89.70462824137277
1096103,212.9814107271406
1041898,45.66606664484248
1320374,212.9814107271406
1145189,49.13898965994467
1013702,49.13898965994467
1127530,49.13898965994467
1344951,33.064874309659736
1359741,43.8592119123437
1143761,43.97285881075489
1107783,309.25859528339623
1204894,309.25859528339623
1119851,270.2189384224288
1411863,373.37273953705807
1109365,373.37273953705807
1023254,373.37273953705807
1049722,69.80112009217684
1472117,256.0759837508135
1079503,256.0759837508135
1132971,267.02492723476183
1424798,72.91811059349153
1463339,72.91811059349153
1349534,72.91811059349153
1246934,213.62577458661838
1372989,212.9814107271406
1433325,213.62577458661838
1374574,72.91811059349153
1166069,72.91811059349153
1356561,83.72342200515234
1006332,83.72342200515234
1080246,76.45564088850853
1001640,33.064874309659736
1306327,43.97285881075489
1334645,213.62577458661838
1103072,213.62577458661838
1019198,213.62577458661838
1387955,25.013209964024856
1285096,182.86622978738308
1178953,182.86622978738308
1327758,182.86622978738308
1442249,45.66606664484248
1474801,162.51915425835068
1185326,212.9814107271406
1456287,49.13898965994467
1418907,49.13898965994467
1076446,49.13898965994467
1335270,33.064874309659736
1183823,43.97285881075489
1404113,43.97285881075489
1222710,213.62577458661838
1079833,213.62577458661838
1104304,213.62577458661838
1033468,679.6280553316877
1252992,679.6280553316877
1105979,679.6280553316877
1002568,131.92337591025642
1440560,69.80112009217684
1309705,69.80112009217684
1476514,380.42385538854455
1259771,380.42385538854455
1111871,679.6280553316877
1433375,161.5938818171938
1199447,72.91811059349153
1113838,72.91811059349153
1230996,545.377690469417
1303454,317.55939570701025
1097156,545.377690469417
1056173,72.91811059349153
1198565,72.91811059349153
1489660,72.91811059349153
1173954,178.513063500759
1041203,178.513063500759
1043060,178.513063500759
1495717,131.92337591025642
1076108,56.84953417431313
1411915,56.84953417431313
1428524,402.99267957661584
1089951,402.99267957661584
1010515,402.99267957661584
1203271,25.013209964024856
1453928,25.013209964024856
1151268,25.013209964024856
1068951,123.84940510274217
1369718,269.0524879976676
1091017,269.0524879976676
1203897,45.66606664484248
1286862,45.66606664484248
1195043,45.66606664484248
1439742,131.92337591025642
1291300,131.92337591025642
1178037,131.92337591025642
1023669,56.84953417431313
1048200,56.84953417431313
1133637,56.84953417431313
1482215,402.99267957661584
1298145,402.99267957661584
1123307,402.99267957661584
1245183,195.95197876648706
1116213,195.95197876648706
1495219,195.89123127808176
1320236,48.767932021816485
1427938,69.80112009217684
1059972,69.80112009217684
1438573,193.89987933426218
1114784,193.89987933426218
1187973,76.45564088850853
1462124,72.91811059349153
1151450,72.91811059349153
1027884,72.91811059349153
1042038,213.62577458661838
1216683,212.9814107271406
1405703,213.62577458661838
1487930,83.72342200515234
1198172,83.72342200515234
1150785,43.97285881075489
1184753,213.62577458661838
1073671,213.62577458661838
1441244,213.62577458661838
1408360,25.013209964024856
1400061,89.70462824137277
1373267,89.70462824137277
1070795,89.70462824137277
1443342,212.9814107271406
1274489,202.37847070395185
1155200,212.9814107271406
1438279,49.13898965994467
1240169,33.151174695801714
1439950,43.97285881075489
1108978,43.97285881075489
1373622,213.62577458661838
1184062,213.62577458661838
1087129,213.62577458661838
1124103,367.66451142142944
1170492,367.66451142142944
1035358,367.66451142142944
1087749,69.80112009217684
1102820,254.25104551803662
1158437,254.25104551803662
1394740,264.80200255916003
1240884,72.91811059349153
1178760,72.91811059349153
1421019,213.62577458661838
1348128,212.9814107271406
1366149,213.62577458661838
1242141,83.72342200515234
1272003,33.064874309659736
1115507,33.064874309659736
1142943,213.62577458661838
1344252,213.62577458661838
1106883,213.62577458661838
1051057,25.013209964024856
1312752,25.013209964024856
1368420,89.70462824137277
1419755,89.70462824137277
1323227,89.70462824137277
1371081,45.66606664484248
1195197,45.66606664484248
1289562,212.9814107271406
1218415,49.13898965994467
1161177,33.151174695801714
1241146,43.97285881075489
1040244,43.97285881075489
1112492,213.62577458661838
1462810,213.62577458661838
1155368,213.62577458661838
1088775,679.6280553316877
1180610,679.6280553316877
1004376,679.6280553316877
1347755,25.013209964024856
1221280,69.80112009217684
1071175,69.80112009217684
1017674,380.42385538854455
1349547,380.42385538854455
1469809,131.92337591025642
1112827,72.91811059349153
1427859,72.91811059349153
1201215,72.91811059349153
1387604,545.377690469417
1447167,317.55939570701025
1163414,545.377690469417
1063388,72.91811059349153
1027602,72.91811059349153
1248223,72.91811059349153
1043945,178.513063500759
1018609,178.513063500759
1402783,131.92337591025642
1144711,56.84953417431313
1165133,56.84953417431313
1157864,317.55939570701025
1158723,402.99267957661584
1371967,317.55939570701025
1484515,25.013209964024856
1403718,25.013209964024856
1335135,131.92337591025642
1459471,380.42385538854455
1470572,380.42385538854455
1076650,54.552970886915695
1042531,54.552970886915695
1065297,54.552970886915695
1402946,123.84940510274217
1445860,123.84940510274217
1309288,123.84940510274217
1340685,317.55939570701025
1175433,317.55939570701025
1012081,317.55939570701025
1018456,131.92337591025642
1057303,131.92337591025642
1080644,56.84953417431313
1402350,56.84953417431313
1170609,56.84953417431313
1139792,317.55939570701025
1040547,317.55939570701025
1477002,402.99267957661584
1417996,198.93980261403385
1194929,198.93980261403385
1248088,198.93980261403385
1378461,69.80112009217684
1107124,69.80112009217684
1156793,195.29333196690015
1431686,195.29333196690015
1035108,76.45564088850853
1452533,72.91811059349153
1403241,72.91811059349153
1328803,72.91811059349153
1407650,544.9287496724291
1344744,317.55939570701025
1227764,544.9287496724291
1396476,72.91811059349153
1013774,72.91811059349153
1349648,72.91811059349153
1114022,33.064874309659736
1075237,33.151174695801714
1467100,317.55939570701025
1055368,270.3361561994475
1263571,317.55939570701025
1296593,25.013209964024856
1441634,195.35389498349699
1447046,77.03313137284691
1423212,77.03313137284691
1257511,54.552970886915695
1023518,54.552970886915695
1040360,54.552970886915695
1093150,123.84940510274217
1449241,123.84940510274217
1127853,123.84940510274217
1216929,317.55939570701025
1198481,45.66606664484248
1297015,317.55939570701025
1478926,77.03313137284691
1267173,49.13898965994467
1010715,43.97285881075489
1051153,43.97285881075489
1121717,317.55939570701025
1283901,317.55939570701025
1157822,270.2189384224288
1196384,288.606101623183
1186113,288.51677607585594
1397319,288.606101623183
1070135,48.767932021816485
1243150,69.80112009217684
1141894,69.80112009217684
1119592,227.86783175737463
1355543,227.93844508974954
1466185,230.2787543177377
1369479,72.91811059349153
1002219,72.91811059349153
1065122,72.91811059349153
1355774,544.9287496724291
1034449,317.55939570701025
1298800,544.9287496724291
1168048,72.91811059349153
1487535,72.91811059349153
1013139,72.91811059349153
1148419,83.72342200515234
1430932,83.72342200515234
1212520,83.72342200515234
1242479,48.767932021816485
1376197,33.064874309659736
1162830,33.064874309659736
1364844,309.1097438937725
1144242,270.4663964279498
1095968,270.4663964279498
1432738,25.013209964024856
1161807,307.7369094479718
1188656,307.7369094479718
1317286,123.84940510274217
1021595,45.66606664484248
1267460,45.66606664484248
1426163,317.55939570701025
1325488,77.03313137284691
1360973,49.13898965994467
1315155,49.13898965994467
1269059,33.064874309659736
1490516,43.97285881075489
1080973,43.97285881075489
1190162,309.25859528339623
1339318,309.25859528339623
1288832,270.2189384224288
1295195,679.6280553316877
1158135,679.6280553316877
1065978,679.6280553316877
1434129,131.92337591025642
1073284,69.80112009217684
1299247,69.80112009217684
1351771,380.42385538854455
1074640,380.42385538854455
1479465,679.6280553316877
1489347,72.91811059349153
1181166,72.91811059349153
1202899,72.91811059349153
1045208,545.377690469417
1102611,317.55939570701025
1387920,545.377690469417
1179968,72.91811059349153
1331102,72.91811059349153
1479186,178.513063500759
1481499,178.513063500759
1115642,178.513063500759
1049247,131.92337591025642
1306038,56.84953417431313
1095596,56.84953417431313
1016502,402.99267957661584
1132512,402.99267957661584
1154248,402.99267957661584
1402507,25.013209964024856
1130490,25.013209964024856
1034827,25.013209964024856
1050303,123.84940510274217
1462532,123.84940510274217
1322647,123.84940510274217
1452624,317.55939570701025
1462600,317.55939570701025
1430777,317.55939570701025
1245813,131.92337591025642
1115240,131.92337591025642
1032047,131.92337591025642
1008796,56.84953417431313
1178964,56.84953417431313
1299848,56.84953417431313
1254741,402.99267957661584
1135400,402.99267957661584
1319687,402.99267957661584
1390606,367.66451142142944
1443225,367.66451142142944
1153270,367.66451142142944
1342968,48.767932021816485
1254768,69.80112009217684
1113748,69.80112009217684
1181440,254.25104551803662
1118245,254.25104551803662
1035476,264.80200255916003
1013138,72.91811059349153
1370975,72.91811059349153
1112604,72.91811059349153
1497422,213.62577458661838
1165214,212.9814107271406
1377941,213.62577458661838
1240800,72.91811059349153
1386829,72.91811059349153
1237087,83.72342200515234
1217868,83.72342200515234
1292980,48.767932021816485
1122637,213.62577458661838
1376752,213.62577458661838
1229220,213.62577458661838
1193421,25.013209964024856
1383125,89.70462824137277
1169578,89.70462824137277
1281507,89.70462824137277
1461952,45.66606664484248
1415989,45.66606664484248
1276319,212.9814107271406
1440217,49.13898965994467
1022493,49.13898965994467
1300917,49.13898965994467
1193727,33.064874309659736
1402486,43.97285881075489
1136905,43.97285881075489
1499372,213.62577458661838
1109225,213.62577458661838
1350713,213.62577458661838
1355088,679.6280553316877
1138222,679.6280553316877
1385476,679.6280553316877
1398591,69.80112009217684
1300896,380.42385538854455
1162031,380.42385538854455
1277815,131.92337591025642
1362188,72.91811059349153
1362254,72.91811059349153
1274284,72.91811059349153
1178264,545.377690469417
1091379,317.55939570701025
1041602,545.377690469417
1028066,72.91811059349153
1013847,72.91811059349153
1372516,178.513063500759
1280063,178.513063500759
1108464,178.513063500759
1130725,131.92337591025642
1268768,56.84953417431313
1490016,56.84953417431313
1347411,317.55939570701025
1171863,272.88324961034596
1434725,317.55939570701025
1335442,25.013209964024856
1496650,25.013209964024856
1306499,25.013209964024856
1351858,380.42385538854455
1438518,380.42385538854455
1446150,380.42385538854455
1412369,54.552970886915695
1022628,54.552970886915695
1191341,54.552970886915695
1232719,123.84940510274217
1114376,123.84940510274217
1028985,123.84940510274217
1147013,317.55939570701025
1181119,317.55939570701025
1071327,317.55939570701025
1460463,131.92337591025642
1031315,131.92337591025642
1312685,131.92337591025642
1232285,56.84953417431313
1101299,56.84953417431313
1014795,56.84953417431313
1067057,317.55939570701025
1422192,317.55939570701025
1272721,272.88324961034596
1137357,679.6280553316877
1467695,679.6280553316877
1069575,679.6280553316877
1160879,131.92337591025642
1495109,69.80112009217684
1161253,69.80112009217684
1483609,380.42385538854455
1045099,380.42385538854455
1164413,131.92337591025642
1038291,72.91811059349153
1266238,72.91811059349153
1237923,72.91811059349153
1149195,545.377690469417
1475934,317.55939570701025
1479609,545.377690469417
1376770,72.91811059349153
1493195,72.91811059349153
1354760,178.513063500759
1349895,178.513063500759
1122970,178.513063500759
1030480,131.92337591025642
1349078,56.84953417431313
1304303,317.55939570701025
1233427,402.99267957661584
1170183,402.99267957661584
1330894,25.013209964024856
1135861,25.013209964024856
1097976,25.013209964024856
1189946,380.42385538854455
1254653,131.92337591025642
1076146,380.42385538854455
1133854,54.552970886915695
1029733,54.552970886915695
1252838,54.552970886915695
1482077,123.84940510274217
1100816,123.84940510274217
1226702,123.84940510274217
1367646,317.55939570701025
1214264,317.55939570701025
1270356,317.55939570701025
1359586,131.92337591025642
1321874,131.92337591025642
1271568,131.92337591025642
1205338,56.84953417431313
1256154,56.84953417431313
1331634,56.84953417431313
1406428,402.99267957661584
1363192,402.99267957661584
1294110,402.99267957661584
1355035,373.37273953705807
1179175,373.37273953705807
1232535,373.37273953705807
1024745,48.767932021816485
1314199,69.80112009217684
1246353,69.80112009217684
1149555,256.0759837508135
1396135,256.0759837508135
1079551,267.02492723476183
1053202,72.91811059349153
1072177,72.91811059349153
1025739,72.91811059349153
1038618,544.9287496724291
1287323,317.55939570701025
1442692,544.9287496724291
1288843,72.91811059349153
1148186,72.91811059349153
1242462,72.91811059349153
1395800,178.513063500759
1040709,178.513063500759
1461640,178.513063500759
1046363,76.45564088850853
1086057,33.064874309659736
1049890,43.97285881075489
1334924,309.17571821240165
1096318,270.52414956498524
1498269,270.52414956498524
1425062,25.013209964024856
1242346,269.0524879976676
1234773,123.84940510274217
1130917,307.7369094479718
1341706,317.55939570701025
1337776,317.55939570701025
1495700,297.7894149170361
1402640,77.03313137284691
1147717,49.13898965994467
1074836,49.13898965994467
1019957,33.064874309659736
1183904,43.97285881075489
1062706,43.97285881075489
1140872,309.3246012694244
1280927,309.3246012694244
1107079,270.2766389139939
1094469,201.93506461957222
1224648,201.93506461957222
1329069,201.99767683142636
1209615,48.767932021816485
1134462,69.80112009217684
1373589,69.80112009217684
1431663,198.23396685547178
1211468,198.2954371556617
1036586,198.47402156969744
1457291,72.91811059349153
1449226,72.91811059349153
1295444,161.42500067071174
1320860,544.9287496724291
1080195,212.9814107271406
1206927,544.9287496724291
1413962,83.72342200515234
1465742,83.72342200515234
1142485,48.767932021816485
1389582,33.064874309659736
1219033,43.97285881075489
1309985,309.17571821240165
1013207,270.52414956498524
1254585,270.52414956498524
1443503,89.70462824137277
1057520,89.70462824137277
1224403,182.86622978738308
1275191,212.9814107271406
1319481,212.9814107271406
1345883,212.9814107271406
1255434,49.13898965994467
1177914,49.13898965994467
1014131,49.13898965994467
1187833,43.8592119123437
1445028,43.8592119123437
1443519,43.97285881075489
1471250,309.3246012694244
1395007,309.3246012694244
1055248,270.2766389139939
1094576,195.89123127808176
1354825,195.89123127808176
1451735,195.95197876648706
1059843,193.89987933426218
1198932,193.89987933426218
1342721,76.45564088850853
1377975,72.91811059349153
1066650,72.91811059349153
1389377,213.62577458661838
1169870,212.9814107271406
1037756,213.62577458661838
1171909,83.72342200515234
1039265,83.72342200515234
1268871,33.064874309659736
1297532,33.151174695801714
1343822,212.9814107271406
1012465,213.62577458661838
1104045,212.9814107271406
1269118,77.03313137284691
1082751,33.064874309659736
1267215,89.70462824137277
1008110,89.70462824137277
1232056,89.70462824137277
1292674,45.66606664484248
1379099,45.66606664484248
1008574,77.03313137284691
1264193,43.97285881075489
1283225,43.97285881075489
1497243,212.9814107271406
1260622,212.9814107271406
1339521,213.62577458661838
1494899,267.02492723476183
1090667,267.02492723476183
1439963,267.02492723476183
1446122,48.767932021816485
1085349,69.80112009217684
1418236,69.80112009217684
1057956,256.0759837508135
1434673,256.0759837508135
1203450,76.45564088850853
1089484,72.91811059349153
1381379,72.91811059349153
1226448,72.91811059349153
1467198,544.9287496724291
1253582,317.55939570701025
1165274,544.9287496724291
1226763,72.91811059349153
1163319,72.91811059349153
1315655,83.72342200515234
1240789,83.72342200515234
1100886,83.72342200515234
1376495,33.064874309659736
1011715,33.151174695801714
1090753,317.55939570701025
1178623,270.3361561994475
1352301,317.55939570701025
1477801,25.013209964024856
1208670,25.013209964024856
1257355,25.013209964024856
1135300,256.0759837508135
1004740,256.0759837508135
1306161,256.0759837508135
1201146,54.552970886915695
1034776,54.552970886915695
1370689,54.552970886915695
1262003,123.84940510274217
1378297,123.84940510274217
1368146,123.84940510274217
1068192,317.55939570701025
1463428,317.55939570701025
1173571,317.55939570701025
1455968,267.02492723476183
1191755,49.13898965994467
1150362,49.13898965994467
1070659,33.064874309659736
1224559,43.97285881075489
1493370,43.97285881075489
1392377,317.55939570701025
1056240,317.55939570701025
1014892,270.2189384224288
1251774,544.4929369299253
1487777,544.6612396300808
1249239,544.4929369299253
1478849,131.92337591025642
1376645,69.80112009217684
1345333,69.80112009217684
1224660,333.7600423838407
1232767,333.7600423838407
1009181,523.3238485362073
1126946,161.5938818171938
1355439,72.91811059349153
1006250,72.91811059349153
1176343,544.9287496724291
1463133,317.55939570701025
1144523,544.9287496724291
1499988,72.91811059349153
1498160,72.91811059349153
1257346,72.91811059349153
1485910,178.513063500759
1451221,178.513063500759
1387533,178.513063500759
1157584,131.92337591025642
1413278,33.064874309659736
1333981,43.97285881075489
1085005,309.17571821240165
1054736,270.52414956498524
1104702,270.52414956498524
1381323,25.013209964024856
1344068,25.013209964024856
1052303,25.013209964024856
1018360,269.0524879976676
1306940,269.0524879976676
1300692,269.0524879976676
1171279,317.55939570701025
1438175,45.66606664484248
1173109,45.66606664484248
1337250,131.92337591025642
1056761,131.92337591025642
1135371,131.92337591025642
1378200,33.064874309659736
1272135,43.97285881075489
1054088,43.97285881075489
1344699,309.3246012694244
1206358,309.3246012694244
1323853,270.2766389139939
1101699,679.6280553316877
1266254,679.6280553316877
1242076,679.6280553316877
1415273,131.92337591025642
1268510,69.80112009217684
1256636,69.80112009217684
1410268,380.42385538854455
1108062,380.42385538854455
1497719,131.92337591025642
1106934,72.91811059349153
1033797,72.91811059349153
1041160,72.91811059349153
1126396,545.377690469417
1242200,317.55939570701025
1306384,545.377690469417
1058059,72.91811059349153
1089322,72.91811059349153
1446736,72.91811059349153
1001101,178.513063500759
1122981,178.513063500759
1078580,178.513063500759
1175594,131.92337591025642
1205864,56.84953417431313
1316507,56.84953417431313
1482706,317.55939570701025
1046238,272.88324961034596
1020444,272.88324961034596
1338003,25.013209964024856
1399537,25.013209964024856
1002793,25.013209964024856
1466289,380.42385538854455
1013187,380.42385538854455
1322076,380.42385538854455
1161027,54.552970886915695
1349737,54.552970886915695
1291976,54.552970886915695
1007039,123.84940510274217
1258074,123.84940510274217
1415587,123.84940510274217
1484457,317.55939570701025
1005745,317.55939570701025
1377865,317.55939570701025
1457732,131.92337591025642
1179188,131.92337591025642
1327218,131.92337591025642
1202641,56.84953417431313
1106286,56.84953417431313
1175735,56.84953417431313
1138288,317.55939570701025
1476138,317.55939570701025
1454707,272.88324961034596
1039235,195.89123127808176
1068339,195.89123127808176
1092183,195.89123127808176
1324963,69.80112009217684
1257720,69.80112009217684
1076387,193.89987933426218
1209661,193.89987933426218
1208465,193.89987933426218
1111884,72.91811059349153
1454997,72.91811059349153
1050572,213.62577458661838
1467559,212.9814107271406
1214425,213.62577458661838
1162278,83.72342200515234
1248010,48.767932021816485
1376824,43.97285881075489
1398291,213.62577458661838
1085069,213.62577458661838
1122525,213.62577458661838
1075559,25.013209964024856
1344759,89.70462824137277
1212897,89.70462824137277
1418671,182.86622978738308
1271431,212.9814107271406
1287363,212.9814107271406
1064175,77.03313137284691
1125114,33.064874309659736
1472836,43.97285881075489
1013458,43.97285881075489
1391771,213.62577458661838
1331170,213.62577458661838
1242406,213.62577458661838
1105837,264.80200255916003
1211259,264.80200255916003
1164052,264.80200255916003
1274142,48.767932021816485
1356105,69.80112009217684
1088860,69.80112009217684
1129795,254.25104551803662
1493321,254.25104551803662
1161618,76.45564088850853
1212298,72.91811059349153
1135403,72.91811059349153
1435855,72.91811059349153
1212422,213.62577458661838
1412227,212.9814107271406
1128323,213.62577458661838
1357585,72.91811059349153
1266101,72.91811059349153
1306121,83.72342200515234
1415533,83.72342200515234
1292424,76.45564088850853
1376664,33.064874309659736
1253822,33.151174695801714
1355799,212.9814107271406
1408441,213.62577458661838
1390132,212.9814107271406
1118778,25.013209964024856
1373867,25.013209964024856
1321455,254.25104551803662
1162414,254.25104551803662
1275261,254.25104551803662
1164241,54.552970886915695
1422145,54.552970886915695
1119440,89.70462824137277
1173756,89.70462824137277
1154587,89.70462824137277
1123456,212.9814107271406
1008268,212.9814107271406
1219964,212.9814107271406
1461264,77.03313137284691
1146910,49.13898965994467
1110355,49.13898965994467
1411557,33.064874309659736
1055855,43.97285881075489
1043603,43.97285881075489
1264146,213.62577458661838
1033866,213.62577458661838
1209072,213.62577458661838
1060160,679.6280553316877
1352289,679.6280553316877
1172228,679.6280553316877
1395626,131.92337591025642
1455355,69.80112009217684
1055663,69.80112009217684
1287217,380.42385538854455
1088601,380.42385538854455
1278366,131.92337591025642
1026791,72.91811059349153
1036303,72.91811059349153
1254559,72.91811059349153
1427581,545.377690469417
1394444,317.55939570701025
1263854,545.377690469417
1051269,72.91811059349153
1308881,72.91811059349153
1073830,178.513063500759
1405838,178.513063500759
1183018,178.513063500759
1040180,131.92337591025642
1458738,56.84953417431313
1248662,317.55939570701025
1022436,272.88324961034596
1187815,317.55939570701025
1256719,25.013209964024856
1333426,25.013209964024856
1228432,380.42385538854455
1282969,131.92337591025642
1400162,380.42385538854455
1059632,54.552970886915695
1031228,54.552970886915695
1254371,54.552970886915695
1409072,123.84940510274217
1070652,123.84940510274217
1367274,123.84940510274217
1248470,317.55939570701025
1152711,317.55939570701025
1233398,45.66606664484248
1160549,131.92337591025642
1448305,131.92337591025642
1128571,131.92337591025642
1454724,56.84953417431313
1403528,56.84953417431313
1489033,56.84953417431313
1162008,317.55939570701025
1469871,317.55939570701025
1065280,272.88324961034596
1416500,195.95197876648706
1295639,195.89123127808176
1322499,195.89123127808176
1450524,48.767932021816485
1203643,193.89987933426218
1239385,193.96001242441147
1127908,72.91811059349153
1445551,72.91811059349153
1101411,72.91811059349153
1076286,213.62577458661838
1170173,212.9814107271406
1065778,1041.9174258812368
1282021,83.72342200515234
1369620,76.45564088850853
1064144,33.064874309659736
1499298,213.62577458661838
1410217,213.62577458661838
1460719,213.62577458661838
1369178,25.013209964024856
1102465,206.88397831927205
1491328,89.70462824137277
1331730,206.88397831927205
1401710,45.66606664484248
1036537,45.66606664484248
1340596,212.9814107271406
1140522,77.03313137284691
1198427,49.13898965994467
1041032,43.8592119123437
1252477,213.62577458661838
1091144,213.62577458661838
1377051,213.62577458661838
1027086,679.6280553316877
1035806,679.6280553316877
1243642,679.6280553316877
1314053,131.92337591025642
1320763,69.80112009217684
1006967,69.80112009217684
1267729,380.42385538854455
1477291,380.42385538854455
1368058,679.6280553316877
1324032,72.91811059349153
1197090,72.91811059349153
1208581,72.91811059349153
1081641,545.377690469417
1253251,317.55939570701025
1317166,545.377690469417
1059560,72.91811059349153
1334347,72.91811059349153
1294936,72.91811059349153
1066867,178.513063500759
1380226,178.513063500759
1020582,131.92337591025642
1226007,56.84953417431313
1008005,56.84953417431313
1394036,402.99267957661584
1058307,402.99267957661584
1128007,402.99267957661584
1005386,25.013209964024856
1192006,25.013209964024856
1275913,25.013209964024856
1384833,123.84940510274217
1117920,123.84940510274217
1034950,123.84940510274217
1013635,45.66606664484248
1055153,45.66606664484248
1266186,45.66606664484248
1421520,131.92337591025642
1293094,131.92337591025642
1424764,131.92337591025642
1142191,56.84953417431313
1178898,56.84953417431313
1357653,56.84953417431313
1363374,402.99267957661584
1363447,402.99267957661584
1473145,402.99267957661584
1452523,373.37273953705807
1100864,373.37273953705807
1397501,373.37273953705807
1208517,48.767932021816485
1139190,69.80112009217684
1132599,69.80112009217684
1146408,256.0759837508135
1210647,256.0759837508135
1381063,267.02492723476183
1429146,72.91811059349153
1216651,72.91811059349153
1403968,161.42500067071174
1067138,213.62577458661838
1465247,212.9814107271406
1344138,213.62577458661838
1032870,72.91811059349153
1025076,83.72342200515234
1448384,83.72342200515234
1398655,76.45564088850853
1411724,33.064874309659736
1143819,43.97285881075489
1090620,213.62577458661838
1200363,213.62577458661838
1108974,213.62577458661838
1160402,25.013209964024856
1212494,89.70462824137277
1142875,89.70462824137277
1040784,89.70462824137277
1063831,212.9814107271406
1103952,212.9814107271406
1194353,212.9814107271406
1102241,49.13898965994467
1191088,49.13898965994467
1220591,33.151174695801714
1259696,43.97285881075489
1136582,43.97285881075489
1155966,213.62577458661838
1073642,213.62577458661838
1309602,213.62577458661838
1078309,679.6280553316877
1164850,679.6280553316877
1221502,679.6280553316877
1009487,131.92337591025642
1376888,69.80112009217684
1485207,380.42385538854455
1014696,380.42385538854455
1383441,131.92337591025642
1371087,72.91811059349153
1476917,72.91811059349153
1276499,72.91811059349153
1446430,545.377690469417
1229678,317.55939570701025
1009292,545.377690469417
1001171,72.91811059349153
1137404,72.91811059349153
1375821,178.513063500759
1062616,178.513063500759
1079738,178.513063500759
1290947,131.92337591025642
1013855,56.84953417431313
1154323,56.84953417431313
1395980,317.55939570701025
1441315,402.99267957661584
1019358,317.55939570701025
1092629,25.013209964024856
1145112,25.013209964024856
1445208,25.013209964024856
1261902,380.42385538854455
1302322,131.92337591025642
1370543,131.92337591025642
1265371,54.552970886915695
1127141,54.552970886915695
1490162,54.552970886915695
1060861,123.84940510274217
1023077,123.84940510274217
1484782,123.84940510274217
1262037,317.55939570701025
1098189,317.55939570701025
1325113,317.55939570701025
1497786,131.92337591025642
1073615,131.92337591025642
1236135,131.92337591025642
1340927,56.84953417431313
1159933,56.84953417431313
1156490,56.84953417431313
1457848,317.55939570701025
1495944,317.55939570701025
1392169,402.99267957661584
1455460,373.37273953705807
1140660,373.37273953705807
1322916,373.37273953705807
1218064,48.767932021816485
1220578,69.80112009217684
1216185,69.80112009217684
1020213,256.0759837508135
1053587,256.0759837508135
1434574,267.02492723476183
1232933,161.5938818171938
1247358,161.5938818171938
1240750,161.5938818171938
1083061,544.9287496724291
1306822,317.55939570701025
1212344,544.9287496724291
1020358,72.91811059349153
1175372,72.91811059349153
1063846,72.91811059349153
1176603,178.513063500759
1208555,178.513063500759
1215805,76.45564088850853
1330549,33.064874309659736
1373401,43.97285881075489
1167183,309.17571821240165
1465135,270.52414956498524
1426834,270.52414956498524
1026154,25.013209964024856
1099028,25.013209964024856
1462415,307.7369094479718
1441751,307.7369094479718
1383303,123.84940510274217
1206105,45.66606664484248
1073905,45.66606664484248
1492052,45.66606664484248
1455622,49.13898965994467
1240058,49.13898965994467
1186355,33.064874309659736
1020825,43.8592119123437
1364564,43.8592119123437
1029205,309.3246012694244
1478725,309.3246012694244
1188897,270.2766389139939
1285247,373.37273953705807
1474891,373.37273953705807
1027212,373.37273953705807
1147355,48.767932021816485
1455107,69.80112009217684
1367592,256.0759837508135
1351864,256.0759837508135
1117537,267.02492723476183
1268577,72.91811059349153
1272369,72.91811059349153
1022529,72.91811059349153
1407632,544.9287496724291
1476518,317.55939570701025
1310846,544.9287496724291
1401384,72.91811059349153
1334308,72.91811059349153
1216744,83.72342200515234
1411562,83.72342200515234
1361089,83.72342200515234
1266842,76.45564088850853
1197346,33.064874309659736
1408990,43.97285881075489
1173866,309.17571821240165
1197580,270.52414956498524
1482256,270.52414956498524
1469038,25.013209964024856
1265086,25.013209964024856
1435363,269.0524879976676
1098504,269.0524879976676
1470110,307.7369094479718
1014856,317.55939570701025
1304171,317.55939570701025
1169912,317.55939570701025
1169788,49.13898965994467
1305399,49.13898965994467
1297768,49.13898965994467
1447875,33.064874309659736
1061654,43.97285881075489
1288892,43.97285881075489
1370978,309.3246012694244
1018332,309.3246012694244
1482488,270.2766389139939
1226206,679.6280553316877
1359566,679.6280553316877
1122220,679.6280553316877
1361124,131.92337591025642
1485074,69.80112009217684
1055147,69.80112009217684
1332121,380.42385538854455
1254062,380.42385538854455
1005089,679.6280553316877
1013929,72.91811059349153
1485789,72.91811059349153
1173106,72.91811059349153
1173239,545.377690469417
1106978,317.55939570701025
1264303,545.377690469417
1295580,178.513063500759
1059133,178.513063500759
1253909,178.513063500759
1441728,131.92337591025642
1435074,56.84953417431313
1209374,56.84953417431313
1070634,311.8311780426093
1384764,1041.9174258812368
1109661,1041.9174258812368
1260990,25.013209964024856
1495776,25.013209964024856
1361715,123.84940510274217
1367986,123.84940510274217
1339738,123.84940510274217
1168006,45.66606664484248
1127551,317.55939570701025
1145891,131.92337591025642
1245972,131.92337591025642
1156328,131.92337591025642
1167613,56.84953417431313
1251253,56.84953417431313
1089488,56.84953417431313
1442686,311.8311780426093
1122897,311.8311780426093
1191425,272.88324961034596
1451363,373.37273953705807
1017978,373.37273953705807
1329321,373.37273953705807
1246499,48.767932021816485
1128581,69.80112009217684
1304389,69.80112009217684
1293491,256.0759837508135
1378231,256.0759837508135
1070072,267.02492723476183
1150354,72.91811059349153
1039951,72.91811059349153
1333906,72.91811059349153
1131712,544.9287496724291
1453878,212.9814107271406
1068668,544.9287496724291
1493420,72.91811059349153
1028234,72.91811059349153
1386496,72.91811059349153
1042053,83.72342200515234
1196922,83.72342200515234
1040737,83.72342200515234
1065819,76.45564088850853
1025496,33.064874309659736
1266139,33.064874309659736
1140717,309.1097438937725
1429810,270.3361561994475
1278363,270.3361561994475
1365006,25.013209964024856
1486505,25.013209964024856
1233411,25.013209964024856
1174361,89.70462824137277
1345956,89.70462824137277
1487066,89.70462824137277
1412186,212.9814107271406
1079827,45.66606664484248
1050897,212.9814107271406
1234163,49.13898965994467
1304337,49.13898965994467
1087455,43.97285881075489
1071359,43.8592119123437
1172474,309.1097438937725
1218040,309.1097438937725
1364913,270.2189384224288
1421572,198.8408231880495
1165704,198.8408231880495
1332421,198.06250435876063
1041334,48.767932021816485
1077637,69.80112009217684
1332253,69.80112009217684
1189355,196.81963916107793
1314410,196.81963916107793
1288385,76.45564088850853
1146363,72.91811059349153
1446195,72.91811059349153
1428079,72.91811059349153
1000357,213.62577458661838
1148714,212.9814107271406
1494973,213.62577458661838
1422995,72.91811059349153
1369219,83.72342200515234
1203139,83.72342200515234
1381422,83.72342200515234
1217098,76.45564088850853
1039931,33.064874309659736
1281119,43.97285881075489
1076815,212.9814107271406
1024232,213.62577458661838
1462666,212.9814107271406
1278254,25.013209964024856
1297002,25.013209964024856
1054426,77.03313137284691
1331830,196.88067309416985
1242168,54.552970886915695
1184109,54.552970886915695
1340270,54.552970886915695
1269866,89.70462824137277
1043470,89.70462824137277
1425669,89.70462824137277
1188645,212.9814107271406
1425768,212.9814107271406
1031064,212.9814107271406
1049619,77.03313137284691
1442195,49.13898965994467
1486459,49.13898965994467
1342433,33.064874309659736
1199358,43.97285881075489
1026899,43.97285881075489
1140924,212.9814107271406
1163539,212.9814107271406
1437111,213.62577458661838
1463289,267.02492723476183
1332634,267.02492723476183
1023555,267.02492723476183
1228894,69.80112009217684
1100285,256.0759837508135
1478601,256.0759837508135
1323239,76.45564088850853
1354676,72.91811059349153
1194259,72.91811059349153
1318614,72.91811059349153
1191961,213.62577458661838
1122956,212.9814107271406
1081854,213.62577458661838
1175553,72.91811059349153
1204209,83.72342200515234
1077085,83.72342200515234
1380942,83.72342200515234
1426362,76.45564088850853
1209170,33.064874309659736
1092575,43.97285881075489
1169201,212.9814107271406
1203547,213.62577458661838
1165216,212.9814107271406
1003607,25.013209964024856
1362241,256.0759837508135
1035344,77.03313137284691
1245219,77.03313137284691
1169218,54.552970886915695
1289437,54.552970886915695
1429851,89.70462824137277
1125820,89.70462824137277
1365966,89.70462824137277
1238324,212.9814107271406
1468842,212.9814107271406
1006290,212.9814107271406
1318381,77.03313137284691
1005859,49.13898965994467
1461709,49.13898965994467
1288697,33.064874309659736
1286176,43.97285881075489
1070978,43.97285881075489
1105358,213.62577458661838
1100655,212.9814107271406
1352006,213.62577458661838
1058810,267.02492723476183
1086365,267.02492723476183
1029141,267.02492723476183
1269485,48.767932021816485
1459115,69.80112009217684
1473731,69.80112009217684
1372061,256.0759837508135
1207433,256.0759837508135
1107812,76.45564088850853
1194682,72.91811059349153
1196913,72.91811059349153
1006258,72.91811059349153
1266052,544.9287496724291
1127841,212.9814107271406
1250099,544.9287496724291
1414515,72.91811059349153
1333316,72.91811059349153
1351402,83.72342200515234
1276151,83.72342200515234
1146781,83.72342200515234
1192028,76.45564088850853
1309566,33.064874309659736
1317399,33.151174695801714
1125915,212.9814107271406
1226596,270.3361561994475
1275552,212.9814107271406
1213443,25.013209964024856
1097854,25.013209964024856
1245940,25.013209964024856
1416156,256.0759837508135
1421658,256.0759837508135
1163541,256.0759837508135
1057891,54.552970886915695
1295122,54.552970886915695
1150550,54.552970886915695
1249152,89.70462824137277
1071750,89.70462824137277
1021922,89.70462824137277
1005087,212.9814107271406
1480809,212.9814107271406
1027495,212.9814107271406
1380376,77.03313137284691
1028216,49.13898965994467
1308459,49.13898965994467
1217898,33.064874309659736
1359469,43.97285881075489
1471285,43.97285881075489
1094380,212.9814107271406
1464888,212.9814107271406
1251882,270.2189384224288
1242910,198.8408231880495
1081466,198.8408231880495
1018551,198.9024807235865
1304675,48.767932021816485
1032172,69.80112009217684
1270116,69.80112009217684
1110391,196.81963916107793
1442758,196.88067309416985
1484598,196.81963916107793
1219920,72.91811059349153
1383829,72.91811059349153
1453460,72.91811059349153
1495381,213.62577458661838
1130262,212.9814107271406
1497306,213.62577458661838
1180934,83.72342200515234
1333737,76.45564088850853
1159717,33.064874309659736
1345251,33.151174695801714
1098053,213.62577458661838
1398868,213.62577458661838
1179749,213.62577458661838
1278640,25.013209964024856
1223784,182.86622978738308
1107223,206.88397831927205
1421641,89.70462824137277
1339264,45.66606664484248
1449517,45.66606664484248
1042350,33.064874309659736
1198402,43.97285881075489
1480977,43.97285881075489
1098302,213.62577458661838
1023961,213.62577458661838
1429401,213.62577458661838
1344564,292.9446382298154
1133180,292.85397451262736
1089923,292.85397451262736
1097734,231.3681305111564
1330797,231.29645933322587
1008740,233.74349948823001
1411677,72.91811059349153
1125014,161.5938818171938
1081759,544.9287496724291
1159985,212.9814107271406
1035134,544.9287496724291
1262324,72.91811059349153
1403943,72.91811059349153
1265976,83.72342200515234
1277900,83.72342200515234
1178504,83.72342200515234
1213543,76.45564088850853
1201828,33.064874309659736
1389024,43.97285881075489
1384865,309.17571821240165
1429716,270.52414956498524
1146686,270.52414956498524
1399512,25.013209964024856
1030633,182.86622978738308
1138952,89.70462824137277
1230579,89.70462824137277
1389919,212.9814107271406
1420003,45.66606664484248
1160479,45.66606664484248
1043535,49.13898965994467
1083443,49.13898965994467
1212347,49.13898965994467
1390131,33.064874309659736
1354703,43.97285881075489
1489368,43.97285881075489
1295553,309.3246012694244
1119919,309.3246012694244
1132518,270.2766389139939
1244054,373.37273953705807
1203291,373.37273953705807
1217356,373.37273953705807
1473548,48.767932021816485
1478840,69.80112009217684
1491460,69.80112009217684
1025963,256.0759837508135
1125836,256.0759837508135
1327424,267.02492723476183
1032828,72.91811059349153
1068263,72.91811059349153
1141726,72.91811059349153
1478947,544.9287496724291
1240963,317.55939570701025
1090759,544.9287496724291
1038585,72.91811059349153
1420464,72.91811059349153
1254662,83.72342200515234
1363268,83.72342200515234
1061961,83.72342200515234
1440975,76.45564088850853
1116828,33.064874309659736
1202577,43.97285881075489
1474314,309.1097438937725
1043817,270.4663964279498
1058272,270.4663964279498
1366046,25.013209964024856
1170237,25.013209964024856
1085268,25.013209964024856
1056045,307.7369094479718
1213459,269.0524879976676
1382552,269.0524879976676
1397881,317.55939570701025
1268551,317.55939570701025
1206949,317.55939570701025
1119959,49.13898965994467
1245848,49.13898965994467
1273741,49.13898965994467
1350159,33.064874309659736
1154093,43.97285881075489
1042999,43.97285881075489
1029565,309.25859528339623
1433312,309.25859528339623
1135202,270.2189384224288
1272211,198.93980261403385
1146755,198.93980261403385
1010943,199.00149068801363
1191732,69.80112009217684
1349858,69.80112009217684
1049229,195.29333196690015
1041144,195.29333196690015
1002909,76.45564088850853
1126860,72.91811059349153
1347688,72.91811059349153
1252534,72.91811059349153
1105948,213.62577458661838
1340269,212.9814107271406
1030597,213.62577458661838
1020364,83.72342200515234
1247229,83.72342200515234
1280198,76.45564088850853
1217010,33.064874309659736
1049688,43.97285881075489
1299135,213.62577458661838
1073390,213.62577458661838
1282574,213.62577458661838
1288078,89.70462824137277
1405744,89.70462824137277
1197826,89.70462824137277
1110776,212.9814107271406
1480031,45.66606664484248
1193063,45.66606664484248
1090317,49.13898965994467
1426495,33.151174695801714
1446133,43.97285881075489
1330414,43.97285881075489
1263575,213.62577458661838
1184160,213.62577458661838
1197552,213.62577458661838
1077911,373.37273953705807
1256467,373.37273953705807
1191693,373.37273953705807
1170203,48.767932021816485
1439732,69.80112009217684
1165138,69.80112009217684
1453266,256.70587429248826
1427081,256.0759837508135
1403985,267.02492723476183
1284845,72.91811059349153
1428415,72.91811059349153
1335320,72.91811059349153
1159106,544.9287496724291
1207004,317.55939570701025
1022881,544.9287496724291
1371483,83.72342200515234
1427335,76.45564088850853
1157246,33.064874309659736
1385087,43.97285881075489
1368564,309.1097438937725
1311096,270.4663964279498
1309826,270.4663964279498
1117757,25.013209964024856
1268876,269.0524879976676
1139409,123.84940510274217
1315421,269.0524879976676
1307693,317.55939570701025
1351780,317.55939570701025
1240833,317.55939570701025
1292779,49.13898965994467
1004955,49.13898965994467
1058696,49.13898965994467
1440829,33.064874309659736
1087516,43.97285881075489
1212398,43.97285881075489
1174663,309.25859528339623
1227160,309.25859528339623
1371034,270.2189384224288
1447838,679.6280553316877
1118795,679.6280553316877
1229556,679.6280553316877
1318629,131.92337591025642
1201803,69.80112009217684
1108210,69.80112009217684
1084729,380.42385538854455
1329157,380.42385538854455
1173501,679.6280553316877
1345020,72.91811059349153
1428650,72.91811059349153
1361789,72.91811059349153
1204938,545.377690469417
1459959,317.55939570701025
1009864,545.377690469417
1176675,72.91811059349153
1453409,72.91811059349153
1336507,178.513063500759
1328456,178.513063500759
1313891,178.513063500759
1468663,131.92337591025642
1318421,56.84953417431313
1007837,56.84953417431313
1417926,402.99267957661584
1144631,402.99267957661584
1123946,402.99267957661584
1090477,25.013209964024856
1414267,25.013209964024856
1329543,123.84940510274217
1406534,123.84940510274217
1431237,123.84940510274217
1010486,317.55939570701025
1004166,297.7894149170361
1403955,317.55939570701025
1245398,131.92337591025642
1064134,131.92337591025642
1320738,131.92337591025642
1043919,56.84953417431313
1197159,56.84953417431313
1122164,56.84953417431313
1250396,402.99267957661584
1078267,402.99267957661584
1320587,402.99267957661584
1438968,679.6280553316877
1445553,679.6280553316877
1430625,679.6280553316877
1430923,131.92337591025642
1255590,69.80112009217684
1174194,69.80112009217684
1268149,380.42385538854455
1435775,380.42385538854455
1001078,131.92337591025642
1356321,72.91811059349153
1238399,72.91811059349153
1247434,72.91811059349153
1372264,545.377690469417
1367722,317.55939570701025
1131831,545.377690469417
1450298,72.91811059349153
1236521,72.91811059349153
1417628,178.513063500759
1302103,178.513063500759
1075661,178.513063500759
1052678,131.92337591025642
1116456,56.84953417431313
1210918,56.84953417431313
1238372,317.55939570701025
1200100,402.99267957661584
1308118,317.55939570701025
1025514,25.013209964024856
1073171,25.013209964024856
1343697,380.42385538854455
1206094,380.42385538854455
1213565,380.42385538854455
1133994,54.552970886915695
1406832,54.552970886915695
1199518,54.552970886915695
1465945,123.84940510274217
1360766,123.84940510274217
1172793,123.84940510274217
1477841,317.55939570701025
1480419,317.55939570701025
1266200,317.55939570701025
1228974,131.92337591025642
1443865,131.92337591025642
1110747,131.92337591025642
1259815,56.84953417431313
1222703,56.84953417431313
1416211,56.84953417431313
1289707,402.99267957661584
1350731,402.99267957661584
1315773,402.99267957661584
1462684,288.606101623183
1265062,288.606101623183
1087576,288.51677607585594
1193331,48.767932021816485
1179725,69.80112009217684
1162092,227.86783175737463
1152578,227.86783175737463
1209604,76.45564088850853
1236773,161.5938818171938
1309943,72.91811059349153
1460971,72.91811059349153
1217450,544.9287496724291
1045376,212.9814107271406
1443469,544.9287496724291
1462830,72.91811059349153
1255402,72.91811059349153
1167286,72.91811059349153
1059507,83.72342200515234
1079973,83.72342200515234
1483889,83.72342200515234
1012794,76.45564088850853
1078273,43.8592119123437
1105636,43.97285881075489
1197957,309.1097438937725
1129900,270.3361561994475
1399359,270.3361561994475
1435778,25.013209964024856
1115944,25.013209964024856
1148006,25.013209964024856
1004198,89.70462824137277
1071538,89.70462824137277
1179231,89.70462824137277
1183707,45.66606664484248
1492404,45.66606664484248
1069594,49.13898965994467
1475387,49.13898965994467
1389608,49.13898965994467
1257603,33.151174695801714
1468813,43.97285881075489
1190954,43.97285881075489
1231442,309.1097438937725
1426101,309.1097438937725
1011026,270.2189384224288
1494285,201.93506461957222
1127975,201.93506461957222
1254456,201.99767683142636
1433132,48.767932021816485
1385563,69.80112009217684
1329092,69.80112009217684
1024456,198.23396685547178
1441633,198.23396685547178
1005331,198.5355659347451
1255283,72.91811059349153
1268877,72.91811059349153
1191347,72.91811059349153
1367529,544.9287496724291
1392509,317.55939570701025
1443604,544.9287496724291
1242946,72.91811059349153
1158962,83.72342200515234
1266951,83.72342200515234
1393559,76.45564088850853
1171262,33.064874309659736
1259868,33.064874309659736
1099206,309.17571821240165
1439182,270.39388162851657
1330691,1041.9174258812368
1199867,25.013209964024856
1359174,25.013209964024856
1478755,123.84940510274217
1437302,123.84940510274217
1142646,123.84940510274217
1428338,45.66606664484248
1494524,45.66606664484248
1318530,45.66606664484248
1031981,49.13898965994467
1103507,49.13898965994467
1048429,33.151174695801714
1066501,43.97285881075489
1142079,43.97285881075489
1199171,309.17571821240165
1423076,309.17571821240165
1375347,270.2766389139939
1363494,373.37273953705807
1168706,373.37273953705807
1286957,373.37273953705807
1297773,48.767932021816485
1127311,69.80112009217684
1278238,69.80112009217684
1246917,256.0759837508135
1255329,256.0759837508135
1297788,267.02492723476183
1362697,72.91811059349153
1377302,72.91811059349153
1129605,72.91811059349153
1186097,544.9287496724291
1166420,212.9814107271406
1144128,544.9287496724291
1465478,83.72342200515234
1439785,83.72342200515234
1452155,83.72342200515234
1412612,76.45564088850853
1042812,33.064874309659736
1140317,33.064874309659736
1441282,309.17571821240165
1420561,270.39388162851657
1052770,270.39388162851657
1492355,25.013209964024856
1123588,25.013209964024856
1205947,25.013209964024856
1397772,89.70462824137277
1430108,89.70462824137277
1123252,89.70462824137277
1019322,212.9814107271406
1019113,212.9814107271406
1476280,212.9814107271406
1446657,49.13898965994467
1442076,49.13898965994467
1199873,49.13898965994467
1053654,33.151174695801714
1493948,43.97285881075489
1087207,43.97285881075489
1193820,309.17571821240165
1401050,309.17571821240165
1241369,270.2766389139939
1331635,267.02492723476183
1275462,267.02492723476183
1226852,267.02492723476183
1321242,48.767932021816485
1447608,69.80112009217684
1467746,256.0759837508135
1497186,256.0759837508135
1421624,76.45564088850853
1103191,72.91811059349153
1232381,72.91811059349153
1351626,72.91811059349153
1336135,544.9287496724291
1126452,212.9814107271406
1370737,544.9287496724291
1020027,72.91811059349153
1312294,72.91811059349153
1113562,72.91811059349153
1267715,83.72342200515234
1157131,83.72342200515234
1127567,83.72342200515234
1393273,76.45564088850853
1301677,33.151174695801714
1429577,212.9814107271406
1413066,270.3361561994475
1273196,270.3361561994475
1065500,25.013209964024856
1442450,25.013209964024856
1179865,25.013209964024856
1229492,49.13898965994467
1283364,77.03313137284691
1480985,256.0759837508135
1164611,54.552970886915695
1286172,54.552970886915695
1395783,54.552970886915695
1177550,89.70462824137277
1412772,89.70462824137277
1325211,89.70462824137277
1331898,212.9814107271406
1027577,45.66606664484248
1211409,45.66606664484248
1119268,77.03313137284691
1409353,49.13898965994467
1239768,49.13898965994467
1016320,33.064874309659736
1350029,43.97285881075489
1165320,43.97285881075489
1114413,212.9814107271406
1374639,212.9814107271406
1263967,270.2189384224288
1431639,201.93506461957222
1439212,201.93506461957222
1243982,199.665369019039
1425722,48.767932021816485
1357621,69.80112009217684
1080059,69.80112009217684
1342822,198.23396685547178
1100321,198.23396685547178
1237813,76.45564088850853
1300518,72.91811059349153
1114521,72.91811059349153
1385419,72.91811059349153
1250718,544.9287496724291
1499934,212.9814107271406
1466058,544.9287496724291
1149575,72.91811059349153
1003527,83.72342200515234
1436210,83.72342200515234
1495418,76.45564088850853
1018177,33.064874309659736
1222779,43.97285881075489
1278720,212.9814107271406
1425342,270.39388162851657
1247856,212.9814107271406
1296233,25.013209964024856
1299299,25.013209964024856
1040011,77.03313137284691
1047541,77.03313137284691
1416939,54.552970886915695
1307589,54.552970886915695
1154900,54.552970886915695
1447474,89.70462824137277
1498148,89.70462824137277
1032041,89.70462824137277
1441254,212.9814107271406
1270780,212.9814107271406
1283042,212.9814107271406
1284049,77.03313137284691
1451216,49.13898965994467
1159551,49.13898965994467
1226506,43.97285881075489
1065345,43.97285881075489
1421154,212.9814107271406
1254784,212.9814107271406
1067670,270.2766389139939
1249310,679.6280553316877
1109152,679.6280553316877
1059263,679.6280553316877
1127296,131.92337591025642
1177149,69.80112009217684
1193901,69.80112009217684
1305434,380.42385538854455
1169253,380.42385538854455
1439432,131.92337591025642
1369386,72.91811059349153
1187366,72.91811059349153
1383898,72.91811059349153
1040191,545.377690469417
1026483,317.55939570701025
1418641,545.377690469417
1446160,72.91811059349153
1300731,72.91811059349153
1359618,72.91811059349153
1248156,178.513063500759
1294670,178.513063500759
1478985,178.513063500759
1368481,131.92337591025642
1333433,56.84953417431313
1434239,56.84953417431313
1257619,317.55939570701025
1094504,402.99267957661584
1300383,402.99267957661584
1384829,25.013209964024856
1005407,25.013209964024856
1315724,25.013209964024856
1177648,380.42385538854455
1039799,380.42385538854455
1050610,380.42385538854455
1215378,54.552970886915695
1420586,54.552970886915695
1355314,54.552970886915695
1200145,123.84940510274217
1352856,123.84940510274217
1490730,123.84940510274217
1140936,317.55939570701025
1100311,317.55939570701025
1280962,317.55939570701025
1188460,131.92337591025642
1241716,131.92337591025642
1495394,131.92337591025642
1052736,56.84953417431313
1491102,56.84953417431313
1439147,56.84953417431313
1253028,317.55939570701025
1217271,317.55939570701025
1153904,402.99267957661584
1103990,679.6280553316877
1315380,679.6280553316877
1012578,679.6280553316877
1356121,131.92337591025642
1387352,69.80112009217684
1177494,69.80112009217684
1441552,380.42385538854455
1065795,380.42385538854455
1245852,131.92337591025642
1485920,72.91811059349153
1282419,72.91811059349153
1474269,72.91811059349153
1122106,545.377690469417
1419497,317.55939570701025
1491382,545.377690469417
1334251,72.91811059349153
1107205,72.91811059349153
1342908,72.91811059349153
1389672,178.513063500759
1115199,178.513063500759
1466642,178.513063500759
1075060,131.92337591025642
1286035,56.84953417431313
1216014,56.84953417431313
1202009,317.55939570701025
1447158,402.99267957661584
1116835,317.55939570701025
1216346,25.013209964024856
1295510,25.013209964024856
1286831,25.013209964024856
1495796,380.42385538854455
1477046,131.92337591025642
1423534,380.42385538854455
1070216,54.552970886915695
1260241,54.552970886915695
1376750,54.552970886915695
1331408,123.84940510274217
1239901,123.84940510274217
1195401,123.84940510274217
1083931,317.55939570701025
1445603,317.55939570701025
1331096,317.55939570701025
1085873,131.92337591025642
1106683,131.92337591025642
1334187,131.92337591025642
1103377,56.84953417431313
1015635,56.84953417431313
1254780,56.84953417431313
1379556,317.55939570701025
1461975,317.55939570701025
1104316,402.99267957661584
1395991,198.93980261403385
1395799,199.00149068801363
1204391,199.00149068801363
1080873,48.767932021816485
1111719,69.80112009217684
1210576,69.80112009217684
1172770,195.29333196690015
1265692,195.29333196690015
1042603,195.52984354398447
1182168,161.42500067071174
1277776,161.5938818171938
1131821,72.91811059349153
1174173,544.9287496724291
1337771,317.55939570701025
1202376,544.9287496724291
1444033,72.91811059349153
1163334,83.72342200515234
1279214,76.45564088850853
1296501,33.064874309659736
1033599,43.97285881075489
1174360,309.1097438937725
1291501,270.4663964279498
1298916,1041.9174258812368
1423496,269.0524879976676
1293002,123.84940510274217
1076795,307.7369094479718
1021481,317.55939570701025
1330908,317.55939570701025
1162720,45.66606664484248
1078467,77.03313137284691
1345403,49.13898965994467
1036433,49.13898965994467
1391656,33.064874309659736
1328210,43.97285881075489
1177028,43.97285881075489
1434055,309.25859528339623
1424721,309.25859528339623
1191920,270.2189384224288
1052756,373.37273953705807
1391034,373.37273953705807
1408065,373.37273953705807
1091688,48.767932021816485
1166031,69.80112009217684
1177255,69.80112009217684
1045371,256.0759837508135
1060513,256.0759837508135
1436754,267.02492723476183
1233478,72.91811059349153
1192154,72.91811059349153
1037962,544.9287496724291
1373312,212.9814107271406
1185011,544.9287496724291
1007240,72.91811059349153
1277562,83.72342200515234
1072334,83.72342200515234
1128376,76.45564088850853
1297522,43.97285881075489
1452541,309.17571821240165
1359919,270.52414956498524
1067207,270.52414956498524
1233545,25.013209964024856
1214743,89.70462824137277
1228910,182.86622978738308
1423994,206.88397831927205
1313304,212.9814107271406
1099679,212.9814107271406
1426844,45.66606664484248
1378564,49.13898965994467
1076816,49.13898965994467
1001350,49.13898965994467
1463100,33.064874309659736
1239878,43.97285881075489
1415566,43.97285881075489
1168331,309.3246012694244
1184252,309.3246012694244
1037012,270.2766389139939
1458256,195.89123127808176
1280912,195.89123127808176
1082299,195.1244002063272
1300140,193.96001242441147
1397931,193.89987933426218
1428482,76.45564088850853
1229001,72.91811059349153
1067710,72.91811059349153
1181286,72.91811059349153
1412408,213.62577458661838
1407485,212.9814107271406
1071259,213.62577458661838
1131716,83.72342200515234
1214421,76.45564088850853
1114189,33.151174695801714
1323156,212.9814107271406
1000698,213.62577458661838
1031474,212.9814107271406
1247248,25.013209964024856
1023342,25.013209964024856
1188121,54.552970886915695
1286899,89.70462824137277
1349711,89.70462824137277
1091327,89.70462824137277
1176395,43.97285881075489
1248828,43.97285881075489
1040307,212.9814107271406
1329740,213.62577458661838
1265965,213.62577458661838
1375031,267.02492723476183
1336230,267.02492723476183
1109216,267.02492723476183
1223819,48.767932021816485
1184220,69.80112009217684
1351227,69.80112009217684
1291104,256.0759837508135
1499951,256.0759837508135
1389163,267.02492723476183
1457331,72.91811059349153
1018331,72.91811059349153
1222327,72.91811059349153
1380095,544.9287496724291
1186135,212.9814107271406
1091750,544.9287496724291
1474529,72.91811059349153
1336163,72.91811059349153
1463362,83.72342200515234
1280003,83.72342200515234
1119159,83.72342200515234
1067474,76.45564088850853
1317791,33.064874309659736
1126189,43.97285881075489
1374875,212.9814107271406
1498800,270.39388162851657
1377853,270.39388162851657
1418509,25.013209964024856
1384132,25.013209964024856
1152757,256.0759837508135
1290442,256.0759837508135
1010856,256.0759837508135
1054292,54.552970886915695
1014398,54.552970886915695
1262731,54.552970886915695
1036243,89.70462824137277
1004828,89.70462824137277
1388536,89.70462824137277
1350424,212.9814107271406
1137631,212.9814107271406
1381527,212.9814107271406
1161738,77.03313137284691
1308325,49.13898965994467
1202718,49.13898965994467
1478119,33.064874309659736
1328690,43.97285881075489
1346361,43.97285881075489
1332266,212.9814107271406
1356772,212.9814107271406
1084390,270.2766389139939
1419232,267.02492723476183
1387470,267.02492723476183
1478089,267.02492723476183
1331292,69.80112009217684
1430739,256.0759837508135
1105500,256.0759837508135
1249587,76.45564088850853
1207278,72.91811059349153
1067443,72.91811059349153
1016566,72.91811059349153
1378160,213.62577458661838
1497309,212.9814107271406
1370933,213.62577458661838
1481206,83.72342200515234
1369995,83.72342200515234
1350874,83.72342200515234
1112513,76.45564088850853
1147478,33.064874309659736
1293493,33.151174695801714
1387939,212.9814107271406
1191281,213.62577458661838
1092227,212.9814107271406
1178247,25.013209964024856
1169864,25.013209964024856
1174124,77.03313137284691
1278123,256.0759837508135
1075935,256.0759837508135
1220930,54.552970886915695
1219540,54.552970886915695
1055380,54.552970886915695
1036746,89.70462824137277
1022232,89.70462824137277
1010495,89.70462824137277
1023709,45.66606664484248
1462450,212.9814107271406
1120855,212.9814107271406
1418431,77.03313137284691
1219029,49.13898965994467
1482768,49.13898965994467
1229842,33.064874309659736
1206840,43.97285881075489
1235689,43.97285881075489
1410054,213.62577458661838
1119297,213.62577458661838
1283213,213.62577458661838
1392031,552.1082667017112
1193249,552.1082667017112
1199568,552.1082667017112
1407293,131.92337591025642
1278568,69.80112009217684
1408531,69.80112009217684
1138267,345.98465481657826
1139258,345.98465481657826
1365049,131.92337591025642
1359954,72.91811059349153
1343500,72.91811059349153
1033638,72.91811059349153
1053043,544.9287496724291
1106036,317.55939570701025
1050509,544.9287496724291
1163652,72.91811059349153
1344265,72.91811059349153
1296395,178.513063500759
1419087,178.513063500759
1341606,178.513063500759
1067990,131.92337591025642
1327243,33.064874309659736
1019442,33.151174695801714
1320284,317.55939570701025
1070518,270.3361561994475
1380607,270.3361561994475
1092204,25.013209964024856
1397944,25.013209964024856
1308439,25.013209964024856
1386250,345.98465481657826
1482059,345.98465481657826
1228987,345.98465481657826
1084363,54.552970886915695
1289081,54.552970886915695
1046120,123.84940510274217
1359932,123.84940510274217
1476808,123.84940510274217
1375526,317.55939570701025
1403567,317.55939570701025
1411725,317.55939570701025
1027074,131.92337591025642
1319750,131.92337591025642
1488452,131.92337591025642
1183310,33.064874309659736
1060365,43.97285881075489
1203758,43.97285881075489
1359579,317.55939570701025
1250165,317.55939570701025
1118053,270.2189384224288
1425692,373.37273953705807
1163765,373.37273953705807
1024239,373.37273953705807
1427043,48.767932021816485
1394487,69.80112009217684
1366235,69.80112009217684
1230705,256.0759837508135
1385760,256.0759837508135
1155221,267.02492723476183
1357947,72.91811059349153
1155845,72.91811059349153
1284871,72.91811059349153
1285681,544.9287496724291
1313628,317.55939570701025
1003559,544.9287496724291
1085143,72.91811059349153
1279269,72.91811059349153
1491362,72.91811059349153
1296050,178.513063500759
1027560,178.513063500759
1109062,178.513063500759
1468070,76.45564088850853
1301912,33.064874309659736
1372452,43.97285881075489
1216295,309.1097438937725
1080428,270.4663964279498
1275455,270.4663964279498
1200217,123.84940510274217
1162284,307.7369094479718
1409553,269.0524879976676
1392715,317.55939570701025
1315760,317.55939570701025
1097710,45.66606664484248
1285179,49.13898965994467
1273296,49.13898965994467
1050702,49.13898965994467
1094193,33.064874309659736
1072878,43.8592119123437
1252201,43.97285881075489
1016160,309.25859528339623
1345970,309.25859528339623
1183200,270.2189384224288
1243332,288.606101623183
1440017,288.606101623183
1155554,288.51677607585594
1120774,48.767932021816485
1395698,69.80112009217684
1441706,69.80112009217684
1288355,227.86783175737463
1451370,227.86783175737463
1010337,230.2787543177377
1030428,72.91811059349153
1343272,72.91811059349153
1294240,161.5938818171938
1244960,544.9287496724291
1050471,212.9814107271406
1271361,544.9287496724291
1131135,72.91811059349153
1330314,72.91811059349153
1236942,72.91811059349153
1484447,83.72342200515234
1317781,83.72342200515234
1471097,83.72342200515234
1064015,76.45564088850853
1435998,43.8592119123437
1222345,43.97285881075489
1495290,309.1097438937725
1261324,270.3361561994475
1149711,270.3361561994475
1396438,25.013209964024856
1379374,25.013209964024856
1289334,25.013209964024856
1332404,89.70462824137277
1182176,89.70462824137277
1405603,89.70462824137277
1248698,45.66606664484248
1011799,45.66606664484248
1123469,45.66606664484248
1023318,49.13898965994467
1483716,49.13898965994467
1162607,49.13898965994467
1157714,33.151174695801714
1406254,33.064874309659736
1468021,43.97285881075489
1357828,309.1097438937725
1248120,309.1097438937725
1480346,270.2189384224288
1007010,201.99767683142636
1329627,201.93506461957222
1401957,201.99767683142636
1296576,48.767932021816485
1335313,69.80112009217684
1416727,69.80112009217684
1272292,198.23396685547178
1441262,198.23396685547178
1151463,198.47402156969744
1337790,72.91811059349153
1476136,72.91811059349153
1443795,72.91811059349153
1272200,544.9287496724291
1442250,212.9814107271406
1401517,544.9287496724291
1006041,72.91811059349153
1329309,72.91811059349153
1406291,83.72342200515234
1267181,83.72342200515234
1319608,76.45564088850853
1425375,33.064874309659736
1288009,43.97285881075489
1226314,309.17571821240165
1189123,270.52414956498524
1394268,270.39388162851657
1466259,25.013209964024856
1090500,89.70462824137277
1478055,89.70462824137277
1129935,89.70462824137277
1070032,212.9814107271406
1136100,45.66606664484248
1378063,45.66606664484248
1399751,49.13898965994467
1423195,49.13898965994467
1121665,49.13898965994467
1225337,33.151174695801714
1407149,43.97285881075489
1442808,43.97285881075489
1074323,1041.9174258812368
1148769,1041.9174258812368
1313849,270.2766389139939
1209585,679.6280553316877
1278748,679.6280553316877
1093376,679.6280553316877
1007123,131.92337591025642
1473365,69.80112009217684
1416330,69.80112009217684
1115570,380.42385538854455
1301735,380.42385538854455
1406384,131.92337591025642
1117969,72.91811059349153
1259030,72.91811059349153
1167748,72.91811059349153
1353953,545.377690469417
1340614,317.55939570701025
1430093,545.377690469417
1226033,72.91811059349153
1186038,72.91811059349153
1324350,72.91811059349153
1341057,178.513063500759
1218304,178.513063500759
1007165,178.513063500759
1023051,131.92337591025642
1408479,56.84953417431313
1363746,56.84953417431313
1051229,317.55939570701025
1246221,402.99267957661584
1249794,317.55939570701025
1415662,25.013209964024856
1047566,25.013209964024856
1175187,25.013209964024856
1261268,380.42385538854455
1211204,380.42385538854455
1196393,380.42385538854455
1324708,54.552970886915695
1249911,54.552970886915695
1444677,54.552970886915695
1438339,123.84940510274217
1006845,123.84940510274217
1461548,123.84940510274217
1057669,317.55939570701025
1066575,317.55939570701025
1359065,317.55939570701025
1076099,131.92337591025642
1008635,131.92337591025642
1110869,131.92337591025642
1311681,56.84953417431313
1472243,56.84953417431313
1079476,56.84953417431313
1026935,317.55939570701025
1367247,317.55939570701025
1474729,402.99267957661584
1406711,198.8408231880495
1352093,198.8408231880495
1464644,198.00110590391293
1056398,48.767932021816485
1058284,69.80112009217684
1310702,69.80112009217684
1275186,196.88067309416985
1115062,196.81963916107793
1369730,76.45564088850853
1441255,72.91811059349153
1009158,72.91811059349153
1439087,72.91811059349153
1101076,213.62577458661838
1385485,212.9814107271406
1381756,213.62577458661838
1163817,83.72342200515234
1034901,83.72342200515234
1365266,83.72342200515234
1491765,76.45564088850853
1331278,33.064874309659736
1387243,43.97285881075489
1059770,212.9814107271406
1411775,213.62577458661838
1237309,212.9814107271406
1279987,196.88067309416985
1230317,196.88067309416985
1471457,196.88067309416985
1421988,54.552970886915695
1242095,54.552970886915695
1123773,54.552970886915695
1486238,89.70462824137277
1106874,89.70462824137277
1043439,89.70462824137277
1135306,212.9814107271406
1213221,212.9814107271406
1293359,212.9814107271406
1488237,77.03313137284691
1215569,49.13898965994467
1364047,49.13898965994467
1222795,40.139604277765535
1064545,43.97285881075489
1446086,43.97285881075489
1093571,213.62577458661838
1418371,213.62577458661838
1182114,213.62577458661838
1054723,679.6280553316877
1182446,679.6280553316877
1253839,679.6280553316877
1139142,69.80112009217684
1320721,380.42385538854455
1134128,380.42385538854455
1424653,131.92337591025642
1254550,72.91811059349153
1163284,72.91811059349153
1314335,72.91811059349153
1338319,545.377690469417
1116418,317.55939570701025
1035513,545.377690469417
1461518,72.91811059349153
1441342,72.91811059349153
1480348,72.91811059349153
1306511,178.513063500759
1465566,178.513063500759
1375422,178.513063500759
1011397,131.92337591025642
1206239,56.84953417431313
1086612,56.84953417431313
1097994,317.55939570701025
1147117,402.99267957661584
1334266,402.99267957661584
1365715,25.013209964024856
1162136,380.42385538854455
1428806,131.92337591025642
1175819,380.42385538854455
1254869,54.552970886915695
1311140,54.552970886915695
1324215,54.552970886915695
1007982,123.84940510274217
1230711,123.84940510274217
1314655,123.84940510274217
1435749,317.55939570701025
1430121,317.55939570701025
1455053,317.55939570701025
1406102,131.92337591025642
1290556,131.92337591025642
1201315,131.92337591025642
1130404,56.84953417431313
1379722,56.84953417431313
1146684,317.55939570701025
1131405,317.55939570701025
1216649,402.99267957661584
1391689,679.6280553316877
1055011,679.6280553316877
1183543,679.6280553316877
1451107,131.92337591025642
1456388,69.80112009217684
1178756,69.80112009217684
1159595,380.42385538854455
1444143,380.42385538854455
1371429,131.92337591025642
1466318,72.91811059349153
1330248,72.91811059349153
1215795,72.91811059349153
1335631,545.377690469417
1242295,317.55939570701025
1242991,545.377690469417
1209194,72.91811059349153
1148243,72.91811059349153
1181156,72.91811059349153
1316171,178.513063500759
1145620,178.513063500759
1385807,178.513063500759
1025160,131.92337591025642
1448322,56.84953417431313
1299696,56.84953417431313
1431695,317.55939570701025
1093507,402.99267957661584
1068143,402.99267957661584
1262949,25.013209964024856
1111725,25.013209964024856
1461971,380.42385538854455
1364620,380.42385538854455
1415079,380.42385538854455
1341426,54.552970886915695
1080375,54.552970886915695
1158488,54.552970886915695
1212302,123.84940510274217
1087492,123.84940510274217
1472309,123.84940510274217
1238649,317.55939570701025
1202195,317.55939570701025
1482606,317.55939570701025
1028580,131.92337591025642
1051268,131.92337591025642
1379128,131.92337591025642
1013539,56.84953417431313
1129761,56.84953417431313
1411004,56.84953417431313
1435247,317.55939570701025
1380455,317.55939570701025
1265343,402.99267957661584
1135738,679.6280553316877
1011038,679.6280553316877
1137846,679.6280553316877
1399251,131.92337591025642
1440074,69.80112009217684
1000734,69.80112009217684
1414810,380.42385538854455
1381179,380.42385538854455
1350790,679.6280553316877
1190444,72.91811059349153
1486912,72.91811059349153
1236391,72.91811059349153
1178617,545.377690469417
1285948,317.55939570701025
1262305,545.377690469417
1321124,72.91811059349153
1477230,72.91811059349153
1474968,72.91811059349153
1358159,178.513063500759
1493346,178.513063500759
1316177,178.513063500759
1098457,131.92337591025642
1325326,56.84953417431313
1252764,56.84953417431313
1130890,402.99267957661584
1445592,402.99267957661584
1267495,402.99267957661584
1382259,25.013209964024856
1156755,25.013209964024856
1491082,25.013209964024856
1103558,269.0524879976676
1338037,307.7369094479718
1094930,269.0524879976676
1386365,317.55939570701025
1304381,317.55939570701025
1351937,317.55939570701025
1328548,131.92337591025642
1371269,131.92337591025642
1002309,131.92337591025642
1471282,56.84953417431313
1392767,56.84953417431313
1019682,56.84953417431313
1457769,402.99267957661584
1300407,402.99267957661584
1068011,402.99267957661584
1127745,198.93980261403385
1275300,198.93980261403385
1031756,198.93980261403385
1276549,48.767932021816485
1056144,69.80112009217684
1345960,69.80112009217684
1026590,195.35389498349699
1230216,195.29333196690015
1493066,195.52984354398447
1240971,161.42500067071174
1076123,72.91811059349153
1116856,544.9287496724291
1106834,212.9814107271406
1430745,544.9287496724291
1142733,72.91811059349153
1332561,83.72342200515234
1065027,83.72342200515234
1288625,76.45564088850853
1100005,33.064874309659736
1316879,43.97285881075489
1448339,309.1097438937725
1448283,270.4663964279498
1230100,1041.9174258812368
1150331,25.013209964024856
1233710,89.70462824137277
1244549,206.88397831927205
1011274,89.70462824137277
1366995,202.37847070395185
1155338,45.66606664484248
1431889,49.13898965994467
1411042,49.13898965994467
1373635,33.064874309659736
1365958,43.97285881075489
1263468,43.8592119123437
1147836,309.25859528339623
1312260,309.25859528339623
1108274,270.2189384224288
1152196,367.66451142142944
1174520,367.66451142142944
1311644,367.66451142142944
1282792,69.80112009217684
1313863,69.80112009217684
1116853,254.25104551803662
1117345,254.25104551803662
1142841,264.80200255916003
1346851,72.91811059349153
1202683,72.91811059349153
1286305,72.91811059349153
1207997,213.62577458661838
1075761,212.9814107271406
1442400,213.62577458661838
1313185,83.72342200515234
1313557,83.72342200515234
1461090,83.72342200515234
1262107,76.45564088850853
1043719,33.064874309659736
1172039,43.97285881075489
1382652,213.62577458661838
1020208,213.62577458661838
1253644,213.62577458661838
1339071,89.70462824137277
1320094,89.70462824137277
1117970,89.70462824137277
1068151,212.9814107271406
1458189,212.9814107271406
1154829,212.9814107271406
1441375,49.13898965994467
1027883,49.13898965994467
1358903,49.13898965994467
1297394,43.97285881075489
1065989,43.97285881075489
1364660,213.62577458661838
1277097,213.62577458661838
1157917,213.62577458661838
1482136,373.37273953705807
1491979,373.37273953705807
1491117,373.37273953705807
1206646,76.45564088850853
1208274,69.80112009217684
1210738,69.80112009217684
1328739,256.0759837508135
1151568,256.0759837508135
1179600,267.02492723476183
1350474,72.91811059349153
1249578,72.91811059349153
1141830,72.91811059349153
1066784,544.9287496724291
1135133,212.9814107271406
1045471,544.9287496724291
1239437,72.91811059349153
1412957,72.91811059349153
1256148,72.91811059349153
1150723,83.72342200515234
1458025,83.72342200515234
1208584,83.72342200515234
1052913,76.45564088850853
1342834,43.8592119123437
1427122,43.97285881075489
1307634,309.1097438937725
1483134,270.3361561994475
1008294,270.4663964279498
1127039,25.013209964024856
1205295,25.013209964024856
1216979,182.86622978738308
1213601,206.88397831927205
1124300,89.70462824137277
1400990,45.66606664484248
1206721,212.9814107271406
1154185,212.9814107271406
1051019,49.13898965994467
1035942,49.13898965994467
1120418,49.13898965994467
1000557,33.151174695801714
1159957,43.8592119123437
1281230,43.8592119123437
1492825,309.1097438937725
1364359,309.1097438937725
1144162,270.2189384224288
1134852,373.37273953705807
1179517,373.37273953705807
1000505,267.02492723476183
1301184,48.767932021816485
1206831,69.80112009217684
1008616,256.0759837508135
1429552,256.0759837508135
1139647,76.45564088850853
1300817,72.91811059349153
1119648,72.91811059349153
1255638,72.91811059349153
1096780,544.9287496724291
1148826,212.9814107271406
1290989,544.9287496724291
1442329,72.91811059349153
1421415,72.91811059349153
1394355,83.72342200515234
1375025,83.72342200515234
1103636,83.72342200515234
1435514,76.45564088850853
1344879,33.064874309659736
1026319,33.151174695801714
1432633,212.9814107271406
1092417,270.3361561994475
1040695,212.9814107271406
1142017,25.013209964024856
1123939,25.013209964024856
1496055,25.013209964024856
1361083,77.03313137284691
1292002,358.0794382407501
1476709,256.0759837508135
1318219,54.552970886915695
1121990,54.552970886915695
1409644,54.552970886915695
1442958,89.70462824137277
1210181,89.70462824137277
1246412,89.70462824137277
1113679,212.9814107271406
1178941,212.9814107271406
1407215,212.9814107271406
1137755,77.03313137284691
1101359,49.13898965994467
1389483,49.13898965994467
1446950,33.064874309659736
1331883,43.97285881075489
1220066,43.97285881075489
1430629,212.9814107271406
1412405,212.9814107271406
1445691,270.2189384224288
1233603,267.02492723476183
1081183,267.02492723476183
1390416,267.02492723476183
1161610,48.767932021816485
1029722,256.0759837508135
1408190,256.0759837508135
1358481,76.45564088850853
1362659,72.91811059349153
1374651,72.91811059349153
1473048,72.91811059349153
1159448,213.62577458661838
1095885,212.9814107271406
1152927,213.62577458661838
1263486,72.91811059349153
1361892,72.91811059349153
1180295,83.72342200515234
1461189,83.72342200515234
1352516,83.72342200515234
1203135,76.45564088850853
1412137,33.064874309659736
1348312,43.97285881075489
1117178,212.9814107271406
1487661,213.62577458661838
1052291,212.9814107271406
1346673,25.013209964024856
1482270,256.0759837508135
1195731,256.0759837508135
1170403,256.0759837508135
1260429,54.552970886915695
1380448,54.552970886915695
1288681,54.552970886915695
1121882,89.70462824137277
1297507,89.70462824137277
1249247,89.70462824137277
1368716,212.9814107271406
1093831,212.9814107271406
1190515,212.9814107271406
1412193,77.03313137284691
1266638,49.13898965994467
1281895,49.13898965994467
1263331,33.064874309659736
1496385,43.97285881075489
1472881,43.97285881075489
1174789,213.62577458661838
1449484,213.62577458661838
1434557,213.62577458661838
1241213,199.7272809543681
1099698,200.51210892999336
1288833,200.51210892999336
1279473,69.80112009217684
1374095,198.2954371556617
1195279,198.23396685547178
1285467,76.45564088850853
1200473,72.91811059349153
1288556,72.91811059349153
1135583,72.91811059349153
1352318,544.9287496724291
1141415,317.55939570701025
1416778,544.9287496724291
1251736,72.91811059349153
1256829,72.91811059349153
1497598,83.72342200515234
1200754,83.72342200515234
1155627,76.45564088850853
1257467,33.064874309659736
1010451,43.97285881075489
1304851,317.55939570701025
1144211,270.39388162851657
1275541,317.55939570701025
1333903,25.013209964024856
1273355,25.013209964024856
1077142,49.13898965994467
1213834,77.03313137284691
1394157,54.552970886915695
1246247,54.552970886915695
1262361,54.552970886915695
1288241,123.84940510274217
1008853,123.84940510274217
1386984,123.84940510274217
1039343,45.66606664484248
1457066,317.55939570701025
1417619,317.55939570701025
1221942,77.03313137284691
1492708,49.13898965994467
1260284,49.13898965994467
1005493,33.4631605902943
1097238,43.97285881075489
1389098,43.97285881075489
1239205,317.55939570701025
1142402,317.55939570701025
1187987,270.2766389139939
1277790,292.85397451262736
1129722,292.85397451262736
1292372,292.85397451262736
1083272,48.767932021816485
1210694,69.80112009217684
1175781,231.29645933322587
1370401,231.3681305111564
1048369,233.67109565607413
1199378,72.91811059349153
1443132,72.91811059349153
1437968,161.5938818171938
1435862,544.9287496724291
1301525,317.55939570701025
1300490,544.9287496724291
1155251,72.91811059349153
1066976,72.91811059349153
1493943,72.91811059349153
1376854,178.513063500759
1331984,178.513063500759
1325754,178.513063500759
1317080,76.45564088850853
1083560,33.064874309659736
1231111,33.151174695801714
1011124,309.17571821240165
1321197,270.52414956498524
1370181,270.52414956498524
1449954,25.013209964024856
1435671,123.84940510274217
1081672,269.0524879976676
1341179,307.7369094479718
1037357,317.55939570701025
1453346,317.55939570701025
1129402,297.7894149170361
1356694,49.13898965994467
1095297,49.13898965994467
1005508,49.13898965994467
1040476,33.064874309659736
1274638,43.97285881075489
1130738,43.97285881075489
1234863,309.3246012694244
1004425,309.3246012694244
1248791,270.2766389139939
1416624,679.6280553316877
1168965,679.6280553316877
1080688,679.6280553316877
1237764,69.80112009217684
1085489,69.80112009217684
1310818,380.42385538854455
1469088,380.42385538854455
1330889,131.92337591025642
1451006,72.91811059349153
1199888,72.91811059349153
1456099,72.91811059349153
1238994,545.377690469417
1233434,317.55939570701025
1418277,545.377690469417
1437367,72.91811059349153
1266827,72.91811059349153
1059366,72.91811059349153
1005997,178.513063500759
1072243,178.513063500759
1487987,178.513063500759
1179844,56.84953417431313
1478638,56.84953417431313
1126519,317.55939570701025
1097376,1041.9174258812368
1322240,317.55939570701025
1353828,25.013209964024856
1095697,25.013209964024856
1195929,25.013209964024856
1075296,380.42385538854455
1126645,380.42385538854455
1387808,380.42385538854455
1299335,54.552970886915695
1190579,54.552970886915695
1238279,54.552970886915695
1281060,123.84940510274217
1255725,123.84940510274217
1086034,123.84940510274217
1222068,317.55939570701025
1445345,317.55939570701025
1346505,317.55939570701025
1321003,131.92337591025642
1484787,131.92337591025642
1120747,131.92337591025642
1107889,56.84953417431313
1063781,56.84953417431313
1069635,56.84953417431313
1362909,317.55939570701025
1160528,317.55939570701025
1071583,402.99267957661584
1081273,679.6280553316877
1301120,679.6280553316877
1252819,679.6280553316877
1450030,131.92337591025642
1357284,69.80112009217684
1046795,69.80112009217684
1135179,380.42385538854455
1292184,380.42385538854455
1236684,131.92337591025642
1312208,72.91811059349153
1221279,72.91811059349153
1215254,72.91811059349153
1160460,545.377690469417
1433007,317.55939570701025
1473093,545.377690469417
1136868,72.91811059349153
1353423,178.513063500759
1231192,178.513063500759
1025759,178.513063500759
1331967,131.92337591025642
1152714,56.84953417431313
1347861,56.84953417431313
1434386,402.99267957661584
1496234,402.99267957661584
1192419,402.99267957661584
1489440,25.013209964024856
1432777,25.013209964024856
1444293,25.013209964024856
1238059,123.84940510274217
1037656,123.84940510274217
1225810,123.84940510274217
1181074,45.66606664484248
1137669,317.55939570701025
1020431,317.55939570701025
1423125,131.92337591025642
1297694,131.92337591025642
1276959,131.92337591025642
1374169,56.84953417431313
1202772,56.84953417431313
1036821,56.84953417431313
1249229,402.99267957661584
1468668,402.99267957661584
1080511,402.99267957661584
1453211,198.9024807235865
1216199,198.9024807235865
1298007,48.767932021816485
1286555,69.80112009217684
1405233,196.81963916107793
1156240,196.81963916107793
1247979,76.45564088850853
1323764,72.91811059349153
1323389,72.91811059349153
1337295,72.91811059349153
1078113,213.62577458661838
1354222,212.9814107271406
1005910,213.62577458661838
1204525,72.91811059349153
1136587,72.91811059349153
1183839,83.72342200515234
1097913,33.064874309659736
1289506,33.151174695801714
1467938,212.9814107271406
1102366,213.62577458661838
1104329,212.9814107271406
1253823,196.88067309416985
1335558,196.88067309416985
1309171,77.03313137284691
1299132,89.70462824137277
1476668,89.70462824137277
1018667,89.70462824137277
1030392,212.9814107271406
1200823,212.9814107271406
1369039,212.9814107271406
1086847,49.13898965994467
1109486,49.13898965994467
1325405,33.064874309659736
1331264,43.97285881075489
1427058,43.97285881075489
1336172,213.62577458661838
1255751,213.62577458661838
1320682,213.62577458661838
1141103,232.56973637727674
1183358,232.56973637727674
1384513,232.56973637727674
1143313,48.767932021816485
1253248,227.86783175737463
1142409,227.93844508974954
1267250,230.2787543177377
1479265,72.91811059349153
1203571,72.91811059349153
1478474,72.91811059349153
1028746,544.9287496724291
1178203,212.9814107271406
1385350,544.9287496724291
1074938,72.91811059349153
1267774,72.91811059349153
1022228,83.72342200515234
1211769,83.72342200515234
1119491,83.72342200515234
1033015,48.767932021816485
1029041,43.8592119123437
1146955,33.151174695801714
1299017,212.9814107271406
1260005,270.4695283568879
1203568,212.9814107271406
1120980,25.013209964024856
1165612,25.013209964024856
1075641,77.03313137284691
1236863,77.03313137284691
1393900,227.93844508974954
1119480,54.552970886915695
1294669,54.552970886915695
1334537,54.552970886915695
1035256,89.70462824137277
1363056,89.70462824137277
1329993,89.70462824137277
1050349,212.9814107271406
1311264,212.9814107271406
1339810,212.9814107271406
1264183,230.20741914489903
1200866,49.13898965994467
1161315,49.13898965994467
1476020,43.97285881075489
1123496,43.97285881075489
1099298,309.3246012694244
1313206,309.3246012694244
1468053,270.2766389139939
1093227,267.02492723476183
1183936,267.02492723476183
1263387,267.02492723476183
1065834,48.767932021816485
1443402,69.80112009217684
1040533,69.80112009217684
1057544,256.0759837508135
1461408,256.0759837508135
1359630,76.45564088850853
1057310,72.91811059349153
1227990,72.91811059349153
1453454,72.91811059349153
1348678,544.9287496724291
1171835,212.9814107271406
1329067,544.9287496724291
1214967,72.91811059349153
1360876,72.91811059349153
1487084,83.72342200515234
1476159,83.72342200515234
1185623,83.72342200515234
1401622,33.064874309659736
1150515,33.151174695801714
1353711,212.9814107271406
1300105,270.39388162851657
1050801,212.9814107271406
1205716,25.013209964024856
1084245,25.013209964024856
1323798,25.013209964024856
1495866,256.0759837508135
1126990,256.0759837508135
1382069,256.0759837508135
1206071,54.552970886915695
1156187,54.552970886915695
1446803,54.552970886915695
1049695,89.70462824137277
1323061,89.70462824137277
1339909,89.70462824137277
1135487,212.9814107271406
1000100,212.9814107271406
1388671,212.9814107271406
1047271,267.02492723476183
1430895,49.13898965994467
1191523,49.13898965994467
1157697,43.97285881075489
1158465,43.97285881075489
1347027,309.17571821240165
1241427,309.3246012694244
1188841,270.2766389139939
1181575,679.6280553316877
1316314,679.6280553316877
1082441,679.6280553316877
1335660,131.92337591025642
1168297,69.80112009217684
1213229,69.80112009217684
1437313,380.42385538854455
1011793,380.42385538854455
1376105,679.6280553316877
1056546,72.91811059349153
1086686,161.42500067071174
1483804,72.91811059349153
1484346,545.377690469417
1065215,317.55939570701025
1191886,545.377690469417
1018412,72.91811059349153
1130199,72.91811059349153
1388783,72.91811059349153
1114069,178.513063500759
1097480,178.513063500759
1254831,178.513063500759
1356261,131.92337591025642
1169758,56.84953417431313
1047398,56.84953417431313
1108942,402.99267957661584
1395990,402.99267957661584
1447928,402.99267957661584
1162538,25.013209964024856
1298962,25.013209964024856
1451782,123.84940510274217
1258001,123.84940510274217
1301416,123.84940510274217
1160983,317.55939570701025
1103189,45.66606664484248
1432687,297.7894149170361
1454944,131.92337591025642
1251515,131.92337591025642
1407082,131.92337591025642
1375055,56.84953417431313
1140780,56.84953417431313
1390190,56.84953417431313
1483577,402.99267957661584
1310234,402.99267957661584
1324612,402.99267957661584
1318087,373.37273953705807
1173141,373.37273953705807
1269934,373.37273953705807
1442947,48.767932021816485
1233406,69.80112009217684
1490422,256.0759837508135
1228255,256.0759837508135
1324289,267.02492723476183
1044544,72.91811059349153
1415178,161.5938818171938
1083391,161.5938818171938
1390665,544.9287496724291
1343682,212.9814107271406
1420269,544.9287496724291
1067445,72.91811059349153
1331472,72.91811059349153
1174767,72.91811059349153
1066841,83.72342200515234
1196664,83.72342200515234
1470329,83.72342200515234
1257230,48.767932021816485
1395065,33.064874309659736
1013425,33.151174695801714
1494636,309.1097438937725
1085476,270.4663964279498
1326219,270.4663964279498
1363457,25.013209964024856
1003155,182.86622978738308
1104556,206.88397831927205
1379985,182.86622978738308
1342457,45.66606664484248
1008710,174.60248559019692
1418705,45.66606664484248
1333430,77.03313137284691
1186546,49.13898965994467
1239269,49.13898965994467
1388725,33.064874309659736
1462832,43.8592119123437
1072966,43.8592119123437
1197083,309.25859528339623
1107959,309.25859528339623
1481223,270.2189384224288
1305518,679.6280553316877
1091948,679.6280553316877
1423856,679.6280553316877
1135243,131.92337591025642
1175893,69.80112009217684
1180816,69.80112009217684
1256510,380.42385538854455
1306222,380.42385538854455
1089615,131.92337591025642
1059966,72.91811059349153
1106408,72.91811059349153
1337824,72.91811059349153
1096372,545.377690469417
1493967,317.55939570701025
1464047,545.377690469417
1232736,72.91811059349153
1310626,72.91811059349153
1152557,72.91811059349153
1470108,178.513063500759
1083732,178.513063500759
1340571,178.513063500759
1001888,56.84953417431313
1190892,56.84953417431313
1412578,56.84953417431313
1221774,317.55939570701025
1072628,402.99267957661584
1418345,317.55939570701025
1163110,25.013209964024856
1482208,25.013209964024856
1126214,25.013209964024856
1140966,380.42385538854455
1124593,380.42385538854455
1326921,380.42385538854455
1199659,54.552970886915695
1115764,54.552970886915695
1338613,54.552970886915695
1262678,123.84940510274217
1135607,123.84940510274217
1239466,123.84940510274217
1185120,317.55939570701025
1116326,317.55939570701025
1084274,317.55939570701025
1001605,131.92337591025642
1061234,131.92337591025642
1327015,131.92337591025642
1081244,56.84953417431313
1056311,56.84953417431313
1231953,56.84953417431313
1315567,402.99267957661584
1023338,402.99267957661584
1368801,402.99267957661584
1365321,373.37273953705807
1434395,267.02492723476183
1060668,267.68164500409625
1412851,48.767932021816485
1389584,69.80112009217684
1047653,69.80112009217684
1368824,256.0759837508135
1062138,256.0759837508135
1080771,76.45564088850853
1265021,72.91811059349153
1162076,72.91811059349153
1033851,72.91811059349153
1164529,544.9287496724291
1164851,212.9814107271406
1407686,544.9287496724291
1239126,83.72342200515234
1004611,83.72342200515234
1271171,83.72342200515234
1029230,48.767932021816485
1152216,33.064874309659736
1245895,33.151174695801714
1006231,212.9814107271406
1174973,270.4695283568879
1399815,212.9814107271406
1374612,25.013209964024856
1480121,256.0759837508135
1002209,256.0759837508135
1278108,256.0759837508135
1462180,54.552970886915695
1184629,54.552970886915695
1046603,89.70462824137277
1250767,89.70462824137277
1309641,89.70462824137277
1244370,212.9814107271406
1122567,212.9814107271406
1196992,212.9814107271406
1313003,267.02492723476183
1128343,49.13898965994467
1288977,49.13898965994467
1129132,43.97285881075489
1095953,43.97285881075489
1052493,212.9814107271406
1218935,212.9814107271406
1015407,270.2766389139939
1431361,679.6280553316877
1485965,679.6280553316877
1336922,679.6280553316877
1132112,131.92337591025642
1005220,69.80112009217684
1004022,69.80112009217684
1279884,380.42385538854455
1008750,380.42385538854455
1105224,131.92337591025642
1466321,72.91811059349153
1280185,72.91811059349153
1457965,72.91811059349153
1244417,545.377690469417
1131919,317.55939570701025
1451317,545.377690469417
1104883,72.91811059349153
1175655,72.91811059349153
1189952,72.91811059349153
1000304,178.513063500759
1461295,178.513063500759
1120717,178.513063500759
1493281,56.84953417431313
1170498,56.84953417431313
1383931,56.84953417431313
1327670,317.55939570701025
1343332,1041.9174258812368
1236270,317.55939570701025
1400678,25.013209964024856
1197290,25.013209964024856
1401748,25.013209964024856
1248165,380.42385538854455
1230061,380.42385538854455
1181642,380.42385538854455
1329876,54.552970886915695
1405583,54.552970886915695
1276334,54.552970886915695
1292794,123.84940510274217
1106071,123.84940510274217
1335860,123.84940510274217
1443203,317.55939570701025
1266589,317.55939570701025
1188906,317.55939570701025
1096891,679.6280553316877
1205809,131.92337591025642
1439307,131.92337591025642
1179169,56.84953417431313
1045963,56.84953417431313
1429094,56.84953417431313
1311865,402.99267957661584
1080373,402.99267957661584
1399350,402.99267957661584
1311554,373.37273953705807
1110818,373.37273953705807
1303018,373.37273953705807
1174742,48.767932021816485
1349833,69.80112009217684
1332264,69.80112009217684
1172547,256.0759837508135
1202092,256.0759837508135
1409437,267.02492723476183
1038905,72.91811059349153
1157152,161.5938818171938
1185911,72.91811059349153
1109479,544.9287496724291
1155822,212.9814107271406
1406614,544.9287496724291
1286531,72.91811059349153
1027999,72.91811059349153
1193741,72.91811059349153
1241441,83.72342200515234
1315121,83.72342200515234
1497710,83.72342200515234
1349802,33.064874309659736
1333857,33.064874309659736
1365192,33.151174695801714
1284213,309.1097438937725
1172386,270.4663964279498
1268959,270.4663964279498
1314764,206.88397831927205
1076504,206.88397831927205
1180513,182.86622978738308
1441078,45.66606664484248
1309464,45.66606664484248
1176713,45.66606664484248
1375565,77.03313137284691
1304798,49.13898965994467
1215467,49.13898965994467
1180354,33.064874309659736
1411569,43.8592119123437
1173022,43.97285881075489
1067126,309.25859528339623
1284763,309.25859528339623
1467408,270.2189384224288
1010693,373.37273953705807
1492072,373.37273953705807
1261641,373.37273953705807
1154519,48.767932021816485
1284522,69.80112009217684
1128146,69.80112009217684
1361785,256.0759837508135
1097103,256.0759837508135
1184517,267.02492723476183
1166644,161.42500067071174
1322713,161.42500067071174
1333349,161.5938818171938
1122674,213.62577458661838
1085876,212.9814107271406
1167618,213.62577458661838
1099209,72.91811059349153
1445899,83.72342200515234
1419759,83.72342200515234
1194935,43.8592119123437
1443388,33.151174695801714
1133418,213.62577458661838
1451491,213.62577458661838
1391487,213.62577458661838
1346923,25.013209964024856
1091512,25.013209964024856
1236380,89.70462824137277
1365007,182.86622978738308
1234609,206.88397831927205
1255211,45.66606664484248
1196064,212.9814107271406
1049627,45.66606664484248
1171254,77.03313137284691
1440868,49.13898965994467
1158633,49.13898965994467
1432911,33.064874309659736
1359292,43.97285881075489
1420948,43.97285881075489
1444309,213.62577458661838
1205357,213.62577458661838
1313355,213.62577458661838
1452010,679.6280553316877
1299770,679.6280553316877
1255054,131.92337591025642
1229099,69.80112009217684
1176972,69.80112009217684
1328253,380.42385538854455
1312682,380.42385538854455
1328174,679.6280553316877
1227077,161.5938818171938
1437393,161.5938818171938
1471676,161.5938818171938
1036444,545.377690469417
1136324,317.55939570701025
1036028,545.377690469417
1086341,72.91811059349153
1013266,72.91811059349153
1452051,72.91811059349153
1102454,178.513063500759
1328928,178.513063500759
1363133,178.513063500759
1238113,56.84953417431313
1244122,56.84953417431313
1302369,56.84953417431313
1141719,402.99267957661584
1418192,402.99267957661584
1025362,402.99267957661584
1010063,25.013209964024856
1271876,25.013209964024856
1243764,25.013209964024856
1154773,307.7369094479718
1217617,307.7369094479718
1457179,123.84940510274217
1149983,45.66606664484248
1442399,45.66606664484248
1023820,317.55939570701025
1261421,131.92337591025642
1152408,131.92337591025642
1322672,131.92337591025642
1219542,56.84953417431313
1258790,56.84953417431313
1184081,56.84953417431313
1033033,402.99267957661584
1009025,402.99267957661584
1187131,402.99267957661584
1490092,195.89123127808176
1044947,195.89123127808176
1401482,195.89123127808176
1401300,48.767932021816485
1040108,69.80112009217684
1072145,193.89987933426218
1167505,193.89987933426218
1432844,193.96001242441147
1360840,161.42500067071174
1281317,72.91811059349153
1394720,72.91811059349153
1123472,213.62577458661838
1335875,212.9814107271406
1191021,213.62577458661838
1062946,83.72342200515234
1379038,33.064874309659736
1086068,213.62577458661838
1209675,213.62577458661838
1273528,213.62577458661838
1052283,25.013209964024856
1488713,89.70462824137277
1317965,89.70462824137277
1334338,89.70462824137277
1495749,45.66606664484248
1155113,212.9814107271406
1324217,45.66606664484248
1014713,33.151174695801714
1068923,43.97285881075489
1199511,43.97285881075489
1226738,213.62577458661838
1057805,213.62577458661838
1337331,213.62577458661838
1031825,367.66451142142944
1091303,367.66451142142944
1299647,367.66451142142944
1339600,48.767932021816485
1270524,69.80112009217684
1069032,69.80112009217684
1029112,254.25104551803662
1185619,254.25104551803662
1208062,264.80200255916003
1218491,72.91811059349153
1411585,161.42500067071174
1280994,72.91811059349153
1477029,213.62577458661838
1150426,212.9814107271406
1291788,213.62577458661838
1123687,83.72342200515234
1385315,83.72342200515234
1273428,33.151174695801714
1091779,213.62577458661838
1433165,213.62577458661838
1233695,25.013209964024856
1226109,25.013209964024856
1289617,89.70462824137277
1086173,89.70462824137277
1136649,89.70462824137277
1222683,45.66606664484248
1165390,45.66606664484248
1494991,45.66606664484248
1303527,49.13898965994467
1332894,49.13898965994467
1375519,33.151174695801714
1389119,43.97285881075489
1337508,43.97285881075489
1413955,213.62577458661838
1311154,212.9814107271406
1150198,213.62577458661838
1217709,679.6280553316877
1323085,679.6280553316877
1320784,679.6280553316877
1272917,69.80112009217684
1377468,69.80112009217684
1307337,380.42385538854455
1001035,380.42385538854455
1289384,131.92337591025642
1432923,72.91811059349153
1374160,72.91811059349153
1014486,72.91811059349153
1297521,545.377690469417
1150968,317.55939570701025
1105889,545.377690469417
1374518,72.91811059349153
1372056,72.91811059349153
1115289,72.91811059349153
1218455,178.513063500759
1428660,178.513063500759
1111529,178.513063500759
1080313,56.84953417431313
1045201,56.84953417431313
1125057,317.55939570701025
1004679,402.99267957661584
1008058,317.55939570701025
1402186,25.013209964024856
1159072,25.013209964024856
1158436,131.92337591025642
1335272,380.42385538854455
1069529,380.42385538854455
1123940,54.552970886915695
1216221,54.552970886915695
1261401,54.552970886915695
1075510,123.84940510274217
1312582,123.84940510274217
1325177,123.84940510274217
1190687,317.55939570701025
1041996,317.55939570701025
1494281,317.55939570701025
1396001,679.6280553316877
1233931,131.92337591025642
1209078,131.92337591025642
1433984,56.84953417431313
1307281,56.84953417431313
1411927,56.84953417431313
1092679,317.55939570701025
1024773,402.99267957661584
1098852,402.99267957661584
1141881,198.93980261403385
1209119,198.93980261403385
1240215,198.93980261403385
1426530,69.80112009217684
1095528,195.29333196690015
1320803,195.29333196690015
1352358,76.45564088850853
1151293,72.91811059349153
1184545,72.91811059349153
1334503,72.91811059349153
1115185,544.9287496724291
1285953,317.55939570701025
1149701,544.9287496724291
1393708,72.91811059349153
1383287,72.91811059349153
1360039,72.91811059349153
1006359,83.72342200515234
1403211,83.72342200515234
1031284,33.064874309659736
1119679,33.064874309659736
1284106,33.151174695801714
1034605,317.55939570701025
1181140,270.3361561994475
1395629,317.55939570701025
1379420,25.013209964024856
1251743,25.013209964024856
1288029,25.013209964024856
1473188,195.35389498349699
1367645,33.064874309659736
1413911,77.03313137284691
1159801,54.552970886915695
1210701,54.552970886915695
1119698,54.552970886915695
1332210,123.84940510274217
1411131,123.84940510274217
1069729,123.84940510274217
1314022,45.66606664484248
1397183,317.55939570701025
1202918,317.55939570701025
1218200,195.52984354398447
1105075,49.13898965994467
1036017,49.13898965994467
1369119,33.064874309659736
1387667,43.97285881075489
1403654,43.97285881075489
1165494,309.1097438937725
1420906,309.1097438937725
1420945,270.2189384224288
1231951,288.51677607585594
1452283,288.51677607585594
1361853,288.606101623183
1463031,48.767932021816485
1388951,69.80112009217684
1280859,227.93844508974954
1346717,227.93844508974954
1061824,230.2787543177377
1006298,161.5938818171938
1427842,72.91811059349153
1128401,72.91811059349153
1265739,544.9287496724291
1494433,317.55939570701025
1321396,544.9287496724291
1122277,72.91811059349153
1152696,72.91811059349153
1340194,72.91811059349153
1357744,83.72342200515234
1300078,83.72342200515234
1421593,83.72342200515234
1016202,48.767932021816485
1113687,43.8592119123437
1073000,33.151174695801714
1194071,309.1097438937725
1092325,270.4663964279498
1070305,270.4663964279498
1258363,25.013209964024856
1316698,25.013209964024856
1151283,25.013209964024856
1483303,307.7369094479718
1384836,307.7369094479718
1226194,123.84940510274217
1153428,45.66606664484248
1198100,45.66606664484248
1416107,45.66606664484248
1441608,77.03313137284691
1448657,49.13898965994467
1030152,49.13898965994467
1179248,33.064874309659736
1045075,43.97285881075489
1041492,43.97285881075489
1355682,309.25859528339623
1479870,309.25859528339623
1326830,270.2189384224288
1238168,679.6280553316877
1171800,679.6280553316877
1124674,679.6280553316877
1164972,131.92337591025642
1143333,69.80112009217684
1011658,69.80112009217684
1064374,380.42385538854455
1279043,380.42385538854455
1396311,679.6280553316877
1394547,161.5938818171938
1077761,161.42500067071174
1479383,161.42500067071174
1496500,545.377690469417
1281991,317.55939570701025
1297893,545.377690469417
1386801,72.91811059349153
1365952,72.91811059349153
1152086,178.513063500759
1271829,178.513063500759
1137861,178.513063500759
1216539,131.92337591025642
1438909,56.84953417431313
1368104,56.84953417431313
1396732,402.99267957661584
1132676,402.99267957661584
1147729,402.99267957661584
1242371,25.013209964024856
1033446,25.013209964024856
1087011,123.84940510274217
1428580,123.84940510274217
1301833,123.84940510274217
1326094,317.55939570701025
1264988,317.55939570701025
1077154,247.25004606246685
1475592,131.92337591025642
1222986,131.92337591025642
1304997,131.92337591025642
1277631,56.84953417431313
1052107,56.84953417431313
1448417,56.84953417431313
1400085,402.99267957661584
1190020,402.99267957661584
1247231,402.99267957661584
1177870,367.66451142142944
1342526,367.66451142142944
1394193,367.66451142142944
1224126,69.80112009217684
1006444,254.25104551803662
1347953,254.25104551803662
1264026,264.80200255916003
1488317,72.91811059349153
1426059,161.42500067071174
1361559,161.42500067071174
1227980,213.62577458661838
1194921,212.9814107271406
1033540,213.62577458661838
1057352,72.91811059349153
1190878,72.91811059349153
1304436,83.72342200515234
1015274,83.72342200515234
1303079,48.767932021816485
1369451,33.064874309659736
1256367,33.151174695801714
1411939,213.62577458661838
1099178,213.62577458661838
1047440,213.62577458661838
1156344,25.013209964024856
1349813,25.013209964024856
1184487,182.86622978738308
1016228,206.88397831927205
1336471,206.88397831927205
1105467,212.9814107271406
1211232,45.66606664484248
1437773,212.9814107271406
1018666,49.13898965994467
1174577,49.13898965994467
1400533,33.064874309659736
1485489,48.767932021816485
1421265,48.767932021816485
1257824,213.62577458661838
1270197,213.62577458661838
1453725,213.62577458661838
1401705,679.6280553316877
1266103,679.6280553316877
1197433,679.6280553316877
1301497,69.80112009217684
1116479,69.80112009217684
1445437,380.42385538854455
1272750,380.42385538854455
1239684,131.92337591025642
1472327,72.91811059349153
1237389,72.91811059349153
1414652,72.91811059349153
1482167,545.377690469417
1409591,317.55939570701025
1473384,545.377690469417
1198902,72.91811059349153
1269940,72.91811059349153
1478820,178.513063500759
1488358,178.513063500759
1143995,178.513063500759
1066832,56.84953417431313
1391032,56.84953417431313
1367690,56.84953417431313
1130577,317.55939570701025
1473197,272.88324961034596
1076706,317.55939570701025
1276290,25.013209964024856
1443284,25.013209964024856
1458481,380.42385538854455
1018827,380.42385538854455
1203063,380.42385538854455
1125357,54.552970886915695
1271798,54.552970886915695
1206576,54.552970886915695
1297029,123.84940510274217
1214610,123.84940510274217
1049598,123.84940510274217
1154039,317.55939570701025
1249298,317.55939570701025
1104104,317.55939570701025
1180088,679.6280553316877
1456519,131.92337591025642
1336457,131.92337591025642
1342696,56.84953417431313
1049974,56.84953417431313
1420298,56.84953417431313
1007605,311.8311780426093
1333331,311.8311780426093
1174028,272.88324961034596
1396043,679.6280553316877
1147970,679.6280553316877
1049835,679.6280553316877
1287808,69.80112009217684
1458704,69.80112009217684
1058279,380.42385538854455
1445467,380.42385538854455
1161731,131.92337591025642
1435821,72.91811059349153
1444705,72.91811059349153
1322369,72.91811059349153
1482011,545.377690469417
1446692,317.55939570701025
1272693,545.377690469417
1062944,72.91811059349153
1152740,178.513063500759
1094183,178.513063500759
1044940,178.513063500759
1006018,131.92337591025642
1152665,56.84953417431313
1037684,56.84953417431313
1459823,317.55939570701025
1431673,402.99267957661584
1484069,317.55939570701025
1067964,25.013209964024856
1237099,25.013209964024856
1021695,380.42385538854455
1083295,131.92337591025642
1448564,56.84953417431313
1341586,54.552970886915695
1177231,54.552970886915695
1142162,54.552970886915695
1015148,123.84940510274217
1011186,123.84940510274217
1100074,123.84940510274217
1298238,317.55939570701025
1252968,317.55939570701025
1295495,317.55939570701025
1341593,679.6280553316877
1417088,131.92337591025642
1244089,131.92337591025642
1209426,56.84953417431313
1178881,56.84953417431313
1256019,56.84953417431313
1367101,402.99267957661584
1294031,402.99267957661584
1393207,402.99267957661584
1143583,373.37273953705807
1328240,373.37273953705807
1479916,373.37273953705807
1401938,48.767932021816485
1019082,69.80112009217684
1161031,69.80112009217684
1214070,256.0759837508135
1361416,256.0759837508135
1284323,267.02492723476183
1107001,161.5938818171938
1157690,72.91811059349153
1490685,161.5938818171938
1012910,544.9287496724291
1197742,317.55939570701025
1320541,544.9287496724291
1336958,72.91811059349153
1350802,72.91811059349153
1453905,178.513063500759
1158635,178.513063500759
1439173,178.513063500759
1124945,48.767932021816485
1181477,33.064874309659736
1328556,33.151174695801714
1100862,309.17571821240165
1182017,270.52414956498524
1428840,270.52414956498524
1024935,25.013209964024856
1415096,25.013209964024856
1421083,25.013209964024856
1303020,123.84940510274217
1359835,269.0524879976676
1149958,269.0524879976676
1199338,317.55939570701025
1412396,317.55939570701025
1298675,317.55939570701025
1101215,77.03313137284691
1336774,49.13898965994467
1470035,49.13898965994467
1131530,43.8592119123437
1161695,43.97285881075489
1000462,43.97285881075489
1295778,309.3246012694244
1343610,309.3246012694244
1454774,270.2766389139939
1278323,201.99767683142636
1042687,201.99767683142636
1137381,201.93506461957222
1067376,69.80112009217684
1482068,69.80112009217684
1317967,198.2954371556617
1204072,198.23396685547178
1235005,198.47402156969744
1286949,161.5938818171938
1133501,161.42500067071174
1278768,72.91811059349153
1480834,544.9287496724291
1426286,212.9814107271406
1094093,544.9287496724291
1396181,83.72342200515234
1223823,83.72342200515234
1492454,48.767932021816485
1201819,33.064874309659736
1181215,309.17571821240165
1032261,270.52414956498524
1301578,270.52414956498524
1157687,25.013209964024856
1093883,25.013209964024856
1079579,206.88397831927205
1004214,89.70462824137277
1197207,182.86622978738308
1135404,212.9814107271406
1363648,45.66606664484248
1289049,212.9814107271406
1358588,49.13898965994467
1025147,49.13898965994467
1143497,33.064874309659736
1196216,43.8592119123437
1141805,43.97285881075489
1028420,309.3246012694244
1008082,309.3246012694244
1203463,270.2766389139939
1392466,195.1244002063272
1177980,195.95197876648706
1129026,195.89123127808176
1420393,69.80112009217684
1286612,69.80112009217684
1012745,193.89987933426218
1316195,193.89987933426218
1336270,76.45564088850853
1173009,72.91811059349153
1000985,72.91811059349153
1358438,213.62577458661838
1098498,212.9814107271406
1139395,213.62577458661838
1428117,83.72342200515234
1208172,83.72342200515234
1192446,33.151174695801714
1325627,212.9814107271406
1005381,213.62577458661838
1349952,212.9814107271406
1430936,33.064874309659736
1225113,89.70462824137277
1423383,89.70462824137277
1034367,89.70462824137277
1437835,212.9814107271406
1219650,45.66606664484248
1003233,49.13898965994467
1001959,43.97285881075489
1203085,43.97285881075489
1318753,212.9814107271406
1349633,212.9814107271406
1093789,213.62577458661838
1268958,267.02492723476183
1397788,267.02492723476183
1324815,267.02492723476183
1043188,48.767932021816485
1110209,69.80112009217684
1285563,69.80112009217684
1405565,256.0759837508135
1437796,256.0759837508135
1455635,76.45564088850853
1072876,72.91811059349153
1281126,72.91811059349153
1107663,72.91811059349153
1027897,544.9287496724291
1043906,317.55939570701025
1237456,544.9287496724291
1434274,72.91811059349153
1190560,72.91811059349153
1103196,72.91811059349153
1189968,83.72342200515234
1171370,83.72342200515234
1464389,83.72342200515234
1226413,33.064874309659736
1119344,33.064874309659736
1462747,317.55939570701025
1409516,270.3361561994475
1088922,317.55939570701025
1094263,25.013209964024856
1395641,25.013209964024856
1413100,25.013209964024856
1232307,256.0759837508135
1204926,256.0759837508135
1366727,256.0759837508135
1295967,54.552970886915695
1131866,54.552970886915695
1186797,54.552970886915695
1110029,123.84940510274217
1253091,123.84940510274217
1153680,123.84940510274217
1494564,317.55939570701025
1278200,317.55939570701025
1083108,317.55939570701025
1233302,267.02492723476183
1022893,49.13898965994467
1228678,49.13898965994467
1329123,33.064874309659736
1199250,43.97285881075489
1357046,43.97285881075489
1310599,317.55939570701025
1474016,317.55939570701025
1247520,270.2189384224288
1380718,544.6612396300808
1395108,544.6612396300808
1024103,544.4929369299253
1383628,131.92337591025642
1142228,69.80112009217684
1471495,69.80112009217684
1076185,333.6567896421292
1290532,333.6567896421292
1438685,523.4856198690525
1142560,161.5938818171938
1391099,72.91811059349153
1310622,72.91811059349153
1358268,544.9287496724291
1366545,317.55939570701025
1355267,544.9287496724291
1269910,72.91811059349153
1150323,72.91811059349153
1474262,72.91811059349153
1107925,178.513063500759
1091430,178.513063500759
1337831,178.513063500759
1414860,131.92337591025642
1325912,33.064874309659736
1424822,33.151174695801714
1333190,309.17571821240165
1030998,270.52414956498524
1146677,270.52414956498524
1143816,25.013209964024856
1057905,25.013209964024856
1041924,269.0524879976676
1018699,269.0524879976676
1004607,123.84940510274217
1314329,45.66606664484248
1229282,317.55939570701025
1070986,45.66606664484248
1047318,131.92337591025642
1292906,131.92337591025642
1185079,131.92337591025642
1214209,33.064874309659736
1021670,43.97285881075489
1014345,43.97285881075489
1488800,309.3246012694244
1497477,309.3246012694244
1349597,270.2766389139939
1089294,679.6280553316877
1125205,679.6280553316877
1340873,679.6280553316877
1407369,69.80112009217684
1226418,69.80112009217684
1319050,380.42385538854455
1199115,380.42385538854455
1027254,131.92337591025642
1232746,72.91811059349153
1351003,72.91811059349153
1117290,72.91811059349153
1237585,545.377690469417
1477386,317.55939570701025
1301386,545.377690469417
1391914,72.91811059349153
1155514,72.91811059349153
1040382,72.91811059349153
1219612,178.513063500759
1030360,178.513063500759
1354327,178.513063500759
1298517,56.84953417431313
1239910,56.84953417431313
1171598,56.84953417431313
1391417,317.55939570701025
1046430,272.88324961034596
1217757,317.55939570701025
1203469,25.013209964024856
1357556,25.013209964024856
1461455,25.013209964024856
1184561,380.42385538854455
1209472,380.42385538854455
1192580,380.42385538854455
1474084,54.552970886915695
1487287,54.552970886915695
1164193,54.552970886915695
1109602,123.84940510274217
1443392,123.84940510274217
1320629,123.84940510274217
1342379,317.55939570701025
1498006,317.55939570701025
1347818,317.55939570701025
1305267,679.6280553316877
1087166,131.92337591025642
1076853,131.92337591025642
1305385,56.84953417431313
1079826,56.84953417431313
1104176,56.84953417431313
1175267,311.8311780426093
1378907,311.8311780426093
1012151,272.88324961034596
1270474,195.89123127808176
1131994,195.95197876648706
1450872,195.89123127808176
1471133,48.767932021816485
1165658,69.80112009217684
1217814,69.80112009217684
1443855,193.89987933426218
1407586,193.96001242441147
1088239,193.89987933426218
1387039,161.5938818171938
1067822,161.5938818171938
1471014,213.62577458661838
1242372,212.9814107271406
1363784,213.62577458661838
1179493,72.91811059349153
1462332,83.72342200515234
1028630,83.72342200515234
1384173,83.72342200515234
1010409,33.064874309659736
1240628,213.62577458661838
1418851,213.62577458661838
1359951,213.62577458661838
1411078,206.88397831927205
1287056,206.88397831927205
1440725,89.70462824137277
1056033,45.66606664484248
1396116,77.03313137284691
1425734,49.13898965994467
1090818,33.064874309659736
1191333,43.97285881075489
1414435,43.97285881075489
1146344,213.62577458661838
1460264,213.62577458661838
1266765,213.62577458661838
1082803,264.80200255916003
1431972,264.80200255916003
1230002,264.80200255916003
1402798,69.80112009217684
1356258,69.80112009217684
1212698,254.25104551803662
1486372,254.25104551803662
1443293,76.45564088850853
1324089,72.91811059349153
1171163,72.91811059349153
1056982,72.91811059349153
1279701,213.62577458661838
1397626,212.9814107271406
1326661,213.62577458661838
1246808,72.91811059349153
1006570,72.91811059349153
1427424,83.72342200515234
1393546,83.72342200515234
1058293,83.72342200515234
1001180,43.8592119123437
1407561,33.151174695801714
1344056,212.9814107271406
1198898,213.62577458661838
1114889,212.9814107271406
1318169,25.013209964024856
1220031,254.25104551803662
1162048,254.25104551803662
1178436,254.25104551803662
1313079,54.552970886915695
1265812,54.552970886915695
1039592,89.70462824137277
1218630,89.70462824137277
1079575,89.70462824137277
1000586,212.9814107271406
1429686,212.9814107271406
1230004,212.9814107271406
1452748,264.80200255916003
1078476,49.13898965994467
1234810,49.13898965994467
1333045,33.064874309659736
1234968,43.97285881075489
1219673,43.97285881075489
1352579,213.62577458661838
1185243,213.62577458661838
1100649,213.62577458661838
1139012,679.6280553316877
1487534,679.6280553316877
1040523,679.6280553316877
1138941,131.92337591025642
1329060,69.80112009217684
1364719,380.42385538854455
1336659,380.42385538854455
1117505,131.92337591025642
1350098,72.91811059349153
1392380,72.91811059349153
1420772,72.91811059349153
1182139,545.377690469417
1412054,317.55939570701025
1489178,545.377690469417
1294662,72.91811059349153
1259517,72.91811059349153
1422858,178.513063500759
1148515,178.513063500759
1465748,178.513063500759
1441382,131.92337591025642
1383402,56.84953417431313
1125018,56.84953417431313
1245505,317.55939570701025
1009320,272.88324961034596
1232901,317.55939570701025
1356004,25.013209964024856
1302236,25.013209964024856
1278894,380.42385538854455
1052757,131.92337591025642
1322060,380.42385538854455
1373882,54.552970886915695
1123593,54.552970886915695
1366427,54.552970886915695
1365294,123.84940510274217
1464131,123.84940510274217
1198611,123.84940510274217
1339347,317.55939570701025
1142883,317.55939570701025
1109675,317.55939570701025
1162252,679.6280553316877
1420537,131.92337591025642
1271253,131.92337591025642
1477134,56.84953417431313
1098625,56.84953417431313
1086137,56.84953417431313
1499690,317.55939570701025
1333035,317.55939570701025
1484962,272.88324961034596
1061620,195.89123127808176
1305904,195.95197876648706
1365197,195.89123127808176
1178853,193.89987933426218
1165037,193.96001242441147
1367023,193.96001242441147
1137267,72.91811059349153
1161659,161.5938818171938
1092440,72.91811059349153
1093380,213.62577458661838
1425176,212.9814107271406
1119688,213.62577458661838
1471786,83.72342200515234
1266863,83.72342200515234
1122156,48.767932021816485
1291641,33.064874309659736
1453686,33.151174695801714
1351721,213.62577458661838
1048131,213.62577458661838
1378323,213.62577458661838
1237518,206.88397831927205
1370913,206.88397831927205
1497225,89.70462824137277
1134227,45.66606664484248
1243770,212.9814107271406
1011398,45.66606664484248
1362374,49.13898965994467
1370332,43.8592119123437
1369916,43.97285881075489
1368442,213.62577458661838
1401772,213.62577458661838
1164969,213.62577458661838
1376822,679.6280553316877
1192752,679.6280553316877
1122553,679.6280553316877
1084167,131.92337591025642
1435856,69.80112009217684
1416232,380.42385538854455
1356384,380.42385538854455
1145535,679.6280553316877
1103003,161.5938818171938
1390893,161.42500067071174
1163752,72.91811059349153
1284180,545.377690469417
1044711,317.55939570701025
1101385,545.377690469417
1310135,72.91811059349153
1107165,72.91811059349153
1044935,72.91811059349153
1358058,178.513063500759
1270763,178.513063500759
1141498,131.92337591025642
1099098,56.84953417431313
1368689,56.84953417431313
1225441,402.99267957661584
1411973,402.99267957661584
1305327,402.99267957661584
1326015,25.013209964024856
1474663,25.013209964024856
1461176,25.013209964024856
1367817,123.84940510274217
1328212,123.84940510274217
1251250,123.84940510274217
1175249,45.66606664484248
1067334,317.55939570701025
1343496,317.55939570701025
1198628,131.92337591025642
1425780,131.92337591025642
1255897,131.92337591025642
1238740,56.84953417431313
1442104,56.84953417431313
1200505,56.84953417431313
1096571,402.99267957661584
1453406,402.99267957661584
1498862,402.99267957661584
1109460,373.37273953705807
1095250,373.37273953705807
1009945,373.37273953705807
1062744,48.767932021816485
1104740,69.80112009217684
1146902,69.80112009217684
1109325,256.0759837508135
1426497,256.0759837508135
1277432,267.02492723476183
1464202,161.42500067071174
1123580,161.5938818171938
1123130,161.42500067071174
1438654,213.62577458661838
1378051,212.9814107271406
1283089,213.62577458661838
1214375,72.91811059349153
1223519,83.72342200515234
1492295,83.72342200515234
1315808,48.767932021816485
1245081,33.064874309659736
1179359,33.151174695801714
1069506,213.62577458661838
1084567,213.62577458661838
1371893,213.62577458661838
1279696,89.70462824137277
1381048,89.70462824137277
1294243,89.70462824137277
1255299,212.9814107271406
1454713,45.66606664484248
1132414,212.9814107271406
1168582,77.03313137284691
1211490,49.13898965994467
1396054,49.13898965994467
1075151,33.151174695801714
1129512,43.97285881075489
1349156,43.97285881075489
1283403,213.62577458661838
1442597,213.62577458661838
1372560,213.62577458661838
1444543,679.6280553316877
1317829,679.6280553316877
1129603,679.6280553316877
1302905,131.92337591025642
1478833,69.80112009217684
1037634,69.80112009217684
1133327,380.42385538854455
1145867,380.42385538854455
1132416,131.92337591025642
1061066,72.91811059349153
1237095,72.91811059349153
1292548,72.91811059349153
1004539,545.377690469417
1109532,317.55939570701025
1464786,545.377690469417
1454798,72.91811059349153
1258488,72.91811059349153
1009681,178.513063500759
1207682,178.513063500759
1272815,178.513063500759
1053250,131.92337591025642
1117835,56.84953417431313
1142259,56.84953417431313
1256087,317.55939570701025
1226927,402.99267957661584
1197065,317.55939570701025
1021476,25.013209964024856
1128443,25.013209964024856
1063994,131.92337591025642
1272093,380.42385538854455
1184858,131.92337591025642
1130424,54.552970886915695
1253795,54.552970886915695
1007961,54.552970886915695
1090108,123.84940510274217
1088502,123.84940510274217
1125260,123.84940510274217
1093130,317.55939570701025
1389806,317.55939570701025
1260387,45.66606664484248
1257181,679.6280553316877
1312562,131.92337591025642
1099461,131.92337591025642
1227103,56.84953417431313
1371677,56.84953417431313
1040519,56.84953417431313
1419824,317.55939570701025
1039816,402.99267957661584
1180066,402.99267957661584
1093777,373.37273953705807
1015607,373.37273953705807
1385551,373.37273953705807
1343850,69.80112009217684
1302699,256.0759837508135
1470456,256.0759837508135
1033891,267.02492723476183
1317953,72.91811059349153
1240240,72.91811059349153
1138618,161.5938818171938
1251353,544.9287496724291
1169520,317.55939570701025
1222203,544.9287496724291
1330506,72.91811059349153
1095747,72.91811059349153
1146800,72.91811059349153
1340138,178.513063500759
1060804,178.513063500759
1034507,42.370124291524746
1285430,33.064874309659736
1418621,33.151174695801714
1389242,309.17571821240165
1205005,270.52414956498524
1458426,270.52414956498524
1145845,25.013209964024856
1020336,269.0524879976676
1390749,123.84940510274217
1458502,123.84940510274217
1268836,317.55939570701025
1000380,317.55939570701025
1316849,45.66606664484248
1260616,77.03313137284691
1490597,49.13898965994467
1365659,49.13898965994467
1177200,33.064874309659736
1324304,43.8592119123437
1423013,43.8592119123437
1340752,309.3246012694244
1330625,309.3246012694244
1165067,270.2766389139939
1485963,373.37273953705807
1107378,373.37273953705807
1475322,373.37273953705807
1423096,48.767932021816485
1421652,69.80112009217684
1164085,256.0759837508135
1397932,256.0759837508135
1079065,267.02492723476183
1234680,161.42500067071174
1172167,161.5938818171938
1312426,161.42500067071174
1492844,544.9287496724291
1143346,317.55939570701025
1396501,544.9287496724291
1213006,72.91811059349153
1451834,72.91811059349153
1235794,83.72342200515234
1475191,83.72342200515234
1498268,83.72342200515234
1373847,48.767932021816485
1429177,33.064874309659736
1448932,309.17571821240165
1301394,270.52414956498524
1279507,270.52414956498524
1025507,25.013209964024856
1183926,25.013209964024856
1364798,307.7369094479718
1452295,123.84940510274217
1260568,123.84940510274217
1487099,273.96000139806165
1147881,317.55939570701025
1058707,317.55939570701025
1423621,77.03313137284691
1207940,49.13898965994467
1350667,49.13898965994467
1248758,43.8592119123437
1218300,43.97285881075489
1059605,43.97285881075489
1122083,309.3246012694244
1248754,309.3246012694244
1497978,270.2766389139939
1193020,679.6280553316877
1322847,679.6280553316877
1374913,679.6280553316877
1178707,131.92337591025642
1489039,69.80112009217684
1058034,69.80112009217684
1256130,380.42385538854455
1040412,380.42385538854455
1251525,679.6280553316877
1302552,161.5938818171938
1000405,72.91811059349153
1272624,161.5938818171938
1418951,545.377690469417
1083553,317.55939570701025
1379614,545.377690469417
1204248,178.513063500759
1313512,178.513063500759
1250654,131.92337591025642
1497104,56.84953417431313
1421623,56.84953417431313
1207686,311.8311780426093
1464581,272.88324961034596
1022560,272.88324961034596
1037597,25.013209964024856
1168775,25.013209964024856
1429336,123.84940510274217
1173733,123.84940510274217
1384661,123.84940510274217
1174164,45.66606664484248
1130340,45.66606664484248
1413242,131.92337591025642
1002128,131.92337591025642
1245306,131.92337591025642
1056566,56.84953417431313
1252353,56.84953417431313
1321307,56.84953417431313
1004124,311.8311780426093
1327188,311.8311780426093
1083831,272.88324961034596
1430974,373.37273953705807
1204607,373.37273953705807
1375533,373.37273953705807
1110541,69.80112009217684
1308693,256.0759837508135
1339671,256.0759837508135
1146493,267.02492723476183
1446291,161.5938818171938
1473600,161.42500067071174
1106524,72.91811059349153
1041891,544.9287496724291
1246866,212.9814107271406
1063833,544.9287496724291
1010170,72.91811059349153
1061389,72.91811059349153
1391427,72.91811059349153
1124635,83.72342200515234
1163908,83.72342200515234
1480946,83.72342200515234
1317106,33.151174695801714
1289609,309.1097438937725
1130721,270.3361561994475
1085675,270.3361561994475
1456089,25.013209964024856
1487852,25.013209964024856
1194326,25.013209964024856
1250822,89.70462824137277
1393237,89.70462824137277
1079005,89.70462824137277
1114401,162.51915425835068
1285141,212.9814107271406
1272957,212.9814107271406
1215779,77.03313137284691
1074009,49.13898965994467
1167678,49.13898965994467
1028514,43.97285881075489
1309758,43.8592119123437
1280261,309.25859528339623
1236341,309.1097438937725
1193107,270.2189384224288
1231421,198.8408231880495
1327609,198.8408231880495
1233349,198.8408231880495
1462748,48.767932021816485
1269584,69.80112009217684
1014996,69.80112009217684
1443779,196.81963916107793
1430695,196.81963916107793
1075490,76.45564088850853
1465455,72.91811059349153
1484197,72.91811059349153
1121116,72.91811059349153
1329859,213.62577458661838
1305683,212.9814107271406
1276788,213.62577458661838
1243216,83.72342200515234
1468809,83.72342200515234
1073152,43.8592119123437
1306776,33.151174695801714
1375783,212.9814107271406
1136080,213.62577458661838
1015385,213.62577458661838
1066076,25.013209964024856
1289065,77.03313137284691
1049699,196.81963916107793
1273859,54.552970886915695
1250917,54.552970886915695
1134217,54.552970886915695
1128791,89.70462824137277
1076426,89.70462824137277
1240821,89.70462824137277
1162484,212.9814107271406
1287294,212.9814107271406
1285677,212.9814107271406
1102290,196.88067309416985
1215930,49.13898965994467
1457277,49.13898965994467
1237362,33.064874309659736
1243074,43.97285881075489
1161777,43.97285881075489
1450893,213.62577458661838
1235684,212.9814107271406
1166579,213.62577458661838
1275946,267.02492723476183
1226462,267.02492723476183
1189141,267.02492723476183
1001431,69.80112009217684
1344123,69.80112009217684
1264101,256.0759837508135
1085278,256.0759837508135
1466159,76.45564088850853
1043464,72.91811059349153
1492522,72.91811059349153
1106674,72.91811059349153
1079406,213.62577458661838
1483182,212.9814107271406
1099585,213.62577458661838
1305943,72.91811059349153
1202448,83.72342200515234
1262049,83.72342200515234
1108913,83.72342200515234
1019053,33.064874309659736
1031572,33.064874309659736
1031727,212.9814107271406
1351498,213.62577458661838
1489607,212.9814107271406
1248197,25.013209964024856
1268765,25.013209964024856
1170120,256.0759837508135
1371644,77.03313137284691
1441584,77.03313137284691
1221116,54.552970886915695
1011312,54.552970886915695
1289928,89.70462824137277
1240530,89.70462824137277
1467823,89.70462824137277
1167321,212.9814107271406
1326759,212.9814107271406
1106911,212.9814107271406
1127586,267.02492723476183
1117230,49.13898965994467
1408980,49.13898965994467
1466637,33.4631605902943
1032676,43.97285881075489
1085342,43.97285881075489
1100472,213.62577458661838
1212272,213.62577458661838
1487542,213.62577458661838
1180280,267.02492723476183
1072664,267.02492723476183
1387433,267.02492723476183
1233924,48.767932021816485
1131911,69.80112009217684
1261584,69.80112009217684
1479677,256.0759837508135
1105905,256.0759837508135
1267000,76.45564088850853
1249099,72.91811059349153
1460320,72.91811059349153
1074993,544.9287496724291
1145990,212.9814107271406
1049132,544.9287496724291
1063015,72.91811059349153
1070294,72.91811059349153
1114529,83.72342200515234
1370194,83.72342200515234
1270326,83.72342200515234
1087211,43.8592119123437
1371275,33.151174695801714
1473338,212.9814107271406
1230945,270.4117868377735
1200793,212.9814107271406
1054892,25.013209964024856
1262561,25.013209964024856
1007490,256.0759837508135
1308751,256.0759837508135
1073589,256.0759837508135
1305397,54.552970886915695
1274216,54.552970886915695
1296322,54.552970886915695
1496799,89.70462824137277
1390124,89.70462824137277
1246387,89.70462824137277
1087532,212.9814107271406
1038990,212.9814107271406
1002997,212.9814107271406
1441462,267.02492723476183
1212479,49.13898965994467
1336379,49.13898965994467
1231107,40.139604277765535
1025208,43.97285881075489
1040724,43.97285881075489
1315060,212.9814107271406
1450801,309.1097438937725
1042128,270.2189384224288
1297462,198.8408231880495
1067689,198.8408231880495
1480247,198.9024807235865
1111610,48.767932021816485
1115458,69.80112009217684
1083245,196.88067309416985
1316588,196.81963916107793
1422402,196.81963916107793
1103872,72.91811059349153
1252476,161.42500067071174
1241492,161.5938818171938
1279465,213.62577458661838
1346600,212.9814107271406
1045529,213.62577458661838
1247475,83.72342200515234
1033602,33.151174695801714
1169805,213.62577458661838
1370143,213.62577458661838
1296432,213.62577458661838
1230218,182.86622978738308
1006102,206.88397831927205
1365140,89.70462824137277
1358351,45.66606664484248
1484593,33.064874309659736
1311634,43.97285881075489
1165626,43.97285881075489
1018556,213.62577458661838
1388114,213.62577458661838
1220103,213.62577458661838
1155339,292.85397451262736
1008164,292.85397451262736
1061591,292.85397451262736
1403371,48.767932021816485
1430621,69.80112009217684
1146539,69.80112009217684
1134494,231.29645933322587
1280679,233.74230708815404
1413584,233.67109565607413
1250015,161.42500067071174
1174617,72.91811059349153
1172903,72.91811059349153
1338433,544.9287496724291
1439329,212.9814107271406
1453924,544.9287496724291
1230360,72.91811059349153
1474539,72.91811059349153
1385434,83.72342200515234
1420768,83.72342200515234
1242843,83.72342200515234
1491297,48.767932021816485
1029994,43.8592119123437
1195450,309.17571821240165
1106133,270.52414956498524
1343078,270.52414956498524
1106605,25.013209964024856
1021972,89.70462824137277
1054087,89.70462824137277
1000916,206.88397831927205
1366353,212.9814107271406
1498867,45.66606664484248
1446240,77.03313137284691
1493905,49.13898965994467
1192604,49.13898965994467
1157900,43.97285881075489
1060922,43.97285881075489
1401083,309.3246012694244
1063131,309.3246012694244
1291236,270.2766389139939
1339975,373.37273953705807
1325692,373.37273953705807
1379965,373.37273953705807
1445518,48.767932021816485
1272125,69.80112009217684
1173218,69.80112009217684
1462601,256.0759837508135
1430034,256.0759837508135
1132325,267.02492723476183
1124041,161.5938818171938
1028358,161.42500067071174
1401741,161.42500067071174
1341530,544.9287496724291
1193266,317.55939570701025
1407952,544.9287496724291
1392239,72.91811059349153
1310990,72.91811059349153
1406214,83.72342200515234
1110969,83.72342200515234
1440940,83.72342200515234
1028809,48.767932021816485
1104430,33.064874309659736
1149766,33.151174695801714
1161152,309.1097438937725
1291371,270.4663964279498
1469310,270.4663964279498
1359583,25.013209964024856
1247499,25.013209964024856
1313529,123.84940510274217
1098128,307.7369094479718
1465531,269.0524879976676
1353011,45.66606664484248
1073089,45.66606664484248
1295773,45.66606664484248
1158717,77.03313137284691
1035147,49.13898965994467
1342863,49.13898965994467
1269768,33.064874309659736
1112092,43.97285881075489
1121263,43.97285881075489
1220068,309.25859528339623
1189831,309.25859528339623
1107821,270.2189384224288
1290617,199.00149068801363
1125510,199.00149068801363
1268748,199.00149068801363
1235898,48.767932021816485
1103804,69.80112009217684
1020219,69.80112009217684
1207242,195.35389498349699
1491093,195.29333196690015
1024663,195.59047953226295
1002342,161.42500067071174
1098095,161.42500067071174
1233877,161.5938818171938
1191246,213.62577458661838
1345716,212.9814107271406
1379599,213.62577458661838
1254624,83.72342200515234
1323555,83.72342200515234
1301996,33.064874309659736
1327864,33.064874309659736
1317099,213.62577458661838
1062675,213.62577458661838
1167392,213.62577458661838
1224019,25.013209964024856
1162956,25.013209964024856
1393617,89.70462824137277
1410139,89.70462824137277
1161585,89.70462824137277
1228744,212.9814107271406
1486498,212.9814107271406
1237006,45.66606664484248
1368477,77.03313137284691
1268989,49.13898965994467
1331468,33.151174695801714
1193998,43.97285881075489
1212172,43.97285881075489
1020427,213.62577458661838
1464987,213.62577458661838
1397410,213.62577458661838
1305831,373.37273953705807
1478418,373.37273953705807
1461833,373.37273953705807
1240501,69.80112009217684
1306099,69.80112009217684
1073500,256.0759837508135
1127933,256.0759837508135
1467236,267.02492723476183
1117229,161.5938818171938
1472745,161.42500067071174
1198136,161.42500067071174
1237283,544.9287496724291
1167140,317.55939570701025
1408325,544.9287496724291
1032374,72.91811059349153
1294006,72.91811059349153
1007549,83.72342200515234
1391878,83.72342200515234
1178675,83.72342200515234
1093994,48.767932021816485
1100173,33.064874309659736
1035285,33.151174695801714
1209006,309.1097438937725
1246267,270.4663964279498
1415208,270.4663964279498
1421985,25.013209964024856
1356088,25.013209964024856
1215618,269.0524879976676
1474247,307.7369094479718
1495102,269.0524879976676
1277463,317.55939570701025
1075062,317.55939570701025
1408601,77.03313137284691
1191405,49.13898965994467
1064291,49.13898965994467
1207427,33.064874309659736
1346348,43.97285881075489
1006361,43.97285881075489
1178992,309.25859528339623
1022032,309.25859528339623
1356978,270.2189384224288
1339194,679.6280553316877
1140639,679.6280553316877
1358305,679.6280553316877
1497364,131.92337591025642
1079291,69.80112009217684
1032155,69.80112009217684
1332928,380.42385538854455
1016607,380.42385538854455
1018139,679.6280553316877
1498588,161.5938818171938
1447715,161.42500067071174
1064474,72.91811059349153
1497299,545.377690469417
1028758,317.55939570701025
1232226,545.377690469417
1295932,72.91811059349153
1242979,72.91811059349153
1131973,178.513063500759
1264900,178.513063500759
1372544,178.513063500759
1069977,131.92337591025642
1051497,56.84953417431313
1439868,56.84953417431313
1071157,402.99267957661584
1229991,402.99267957661584
1045423,402.99267957661584
1424192,25.013209964024856
1162793,123.84940510274217
1378401,123.84940510274217
1236537,123.84940510274217
1279865,317.55939570701025
1438196,45.66606664484248
1128118,317.55939570701025
1084912,131.92337591025642
1257133,131.92337591025642
1326260,131.92337591025642
1342245,56.84953417431313
1382993,56.84953417431313
1023106,56.84953417431313
1422156,402.99267957661584
1378172,402.99267957661584
1428499,402.99267957661584
1361549,679.6280553316877
1447369,679.6280553316877
1499731,679.6280553316877
1477208,131.92337591025642
1224012,69.80112009217684
1476979,69.80112009217684
1388306,380.42385538854455
1320899,380.42385538854455
1182492,131.92337591025642
1070528,72.91811059349153
1378815,72.91811059349153
1133192,72.91811059349153
1358297,545.377690469417
1168617,317.55939570701025
1198452,545.377690469417
1054815,72.91811059349153
1429989,72.91811059349153
1452920,178.513063500759
1364546,178.513063500759
1047450,178.513063500759
1495323,131.92337591025642
1059102,56.84953417431313
1199788,56.84953417431313
1379979,317.55939570701025
1223618,402.99267957661584
1016936,317.55939570701025
1144801,25.013209964024856
1075666,380.42385538854455
1423546,380.42385538854455
1335791,380.42385538854455
1449596,54.552970886915695
1223170,54.552970886915695
1047470,54.552970886915695
1335462,123.84940510274217
1077952,123.84940510274217
1246739,123.84940510274217
1314848,317.55939570701025
1274066,317.55939570701025
1017736,317.55939570701025
1331336,679.6280553316877
1069717,131.92337591025642
1427960,131.92337591025642
1285901,56.84953417431313
1183120,56.84953417431313
1035322,56.84953417431313
1412987,402.99267957661584
1465065,402.99267957661584
1209109,402.99267957661584
1138520,288.606101623183
1425904,288.606101623183
1050233,288.51677607585594
1438123,48.767932021816485
1306697,69.80112009217684
1466488,69.80112009217684
1061294,227.86783175737463
1165400,227.86783175737463
1270455,76.45564088850853
1173994,161.5938818171938
1234906,161.42500067071174
1217608,72.91811059349153
1399546,544.9287496724291
1425432,212.9814107271406
1375742,544.9287496724291
1386971,72.91811059349153
1313903,72.91811059349153
1468046,72.91811059349153
1143434,83.72342200515234
1458467,83.72342200515234
1315614,83.72342200515234
1060379,33.151174695801714
1242551,33.064874309659736
1095364,33.151174695801714
1355864,309.1097438937725
1433846,270.3361561994475
1490375,270.3361561994475
1128032,25.013209964024856
1274803,25.013209964024856
1141401,89.70462824137277
1036619,89.70462824137277
1182033,89.70462824137277
1394734,45.66606664484248
1266882,45.66606664484248
1350266,212.9814107271406
1032110,77.03313137284691
1346305,49.13898965994467
1352022,49.13898965994467
1444572,43.97285881075489
1337198,43.97285881075489
1232183,43.97285881075489
1193500,309.25859528339623
1332522,309.1097438937725
1181307,270.2189384224288
1318970,201.99767683142636
1230110,201.93506461957222
1282678,201.93506461957222
1454906,48.767932021816485
1087230,69.80112009217684
1245072,69.80112009217684
1333259,198.23396685547178
1246760,198.2954371556617
1144722,198.5355659347451
1228809,72.91811059349153
1177855,72.91811059349153
1459200,161.5938818171938
1419376,544.9287496724291
1473748,317.55939570701025
1315244,544.9287496724291
1117852,72.91811059349153
1378735,83.72342200515234
1123101,83.72342200515234
1216042,33.064874309659736
1363824,43.97285881075489
1109184,309.17571821240165
1453938,270.39388162851657
1415863,270.39388162851657
1410274,25.013209964024856
1287636,123.84940510274217
1132630,123.84940510274217
1406271,123.84940510274217
1090704,317.55939570701025
1122982,317.55939570701025
1349996,45.66606664484248
1131800,77.03313137284691
1385171,49.13898965994467
1359439,49.13898965994467
1306678,43.97285881075489
1114122,43.97285881075489
1192330,309.17571821240165
1080130,309.17571821240165
1210263,270.2766389139939
1324577,373.37273953705807
1171672,373.37273953705807
1083317,373.37273953705807
1230585,48.767932021816485
1000085,69.80112009217684
1425828,69.80112009217684
1396429,256.0759837508135
1269710,256.0759837508135
1050978,267.02492723476183
1435716,161.42500067071174
1042953,161.5938818171938
1189914,161.42500067071174
1092362,544.9287496724291
1096295,212.9814107271406
1300682,544.9287496724291
1288816,83.72342200515234
1128198,83.72342200515234
1346627,83.72342200515234
1088156,33.064874309659736
1478834,33.064874309659736
1331594,33.151174695801714
1217675,309.17571821240165
1112700,270.39388162851657
1277335,270.39388162851657
1080700,25.013209964024856
1137982,25.013209964024856
1028104,25.013209964024856
1140032,89.70462824137277
1241891,89.70462824137277
1014522,89.70462824137277
1469891,45.66606664484248
1331921,202.37847070395185
1259451,45.66606664484248
1139069,77.03313137284691
1074410,49.13898965994467
1452537,49.13898965994467
1197171,43.97285881075489
1120175,43.97285881075489
1221083,43.97285881075489
1419813,309.17571821240165
1062617,309.17571821240165
1217149,270.2766389139939
1089050,267.02492723476183
1461365,267.02492723476183
1080756,267.02492723476183
1070930,69.80112009217684
1453915,69.80112009217684
1122163,256.0759837508135
1281556,256.0759837508135
1451474,76.45564088850853
1184979,72.91811059349153
1448200,72.91811059349153
1361626,72.91811059349153
1127302,544.9287496724291
1342786,212.9814107271406
1148097,544.9287496724291
1206446,72.91811059349153
1037296,72.91811059349153
1306781,72.91811059349153
1096759,83.72342200515234
1493504,83.72342200515234
1294035,83.72342200515234
1408322,48.767932021816485
1311230,33.064874309659736
1431143,33.151174695801714
1057122,212.9814107271406
1052429,270.3361561994475
1402786,212.9814107271406
1395805,25.013209964024856
1070689,25.013209964024856
1298419,25.013209964024856
1017228,77.03313137284691
1366050,77.03313137284691
1309302,256.0759837508135
1071986,54.552970886915695
1348808,54.552970886915695
1105017,54.552970886915695
1131156,89.70462824137277
1191506,89.70462824137277
1196940,89.70462824137277
1339825,212.9814107271406
1215288,212.9814107271406
1108597,212.9814107271406
1493433,267.02492723476183
1010862,49.13898965994467
1289902,49.13898965994467
1350450,40.139604277765535
1467669,43.97285881075489
1057838,43.97285881075489
1388713,212.9814107271406
1248955,309.1097438937725
1498604,270.2189384224288
1121810,201.93506461957222
1145363,201.93506461957222
1408791,200.57428211272605
1398059,69.80112009217684
1000890,69.80112009217684
1120392,198.23396685547178
1159673,198.23396685547178
1264986,76.45564088850853
1129548,72.91811059349153
1225380,72.91811059349153
1078271,72.91811059349153
1304517,544.9287496724291
1377140,212.9814107271406
1056871,544.9287496724291
1173936,72.91811059349153
1416956,72.91811059349153
1171152,83.72342200515234
1177426,83.72342200515234
1260705,48.767932021816485
1138702,33.064874309659736
1163092,33.151174695801714
1134672,212.9814107271406
1411709,270.39388162851657
1053624,212.9814107271406
1205375,25.013209964024856
1287103,77.03313137284691
1169085,77.03313137284691
1452470,54.552970886915695
1346931,54.552970886915695
1128636,54.552970886915695
1011007,89.70462824137277
1441671,89.70462824137277
1326038,89.70462824137277
1467889,212.9814107271406
1254304,212.9814107271406
1449143,212.9814107271406
1180721,198.5355659347451
1085409,49.13898965994467
1255557,33.064874309659736
1016231,43.97285881075489
1179779,43.97285881075489
1404777,212.9814107271406
1482667,309.17571821240165
1018043,270.2766389139939
1337116,679.6280553316877
1366322,679.6280553316877
1394190,679.6280553316877
1408881,131.92337591025642
1269966,69.80112009217684
1027247,380.42385538854455
1431942,380.42385538854455
1053389,131.92337591025642
1059676,72.91811059349153
1092508,72.91811059349153
1178026,72.91811059349153
1241259,545.377690469417
1068862,317.55939570701025
1366988,545.377690469417
1229730,72.91811059349153
1057777,72.91811059349153
1417079,72.91811059349153
1485601,178.513063500759
1111304,178.513063500759
1252493,178.513063500759
1348179,131.92337591025642
1267474,56.84953417431313
1325342,317.55939570701025
1260311,402.99267957661584
1113155,317.55939570701025
1140269,25.013209964024856
1315629,25.013209964024856
1471838,25.013209964024856
1260235,380.42385538854455
1463547,380.42385538854455
1453965,380.42385538854455
1271516,54.552970886915695
1418510,54.552970886915695
1209386,54.552970886915695
1495791,123.84940510274217
1303705,123.84940510274217
1126270,123.84940510274217
1233169,317.55939570701025
1018405,317.55939570701025
1145871,317.55939570701025
1013566,679.6280553316877
1311102,131.92337591025642
1274734,131.92337591025642
1318399,56.84953417431313
1208881,56.84953417431313
1057936,56.84953417431313
1330281,317.55939570701025
1341683,317.55939570701025
1137845,402.99267957661584
1093038,679.6280553316877
1413823,679.6280553316877
1198302,679.6280553316877
1050288,131.92337591025642
1457410,69.80112009217684
1087017,69.80112009217684
1184251,380.42385538854455
1046290,380.42385538854455
1365636,131.92337591025642
1020051,72.91811059349153
1314155,72.91811059349153
1054140,72.91811059349153
1128795,545.377690469417
1343368,317.55939570701025
1027914,545.377690469417
1042062,72.91811059349153
1390807,72.91811059349153
1028601,72.91811059349153
1082933,178.513063500759
1384407,178.513063500759
1196961,178.513063500759
1122942,131.92337591025642
1189314,56.84953417431313
1368555,56.84953417431313
1439062,317.55939570701025
1373666,402.99267957661584
1281436,317.55939570701025
1075875,25.013209964024856
1079425,25.013209964024856
1375719,25.013209964024856
1438076,380.42385538854455
1323027,380.42385538854455
1280440,380.42385538854455
1136807,54.552970886915695
1413776,54.552970886915695
1372751,54.552970886915695
1366942,123.84940510274217
1252904,123.84940510274217
1484640,123.84940510274217
1141481,317.55939570701025
1484744,317.55939570701025
1368030,317.55939570701025
1115883,679.6280553316877
1178326,131.92337591025642
1144637,131.92337591025642
1083185,56.84953417431313
1265850,56.84953417431313
1064535,56.84953417431313
1151642,402.99267957661584
1051521,317.55939570701025
1112568,402.99267957661584
1060374,198.93980261403385
1145737,198.93980261403385
1153172,199.00149068801363
1182641,69.80112009217684
1416916,69.80112009217684
1432452,195.29333196690015
1454467,195.35389498349699
1090725,195.59047953226295
1278151,161.42500067071174
1182721,161.5938818171938
1490426,72.91811059349153
1261967,544.9287496724291
1272173,317.55939570701025
1475127,544.9287496724291
1402147,83.72342200515234
1405911,83.72342200515234
1270123,33.064874309659736
1129747,43.97285881075489
1479343,309.1097438937725
1224135,270.4663964279498
1026022,270.4663964279498
1133017,25.013209964024856
1374299,25.013209964024856
1492201,25.013209964024856
1194920,123.84940510274217
1198272,123.84940510274217
1403006,269.0524879976676
1388663,45.66606664484248
1351797,45.66606664484248
1012076,317.55939570701025
1199141,49.13898965994467
1248453,33.064874309659736
1479518,43.97285881075489
1216396,43.97285881075489
1019051,309.25859528339623
1452145,309.25859528339623
1125314,270.2189384224288
1199363,373.37273953705807
1402736,373.37273953705807
1328158,373.37273953705807
1316599,48.767932021816485
1046186,69.80112009217684
1005596,256.0759837508135
1353037,256.0759837508135
1390757,267.02492723476183
1085036,161.5938818171938
1399946,161.42500067071174
1291405,161.42500067071174
1047146,544.9287496724291
1198624,212.9814107271406
1105675,544.9287496724291
1113170,83.72342200515234
1377155,83.72342200515234
1412520,33.064874309659736
1138417,33.151174695801714
1207513,309.17571821240165
1241983,270.52414956498524
1093937,270.52414956498524
1409401,25.013209964024856
1323538,25.013209964024856
1355453,89.70462824137277
1273259,206.88397831927205
1036223,182.86622978738308
1128930,212.9814107271406
1401233,45.66606664484248
1135475,45.66606664484248
1368027,76.80325037275556
1054611,49.13898965994467
1079923,49.13898965994467
1465046,33.064874309659736
1113947,43.97285881075489
1206608,43.97285881075489
1141138,309.3246012694244
1398745,309.3246012694244
1232389,270.2766389139939
1469568,195.95197876648706
1101451,195.1244002063272
1067520,195.1244002063272
1335882,193.89987933426218
1493778,76.45564088850853
1433304,72.91811059349153
1416184,72.91811059349153
1242834,72.91811059349153
1349144,213.62577458661838
1295630,212.9814107271406
1002687,213.62577458661838
1221251,83.72342200515234
1128689,43.8592119123437
1307832,212.9814107271406
1092126,213.62577458661838
1205829,212.9814107271406
1057847,54.552970886915695
1480723,89.70462824137277
1224002,89.70462824137277
1191903,89.70462824137277
1252385,193.89987933426218
1211903,49.13898965994467
1452747,43.97285881075489
1085236,43.97285881075489
1081076,212.9814107271406
1167347,213.62577458661838
1468194,213.62577458661838
1180363,267.02492723476183
1425283,267.02492723476183
1491934,267.02492723476183
1165334,48.767932021816485
1451779,69.80112009217684
1109039,69.80112009217684
1164263,256.0759837508135
1053599,256.0759837508135
1002689,267.02492723476183
1202120,72.91811059349153
1290273,72.91811059349153
1217414,72.91811059349153
1140243,544.9287496724291
1035444,212.9814107271406
1147110,544.9287496724291
1143054,72.91811059349153
1359435,72.91811059349153
1322487,83.72342200515234
1285815,83.72342200515234
1365522,83.72342200515234
1401322,48.767932021816485
1104534,33.064874309659736
1418559,33.151174695801714
1333723,212.9814107271406
1062934,270.39388162851657
1203979,212.9814107271406
1493410,25.013209964024856
1119538,25.013209964024856
1103421,256.0759837508135
1461010,256.0759837508135
1099608,256.0759837508135
1411885,54.552970886915695
1491825,54.552970886915695
1249918,54.552970886915695
1380531,89.70462824137277
1266015,89.70462824137277
1112176,89.70462824137277
1027208,212.9814107271406
1040830,212.9814107271406
1490168,212.9814107271406
1270394,267.02492723476183
1210380,49.13898965994467
1488002,49.13898965994467
1019734,33.064874309659736
1236944,43.97285881075489
1292333,43.97285881075489
1229811,212.9814107271406
1449864,309.17571821240165
1072219,270.2766389139939
1093243,267.02492723476183
1184143,267.02492723476183
1113423,267.02492723476183
1422384,48.767932021816485
1283598,69.80112009217684
1358409,69.80112009217684
1042357,256.0759837508135
1161104,256.0759837508135
1130025,76.45564088850853
1051663,72.91811059349153
1061638,72.91811059349153
1195041,72.91811059349153
1052245,213.62577458661838
1452792,212.9814107271406
1370147,213.62577458661838
1009569,83.72342200515234
1075387,83.72342200515234
1053460,33.064874309659736
1451559,33.064874309659736
1139973,33.151174695801714
1049891,212.9814107271406
1180756,213.62577458661838
1318993,212.9814107271406
1472200,25.013209964024856
1440104,25.013209964024856
1140152,77.03313137284691
1062709,256.0759837508135
1092103,256.0759837508135
1443773,54.552970886915695
1321207,54.552970886915695
1182933,54.552970886915695
1285741,89.70462824137277
1275544,89.70462824137277
1482368,89.70462824137277
1401955,212.9814107271406
1127074,212.9814107271406
1133824,212.9814107271406
1048428,267.02492723476183
1305096,49.13898965994467
1002536,49.13898965994467
1369644,43.97285881075489
1256556,43.97285881075489
1364916,213.62577458661838
1138638,213.62577458661838
1378795,213.62577458661838
1140763,552.1082667017112
1025216,552.1082667017112
1248799,552.1082667017112
1413620,69.80112009217684
1466423,69.80112009217684
1335166,345.98465481657826
1493273,345.98465481657826
1386676,131.92337591025642
1019313,72.91811059349153
1132022,72.91811059349153
1101622,72.91811059349153
1423915,544.9287496724291
1312310,317.55939570701025
1225960,544.9287496724291
1417376,72.91811059349153
1229723,72.91811059349153
1419507,178.513063500759
1497642,178.513063500759
1037322,178.513063500759
1293324,131.92337591025642
1077904,33.064874309659736
1178821,317.55939570701025
1392636,270.3361561994475
1247012,317.55939570701025
1388240,25.013209964024856
1198786,25.013209964024856
1295096,25.013209964024856
1008427,345.98465481657826
1493098,345.98465481657826
1117910,345.98465481657826
1283429,54.552970886915695
1230572,54.552970886915695
1250107,54.552970886915695
1001638,123.84940510274217
1070174,123.84940510274217
1074527,123.84940510274217
1475219,317.55939570701025
1487459,317.55939570701025
1168060,317.55939570701025
1105101,552.1082667017112
1130635,131.92337591025642
1274486,131.92337591025642
1364257,33.064874309659736
1055160,43.97285881075489
1172892,43.97285881075489
1008422,309.1097438937725
1290283,317.55939570701025
1017722,270.2189384224288
1352787,373.37273953705807
1406367,373.37273953705807
1495288,373.37273953705807
1310388,48.767932021816485
1386178,69.80112009217684
1068779,69.80112009217684
1319258,256.0759837508135
1467681,256.0759837508135
1052491,267.02492723476183
1034851,161.42500067071174
1128430,72.91811059349153
1412582,72.91811059349153
1314990,544.9287496724291
1361296,317.55939570701025
1147045,544.9287496724291
1230402,72.91811059349153
1250840,72.91811059349153
1475205,178.513063500759
1316392,178.513063500759
1198993,33.064874309659736
1400145,43.8592119123437
1105445,43.97285881075489
1150345,309.1097438937725
1364032,270.4663964279498
1098208,270.4663964279498
1412865,25.013209964024856
1044787,269.0524879976676
1153095,307.7369094479718
1155898,269.0524879976676
1411551,317.55939570701025
1399760,45.66606664484248
1257810,45.66606664484248
1180700,77.03313137284691
1175998,49.13898965994467
1155579,49.13898965994467
1238414,33.064874309659736
1124042,43.8592119123437
1008278,43.97285881075489
1116053,309.25859528339623
1002734,309.25859528339623
1031478,270.2189384224288
1017985,288.606101623183
1021112,288.51677607585594
1492370,288.51677607585594
1396398,48.767932021816485
1056127,69.80112009217684
1496140,69.80112009217684
1030091,227.93844508974954
1247939,227.93844508974954
1056526,230.20741914489903
1312113,72.91811059349153
1008406,72.91811059349153
1370016,72.91811059349153
1303233,1041.9174258812368
1319582,212.9814107271406
1318816,544.9287496724291
1342618,72.91811059349153
1383693,72.91811059349153
1188311,72.91811059349153
1169645,83.72342200515234
1135395,83.72342200515234
1051052,83.72342200515234
1284449,48.767932021816485
1271673,33.064874309659736
1378449,33.151174695801714
1038896,309.1097438937725
1472510,270.3361561994475
1381929,270.3361561994475
1335466,25.013209964024856
1210748,25.013209964024856
1472665,89.70462824137277
1401690,89.70462824137277
1457882,89.70462824137277
1138253,45.66606664484248
1375108,212.9814107271406
1367061,77.03313137284691
1378475,49.13898965994467
1135134,49.13898965994467
1375702,33.151174695801714
1208820,43.8592119123437
1087191,43.97285881075489
1286946,309.1097438937725
1135939,309.1097438937725
1298778,270.2189384224288
1426974,201.99767683142636
1053569,201.93506461957222
1404213,201.99767683142636
1400039,48.767932021816485
1474073,69.80112009217684
1274743,69.80112009217684
1480386,198.23396685547178
1055391,198.23396685547178
1002763,198.47402156969744
1005714,161.5938818171938
1183601,161.42500067071174
1269616,161.42500067071174
1387344,544.9287496724291
1075519,212.9814107271406
1451717,544.9287496724291
1249283,72.91811059349153
1161877,72.91811059349153
1420629,83.72342200515234
1467067,83.72342200515234
1332082,83.72342200515234
1414354,48.767932021816485
1028038,33.064874309659736
1071038,309.17571821240165
1003545,270.39388162851657
1356848,270.39388162851657
1253695,25.013209964024856
1304163,89.70462824137277
1275336,89.70462824137277
1441314,89.70462824137277
1307443,45.66606664484248
1395576,45.66606664484248
1166004,45.66606664484248
1108673,77.03313137284691
1168528,33.151174695801714
1282673,43.97285881075489
1323796,43.97285881075489
1425596,309.17571821240165
1070034,309.17571821240165
1120599,270.2766389139939
1115016,679.6280553316877
1033118,679.6280553316877
1041123,679.6280553316877
1412939,131.92337591025642
1413843,69.80112009217684
1302476,69.80112009217684
1200857,380.42385538854455
1273097,380.42385538854455
1360566,131.92337591025642
1054117,72.91811059349153
1326687,72.91811059349153
1075832,72.91811059349153
1408738,545.377690469417
1428262,317.55939570701025
1157251,545.377690469417
1383481,72.91811059349153
1228924,72.91811059349153
1315410,72.91811059349153
1198596,178.513063500759
1403013,178.513063500759
1094157,178.513063500759
1158061,56.84953417431313
1375495,56.84953417431313
1128710,56.84953417431313
1012762,317.55939570701025
1000164,402.99267957661584
1235645,317.55939570701025
1423314,25.013209964024856
1209129,25.013209964024856
1317753,25.013209964024856
1316488,380.42385538854455
1345688,380.42385538854455
1480687,380.42385538854455
1184103,54.552970886915695
1429083,54.552970886915695
1417557,54.552970886915695
1374498,123.84940510274217
1244972,123.84940510274217
1155304,123.84940510274217
1331479,317.55939570701025
1428927,317.55939570701025
1083748,317.55939570701025
1135164,679.6280553316877
1481250,131.92337591025642
1146477,131.92337591025642
1433355,56.84953417431313
1342553,56.84953417431313
1165310,56.84953417431313
1117406,402.99267957661584
1482433,402.99267957661584
1350239,402.99267957661584
1070287,198.8408231880495
1422053,198.9024807235865
1415679,198.9024807235865
1458594,48.767932021816485
1027595,69.80112009217684
1193664,69.80112009217684
1193030,196.88067309416985
1080694,196.88067309416985
1115309,76.45564088850853
1214742,72.91811059349153
1310983,72.91811059349153
1049933,72.91811059349153
1187916,213.62577458661838
1405350,212.9814107271406
1208306,213.62577458661838
1407890,83.72342200515234
1251220,83.72342200515234
1154973,48.767932021816485
1308134,43.8592119123437
1340776,33.151174695801714
1014749,212.9814107271406
1360888,213.62577458661838
1096812,212.9814107271406
1178015,25.013209964024856
1161127,196.88067309416985
1426825,196.81963916107793
1073637,196.88067309416985
1069629,54.552970886915695
1265774,54.552970886915695
1315565,54.552970886915695
1299905,89.70462824137277
1066372,89.70462824137277
1174150,89.70462824137277
1191685,212.9814107271406
1479763,212.9814107271406
1015816,212.9814107271406
1042330,196.88067309416985
1011286,49.13898965994467
1076157,33.064874309659736
1261566,43.97285881075489
1014434,43.97285881075489
1241585,213.62577458661838
1135509,213.62577458661838
1317797,213.62577458661838
1240913,679.6280553316877
1393856,679.6280553316877
1180477,679.6280553316877
1416755,131.92337591025642
1438751,69.80112009217684
1210716,69.80112009217684
1207481,380.42385538854455
1470083,380.42385538854455
1293173,131.92337591025642
1173254,72.91811059349153
1258768,72.91811059349153
1380138,72.91811059349153
1382544,545.377690469417
1273111,317.55939570701025
1320280,545.377690469417
1105352,72.91811059349153
1366410,178.513063500759
1121472,178.513063500759
1074564,131.92337591025642
1020767,56.84953417431313
1383381,56.84953417431313
1230031,317.55939570701025
1499092,402.99267957661584
1332401,317.55939570701025
1153063,25.013209964024856
1028416,25.013209964024856
1214310,25.013209964024856
1001218,380.42385538854455
1333703,131.92337591025642
1405199,131.92337591025642
1301393,54.552970886915695
1446095,54.552970886915695
1480680,54.552970886915695
1322216,123.84940510274217
1236120,123.84940510274217
1214604,123.84940510274217
1206662,317.55939570701025
1106796,317.55939570701025
1294863,317.55939570701025
1146795,679.6280553316877
1027327,131.92337591025642
1342955,131.92337591025642
1082755,56.84953417431313
1492813,56.84953417431313
1055690,317.55939570701025
1026786,402.99267957661584
1308574,402.99267957661584
1350008,679.6280553316877
1080864,679.6280553316877
1478269,679.6280553316877
1416531,131.92337591025642
1115977,69.80112009217684
1335690,69.80112009217684
1001266,380.42385538854455
1176836,380.42385538854455
1258322,131.92337591025642
1114726,72.91811059349153
1102993,72.91811059349153
1471342,72.91811059349153
1134459,545.377690469417
1010465,317.55939570701025
1229614,545.377690469417
1020515,72.91811059349153
1271065,72.91811059349153
1038064,72.91811059349153
1229599,178.513063500759
1048752,178.513063500759
1197420,178.513063500759
1453906,56.84953417431313
1280568,56.84953417431313
1112281,317.55939570701025
1144866,402.99267957661584
1190711,317.55939570701025
1403427,25.013209964024856
1325526,25.013209964024856
1220749,25.013209964024856
1069314,380.42385538854455
1261442,380.42385538854455
1432411,380.42385538854455
1389218,54.552970886915695
1428386,54.552970886915695
1087275,54.552970886915695
1336986,123.84940510274217
1362637,123.84940510274217
1217589,123.84940510274217
1209840,317.55939570701025
1495580,317.55939570701025
1149079,317.55939570701025
1163127,679.6280553316877
1061096,131.92337591025642
1163871,131.92337591025642
1198405,56.84953417431313
1305470,56.84953417431313
1291762,56.84953417431313
1336877,317.55939570701025
1073789,317.55939570701025
1067951,402.99267957661584
1222614,679.6280553316877
1403857,679.6280553316877
1138651,679.6280553316877
1211270,131.92337591025642
1381202,69.80112009217684
1005335,69.80112009217684
1036855,380.42385538854455
1461982,380.42385538854455
1391141,679.6280553316877
1254939,161.42500067071174
1112470,161.42500067071174
1487226,161.5938818171938
1384129,545.377690469417
1435237,317.55939570701025
1247788,545.377690469417
1310618,72.91811059349153
1041606,72.91811059349153
1286832,72.91811059349153
1341131,178.513063500759
1253423,178.513063500759
1278699,178.513063500759
1347629,131.92337591025642
1383158,56.84953417431313
1397241,56.84953417431313
1379400,402.99267957661584
1051753,402.99267957661584
1057705,402.99267957661584
1349385,25.013209964024856
1482906,25.013209964024856
1211285,269.0524879976676
1362739,269.0524879976676
1372645,317.55939570701025
1024030,45.66606664484248
1364534,317.55939570701025
1004040,45.66606664484248
1253135,131.92337591025642
1295314,131.92337591025642
1472784,131.92337591025642
1446802,56.84953417431313
1089465,56.84953417431313
1142103,56.84953417431313
1398069,402.99267957661584
1204844,402.99267957661584
1332593,402.99267957661584
1356109,199.00149068801363
1168517,198.93980261403385
1064667,199.00149068801363
1207447,69.80112009217684
1014733,69.80112009217684
1225294,195.35389498349699
1209533,195.29333196690015
1484452,195.52984354398447
1022654,72.91811059349153
1051967,161.42500067071174
1240063,544.9287496724291
1155281,212.9814107271406
1284527,544.9287496724291
1466754,83.72342200515234
1194391,83.72342200515234
1398744,83.72342200515234
1181108,33.064874309659736
1137782,309.1097438937725
1295058,270.4663964279498
1258282,270.4663964279498
1406300,25.013209964024856
1211169,25.013209964024856
1194629,25.013209964024856
1005691,182.86622978738308
1046988,182.86622978738308
1096972,89.70462824137277
1301880,212.9814107271406
1260314,45.66606664484248
1232444,45.66606664484248
1447544,49.13898965994467
1406706,49.13898965994467
1223580,43.8592119123437
1348953,43.97285881075489
1011094,43.8592119123437
1483095,309.25859528339623
1300527,309.25859528339623
1005857,270.2189384224288
1003610,367.66451142142944
1408456,367.66451142142944
1403849,367.66451142142944
1136386,48.767932021816485
1432249,69.80112009217684
1316934,69.80112009217684
1166592,254.25104551803662
1088047,254.25104551803662
1291558,264.80200255916003
1046242,161.5938818171938
1228604,161.42500067071174
1006243,161.42500067071174
1148911,213.62577458661838
1327287,212.9814107271406
1148661,213.62577458661838
1027599,83.72342200515234
1481882,83.72342200515234
1165440,48.767932021816485
1302279,43.8592119123437
1211613,33.151174695801714
1170520,213.62577458661838
1092468,213.62577458661838
1183386,213.62577458661838
1169545,89.70462824137277
1443667,89.70462824137277
1334075,89.70462824137277
1145192,212.9814107271406
1038003,212.9814107271406
1384196,202.37847070395185
1412656,77.03313137284691
1055295,49.13898965994467
1040402,49.13898965994467
1305104,43.97285881075489
1156779,43.97285881075489
1461293,213.62577458661838
1071792,213.62577458661838
1193704,213.62577458661838
1147855,373.37273953705807
1407308,373.37273953705807
1021817,373.37273953705807
1365027,48.767932021816485
1084190,69.80112009217684
1472270,69.80112009217684
1245033,256.0759837508135
1038126,256.0759837508135
1308774,267.02492723476183
1096561,161.42500067071174
1392101,161.42500067071174
1032755,161.5938818171938
1167841,544.9287496724291
1421534,212.9814107271406
1026941,544.9287496724291
1218181,72.91811059349153
1252535,72.91811059349153
1458926,72.91811059349153
1181288,83.72342200515234
1453177,83.72342200515234
1290817,83.72342200515234
1191933,33.064874309659736
1072907,33.151174695801714
1149758,309.1097438937725
1363331,270.3361561994475
1232116,270.4663964279498
1111671,25.013209964024856
1431212,25.013209964024856
1260318,25.013209964024856
1007979,206.88397831927205
1300132,89.70462824137277
1468244,89.70462824137277
1259749,212.9814107271406
1213726,212.9814107271406
1015552,202.37847070395185
1321503,77.03313137284691
1299417,49.13898965994467
1403037,49.13898965994467
1141868,33.151174695801714
1131022,43.8592119123437
1053785,43.8592119123437
1415612,309.25859528339623
1015692,309.25859528339623
1191552,270.2189384224288
1403461,373.37273953705807
1332254,373.37273953705807
1155391,267.02492723476183
1010155,69.80112009217684
1035382,69.80112009217684
1359199,256.0759837508135
1126332,256.0759837508135
1194544,76.45564088850853
1193216,72.91811059349153
1321873,72.91811059349153
1176118,72.91811059349153
1352350,544.9287496724291
1317428,212.9814107271406
1324687,544.9287496724291
1199138,72.91811059349153
1499661,72.91811059349153
1285022,83.72342200515234
1095276,83.72342200515234
1309363,83.72342200515234
1118148,48.767932021816485
1017490,33.064874309659736
1032990,33.151174695801714
1135634,212.9814107271406
1198010,270.3361561994475
1063801,212.9814107271406
1232162,25.013209964024856
1338164,25.013209964024856
1399699,25.013209964024856
1159200,77.03313137284691
1285083,256.0759837508135
1469794,256.0759837508135
1260006,54.552970886915695
1432624,54.552970886915695
1069560,54.552970886915695
1314621,89.70462824137277
1032488,89.70462824137277
1305157,89.70462824137277
1357660,212.9814107271406
1146905,212.9814107271406
1250390,212.9814107271406
1313978,267.02492723476183
1224536,49.13898965994467
1028926,49.13898965994467
1210886,33.064874309659736
1425911,43.97285881075489
1395996,43.97285881075489
1258284,309.25859528339623
1407411,309.1097438937725
1086007,270.2189384224288
1240827,267.02492723476183
1485036,267.02492723476183
1412215,267.02492723476183
1134426,256.0759837508135
1409562,256.0759837508135
1252129,76.45564088850853
1466995,72.91811059349153
1279324,72.91811059349153
1339668,72.91811059349153
1295887,213.62577458661838
1188104,212.9814107271406
1085039,213.62577458661838
1050056,72.91811059349153
1141506,72.91811059349153
1468730,83.72342200515234
1305167,83.72342200515234
1356988,83.72342200515234
1048644,48.767932021816485
1169338,33.064874309659736
1090148,33.151174695801714
1023369,212.9814107271406
1219708,213.62577458661838
1212523,212.9814107271406
1403827,25.013209964024856
1452741,25.013209964024856
1037225,256.0759837508135
1003089,256.0759837508135
1430497,54.552970886915695
1384588,54.552970886915695
1493343,54.552970886915695
1108739,89.70462824137277
1205048,89.70462824137277
1379067,89.70462824137277
1010055,212.9814107271406
1320813,212.9814107271406
1221392,212.9814107271406
1487103,267.02492723476183
1276585,49.13898965994467
1115907,49.13898965994467
1059297,33.064874309659736
1304461,43.97285881075489
1289905,43.97285881075489
1003698,213.62577458661838
1333400,213.62577458661838
1239454,213.62577458661838
1055152,200.51210892999336
1225205,200.57428211272605
1435274,200.51210892999336
1361159,48.767932021816485
1325155,69.80112009217684
1042206,69.80112009217684
1465788,198.23396685547178
1010758,198.23396685547178
1239556,76.45564088850853
1130835,72.91811059349153
1126299,72.91811059349153
1317214,72.91811059349153
1229307,544.9287496724291
1008850,317.55939570701025
1371311,544.9287496724291
1496308,72.91811059349153
1122414,72.91811059349153
1395159,83.72342200515234
1002230,83.72342200515234
1143224,83.72342200515234
1236638,48.767932021816485
1050839,33.064874309659736
1163875,33.151174695801714
1031011,317.55939570701025
1489736,270.39388162851657
1341427,317.55939570701025
1240489,25.013209964024856
1456593,77.03313137284691
1052585,77.03313137284691
1394883,77.03313137284691
1045296,54.552970886915695
1445153,54.552970886915695
1451679,54.552970886915695
1225058,123.84940510274217
1498918,123.84940510274217
1485511,123.84940510274217
1452266,45.66606664484248
1136292,45.66606664484248
1310817,45.66606664484248
1163223,49.13898965994467
1267340,43.8592119123437
1227931,43.97285881075489
1205560,43.97285881075489
1365667,317.55939570701025
1023335,317.55939570701025
1048292,270.2766389139939
1014247,292.85397451262736
1023285,292.9446382298154
1439264,292.9446382298154
1256710,48.767932021816485
1209335,69.80112009217684
1001246,231.3681305111564
1452526,231.29645933322587
1125626,233.74349948823001
1397692,161.42500067071174
1097219,161.42500067071174
1001749,161.5938818171938
1174009,544.9287496724291
1273784,317.55939570701025
1496218,544.9287496724291
1413745,72.91811059349153
1389077,72.91811059349153
1221196,72.91811059349153
1444587,178.513063500759
1373602,178.513063500759
1329527,178.513063500759
1193964,48.767932021816485
1468201,33.064874309659736
1289132,33.151174695801714
1461927,309.17571821240165
1206526,270.52414956498524
1069368,270.52414956498524
1484014,25.013209964024856
1122166,25.013209964024856
1306210,25.013209964024856
1484168,307.7369094479718
1139063,307.7369094479718
1093872,123.84940510274217
1388566,45.66606664484248
1040282,45.66606664484248
1319244,45.66606664484248
1170280,77.03313137284691
1128364,49.13898965994467
1421850,49.13898965994467
1186084,33.064874309659736
1425827,43.97285881075489
1459114,43.97285881075489
1466692,309.3246012694244
1203269,309.3246012694244
1352296,270.2766389139939
1162670,679.6280553316877
1300191,679.6280553316877
1009989,679.6280553316877
1465666,131.92337591025642
1461783,69.80112009217684
1442787,69.80112009217684
1031907,380.42385538854455
1188853,380.42385538854455
1456783,131.92337591025642
1322215,72.91811059349153
1010784,72.91811059349153
1167640,72.91811059349153
1195948,545.377690469417
1204311,317.55939570701025
1297826,545.377690469417
1148491,72.91811059349153
1356906,72.91811059349153
1039066,72.91811059349153
1462622,178.513063500759
1138775,178.513063500759
1122589,178.513063500759
1307805,131.92337591025642
1304407,56.84953417431313
1470811,56.84953417431313
1243938,317.55939570701025
1425470,402.99267957661584
1007261,317.55939570701025
1109541,25.013209964024856
1318923,25.013209964024856
1249534,25.013209964024856
1329857,380.42385538854455
1439027,380.42385538854455
1182612,380.42385538854455
1155033,54.552970886915695
1300537,54.552970886915695
1352454,54.552970886915695
1106118,123.84940510274217
1038138,123.84940510274217
1053303,123.84940510274217
1381996,317.55939570701025
1173304,317.55939570701025
1399035,317.55939570701025
1421408,679.6280553316877
1307650,131.92337591025642
1119858,131.92337591025642
1161557,56.84953417431313
1255540,56.84953417431313
1358312,56.84953417431313
1025813,317.55939570701025
1293845,402.99267957661584
1469131,402.99267957661584
1452584,679.6280553316877
1377778,679.6280553316877
1026971,679.6280553316877
1311807,131.92337591025642
1397297,69.80112009217684
1157453,69.80112009217684
1178848,380.42385538854455
1409156,380.42385538854455
1159256,131.92337591025642
1054258,72.91811059349153
1322887,161.5938818171938
1163471,72.91811059349153
1285982,545.377690469417
1348099,317.55939570701025
1015778,545.377690469417
1135794,72.91811059349153
1396176,72.91811059349153
1154956,178.513063500759
1430845,178.513063500759
1014641,178.513063500759
1247169,56.84953417431313
1243749,56.84953417431313
1381322,402.99267957661584
1080295,402.99267957661584
1423648,402.99267957661584
1278953,25.013209964024856
1441916,25.013209964024856
1130663,25.013209964024856
1313063,123.84940510274217
1014037,123.84940510274217
1182550,123.84940510274217
1216318,247.25004606246685
1276624,45.66606664484248
1226209,45.66606664484248
1304852,131.92337591025642
1482935,131.92337591025642
1079134,131.92337591025642
1210839,56.84953417431313
1436244,56.84953417431313
1281479,56.84953417431313
1034893,402.99267957661584
1351362,402.99267957661584
1005706,402.99267957661584
1262599,198.8408231880495
1338024,198.06250435876063
1431853,48.767932021816485
1375120,69.80112009217684
1275037,196.88067309416985
1359242,196.81963916107793
1035595,76.45564088850853
1020465,72.91811059349153
1360373,72.91811059349153
1331277,72.91811059349153
1490342,1041.9174258812368
1135520,212.9814107271406
1268420,1041.9174258812368
1216882,83.72342200515234
1412036,83.72342200515234
1080240,83.72342200515234
1218649,48.767932021816485
1421492,33.151174695801714
1466987,212.9814107271406
1411928,213.62577458661838
1176781,212.9814107271406
1124678,25.013209964024856
1494779,196.88067309416985
1221537,196.88067309416985
1126294,77.03313137284691
1137246,89.70462824137277
1413395,89.70462824137277
1360589,89.70462824137277
1155915,45.66606664484248
1275837,45.66606664484248
1337552,45.66606664484248
1108013,196.81963916107793
1348070,77.03313137284691
1253988,77.03313137284691
1204089,43.97285881075489
1399010,43.97285881075489
1271870,213.62577458661838
1354177,213.62577458661838
1085106,213.62577458661838
1274933,232.56973637727674
1059732,232.6418004034919
1093599,232.56973637727674
1083501,48.767932021816485
1245868,227.93844508974954
1488944,227.86783175737463
1432764,230.2787543177377
1126587,72.91811059349153
1209590,72.91811059349153
1111452,72.91811059349153
1031614,1041.9174258812368
1061470,212.9814107271406
1157741,1041.9174258812368
1223395,72.91811059349153
1347236,72.91811059349153
1097803,83.72342200515234
1437385,83.72342200515234
1043097,83.72342200515234
1090571,76.45564088850853
1175602,48.767932021816485
1056018,33.151174695801714
1252039,212.9814107271406
1010852,270.39388162851657
1106084,212.9814107271406
1288632,25.013209964024856
1480839,25.013209964024856
1246631,77.03313137284691
1315101,77.03313137284691
1451902,227.86783175737463
1297275,54.552970886915695
1425440,54.552970886915695
1131845,54.552970886915695
1479691,89.70462824137277
1471341,89.70462824137277
1015668,89.70462824137277
1023950,45.66606664484248
1392791,45.66606664484248
1052529,230.2787543177377
1290309,77.03313137284691
1046297,77.03313137284691
1018738,43.97285881075489
1322525,43.97285881075489
1479230,309.17571821240165
1494204,309.3246012694244
1150560,270.2766389139939
1177861,267.02492723476183
1311911,267.02492723476183
1316202,267.02492723476183
1272505,48.767932021816485
1226069,69.80112009217684
1182305,69.80112009217684
1185226,256.0759837508135
1324628,256.0759837508135
1059906,76.45564088850853
1450163,72.91811059349153
1102401,72.91811059349153
1341931,72.91811059349153
1069114,1041.9174258812368
1175458,212.9814107271406
1310720,1041.9174258812368
1415050,72.91811059349153
1383471,72.91811059349153
1194216,83.72342200515234
1481437,83.72342200515234
1495661,83.72342200515234
1019399,48.767932021816485
1056837,48.767932021816485
1053353,212.9814107271406
1254975,270.39388162851657
1209593,212.9814107271406
1471019,25.013209964024856
1176875,25.013209964024856
1251443,256.0759837508135
1135737,256.0759837508135
1262029,256.0759837508135
1148030,54.552970886915695
1164364,54.552970886915695
1460737,54.552970886915695
1152112,89.70462824137277
1205077,89.70462824137277
1161885,89.70462824137277
1018722,45.66606664484248
1134437,45.66606664484248
1364823,267.02492723476183
1029036,77.03313137284691
1373558,77.03313137284691
1359546,43.97285881075489
1120697,43.97285881075489
1006493,309.3246012694244
1072422,309.3246012694244
1344109,270.2766389139939
1143023,679.6280553316877
1050661,679.6280553316877
1482938,679.6280553316877
1113039,131.92337591025642
1353136,69.80112009217684
1439048,69.80112009217684
1095693,380.42385538854455
1154581,380.42385538854455
1030585,679.6280553316877
1204210,161.5938818171938
1061143,161.42500067071174
1354048,161.5938818171938
1442704,1041.9174258812368
1079999,317.55939570701025
1263052,1041.9174258812368
1237270,72.91811059349153
1137849,72.91811059349153
1124343,72.91811059349153
1427908,178.513063500759
1239094,178.513063500759
1033383,178.513063500759
1468996,131.92337591025642
1054997,131.92337591025642
1436104,56.84953417431313
1270430,402.99267957661584
1490371,402.99267957661584
1425338,402.99267957661584
1156343,25.013209964024856
1053397,25.013209964024856
1023786,25.013209964024856
1134905,123.84940510274217
1079563,123.84940510274217
1197228,123.84940510274217
1204951,45.66606664484248
1106730,45.66606664484248
1369820,45.66606664484248
1159279,131.92337591025642
1177457,131.92337591025642
1385752,131.92337591025642
1430795,56.84953417431313
1099951,56.84953417431313
1072198,56.84953417431313
1187970,402.99267957661584
1065673,402.99267957661584
1473661,402.99267957661584
1223698,373.37273953705807
1471497,373.37273953705807
1339581,373.37273953705807
1105018,48.767932021816485
1150316,69.80112009217684
1338949,256.0759837508135
1312287,256.0759837508135
1268704,267.02492723476183
1203407,161.5938818171938
1053667,161.42500067071174
1187634,72.91811059349153
1445202,1041.9174258812368
1313499,212.9814107271406
1304477,1041.9174258812368
1341870,72.91811059349153
1470509,72.91811059349153
1237037,72.91811059349153
1320649,83.72342200515234
1135015,83.72342200515234
1043208,83.72342200515234
1211873,48.767932021816485
1399254,48.767932021816485
1207452,33.151174695801714
1257870,309.1097438937725
1385886,270.4663964279498
1068568,270.3361561994475
1078002,25.013209964024856
1490242,182.86622978738308
1099037,182.86622978738308
1424254,89.70462824137277
1399342,45.66606664484248
1014602,45.66606664484248
1253867,77.03313137284691
1243712,49.13898965994467
1401108,49.13898965994467
1053371,33.064874309659736
1319647,33.064874309659736
1186069,33.064874309659736
1224626,309.25859528339623
1144512,309.25859528339623
1448207,270.2189384224288
1327143,679.6280553316877
1028978,679.6280553316877
1435666,679.6280553316877
1240466,131.92337591025642
1120441,69.80112009217684
1315750,69.80112009217684
1353789,380.42385538854455
1383467,380.42385538854455
1112962,131.92337591025642
1242487,72.91811059349153
1029543,72.91811059349153
1053213,72.91811059349153
1218496,1041.9174258812368
1342800,317.55939570701025
1472699,1041.9174258812368
1378869,72.91811059349153
1027118,72.91811059349153
1262290,72.91811059349153
1267485,178.513063500759
1124304,178.513063500759
1191782,178.513063500759
1210850,131.92337591025642
1466336,131.92337591025642
1327394,56.84953417431313
1152647,317.55939570701025
1078195,402.99267957661584
1410772,317.55939570701025
1229974,25.013209964024856
1379112,25.013209964024856
1264973,25.013209964024856
1243209,380.42385538854455
1083372,380.42385538854455
1136997,380.42385538854455
1499049,54.552970886915695
1473840,54.552970886915695
1279640,54.552970886915695
1390007,123.84940510274217
1094534,123.84940510274217
1223222,123.84940510274217
1371702,45.66606664484248
1404622,45.66606664484248
1082354,45.66606664484248
1495976,131.92337591025642
1453841,131.92337591025642
1396741,131.92337591025642
1077806,56.84953417431313
1305530,56.84953417431313
1168898,56.84953417431313
1429778,402.99267957661584
1011542,402.99267957661584
1455031,402.99267957661584
1377892,373.37273953705807
1204957,267.02492723476183
1364029,267.02492723476183
1276134,48.767932021816485
1109929,69.80112009217684
1189012,69.80112009217684
1267281,256.0759837508135
1168666,256.0759837508135
1290984,76.45564088850853
1134259,72.91811059349153
1079663,72.91811059349153
1405700,72.91811059349153
1242649,1041.9174258812368
1093705,212.9814107271406
1386117,1041.9174258812368
1396561,83.72342200515234
1274230,83.72342200515234
1287009,83.72342200515234
1302724,48.767932021816485
1481691,33.151174695801714
1217979,212.9814107271406
1336295,270.39388162851657
1479063,212.9814107271406
1050596,25.013209964024856
1130206,25.013209964024856
1102860,256.0759837508135
1240302,256.0759837508135
1328969,256.0759837508135
1210051,54.552970886915695
1071294,54.552970886915695
1129769,89.70462824137277
1183162,89.70462824137277
1499969,89.70462824137277
1437863,45.66606664484248
1019725,45.66606664484248
1111253,267.02492723476183
1101634,77.03313137284691
1414035,77.03313137284691
1462031,33.064874309659736
1301112,43.97285881075489
1192192,43.97285881075489
1116984,212.9814107271406
1456740,309.17571821240165
1343753,270.2766389139939
1276681,679.6280553316877
1045179,679.6280553316877
1184984,679.6280553316877
1034182,131.92337591025642
1368923,69.80112009217684
1298135,69.80112009217684
1067326,380.42385538854455
1275945,380.42385538854455
1160660,131.92337591025642
1138171,72.91811059349153
1165417,72.91811059349153
1047619,72.91811059349153
1460277,1041.9174258812368
1347100,317.55939570701025
1424992,1041.9174258812368
1070616,72.91811059349153
1232270,72.91811059349153
1030558,72.91811059349153
1413854,178.513063500759
1304951,178.513063500759
1499239,178.513063500759
1164689,131.92337591025642
1334067,131.92337591025642
1285934,56.84953417431313
1136102,317.55939570701025
1158805,402.99267957661584
1448872,317.55939570701025
1494631,25.013209964024856
1261533,25.013209964024856
1127622,25.013209964024856
1113702,380.42385538854455
1402669,380.42385538854455
1235863,380.42385538854455
1471648,54.552970886915695
1128016,54.552970886915695
1176666,54.552970886915695
1308071,123.84940510274217
1424549,123.84940510274217
1287145,123.84940510274217
1394524,45.66606664484248
1289418,45.66606664484248
1175099,45.66606664484248
1050753,679.6280553316877
1497444,131.92337591025642
1276761,131.92337591025642
1271167,56.84953417431313
1404679,56.84953417431313
1433405,56.84953417431313
1130736,402.99267957661584
1453390,317.55939570701025
1090499,402.99267957661584
1111904,373.37273953705807
1368837,373.37273953705807
1484881,373.37273953705807
1011859,48.767932021816485
1318144,69.80112009217684
1135584,69.80112009217684
1444883,256.0759837508135
1050649,256.0759837508135
1357379,267.02492723476183
1373055,161.42500067071174
1311164,72.91811059349153
1091958,72.91811059349153
1196856,1041.9174258812368
1399625,212.9814107271406
1370785,1041.9174258812368
1404655,72.91811059349153
1401074,72.91811059349153
1111497,83.72342200515234
1244194,83.72342200515234
1070647,83.72342200515234
1177881,48.767932021816485
1403116,48.767932021816485
1247734,33.151174695801714
1320512,309.1097438937725
1117249,270.4663964279498
1080975,270.3361561994475
1320039,25.013209964024856
1315854,182.86622978738308
1253353,206.88397831927205
1153574,89.70462824137277
1324485,45.66606664484248
1300373,45.66606664484248
1171033,77.03313137284691
1066172,49.13898965994467
1404880,49.13898965994467
1325435,33.064874309659736
1347488,43.8592119123437
1302221,33.151174695801714
1067371,309.25859528339623
1434903,309.25859528339623
1210552,270.2189384224288
1004925,373.37273953705807
1369989,373.37273953705807
1242929,373.37273953705807
1335469,48.767932021816485
1342647,69.80112009217684
1107192,69.80112009217684
1299678,256.0759837508135
1285304,256.0759837508135
1481481,267.02492723476183
1437121,72.91811059349153
1217125,161.5938818171938
1363871,161.42500067071174
1218607,1041.9174258812368
1232949,212.9814107271406
1277541,1041.9174258812368
1085531,72.91811059349153
1004210,72.91811059349153
1056607,83.72342200515234
1395664,83.72342200515234
1188770,48.767932021816485
1232007,33.151174695801714
1483507,213.62577458661838
1176188,213.62577458661838
1386397,213.62577458661838
1063163,182.86622978738308
1331624,89.70462824137277
1039028,206.88397831927205
1128793,45.66606664484248
1006124,45.66606664484248
1120570,77.03313137284691
1073521,49.13898965994467
1137733,49.13898965994467
1243734,33.064874309659736
1488400,43.97285881075489
1085578,33.064874309659736
1430049,213.62577458661838
1391126,213.62577458661838
1452462,213.62577458661838
1164883,679.6280553316877
1472997,679.6280553316877
1181530,131.92337591025642
1141119,69.80112009217684
1258259,69.80112009217684
1370622,380.42385538854455
1264722,380.42385538854455
1353691,679.6280553316877
1348980,161.5938818171938
1095013,161.5938818171938
1476130,161.5938818171938
1158613,1041.9174258812368
1396390,317.55939570701025
1250001,1041.9174258812368
1321524,72.91811059349153
1172129,72.91811059349153
1227420,72.91811059349153
1014336,178.513063500759
1331644,178.513063500759
1024818,178.513063500759
1252052,131.92337591025642
1469746,131.92337591025642
1134484,56.84953417431313
1385522,402.99267957661584
1303765,402.99267957661584
1230047,402.99267957661584
1167197,25.013209964024856
1223179,25.013209964024856
1061269,25.013209964024856
1206027,269.0524879976676
1286578,307.7369094479718
1173309,307.7369094479718
1001057,45.66606664484248
1489786,45.66606664484248
1277956,45.66606664484248
1294183,131.92337591025642
1453476,131.92337591025642
1126772,131.92337591025642
1316408,56.84953417431313
1373316,56.84953417431313
1410147,56.84953417431313
1056742,402.99267957661584
1219314,402.99267957661584
1016479,402.99267957661584
1278462,195.95197876648706
1402049,195.89123127808176
1318810,195.89123127808176
1232520,69.80112009217684
1090412,69.80112009217684
1449639,193.96001242441147
1361792,193.89987933426218
1041119,193.96001242441147
1181465,161.5938818171938
1477767,161.42500067071174
1074634,161.5938818171938
1493200,1041.9174258812368
1160156,212.9814107271406
1092472,1041.9174258812368
1322503,48.767932021816485
1430351,33.151174695801714
1128378,213.62577458661838
1275754,213.62577458661838
1010262,213.62577458661838
1169855,89.70462824137277
1102462,89.70462824137277
1270230,89.70462824137277
1312759,45.66606664484248
1473072,45.66606664484248
1345243,33.151174695801714
1004841,33.151174695801714
1083409,33.151174695801714
1329412,213.62577458661838
1076888,213.62577458661838
1255536,213.62577458661838
1437782,367.66451142142944
1367373,367.66451142142944
1272919,367.66451142142944
1120015,48.767932021816485
1470352,69.80112009217684
1229488,69.80112009217684
1252841,254.25104551803662
1387699,254.25104551803662
1105498,264.80200255916003
1484322,161.5938818171938
1497767,161.42500067071174
1169970,161.5938818171938
1013006,1041.9174258812368
1079960,212.9814107271406
1102782,1041.9174258812368
1304243,83.72342200515234
1234172,83.72342200515234
1037765,48.767932021816485
1242533,33.151174695801714
1457944,213.62577458661838
1359495,213.62577458661838
1258707,213.62577458661838
1405882,89.70462824137277
1413277,89.70462824137277
1456699,89.70462824137277
1241053,45.66606664484248
1185989,45.66606664484248
1330838,45.66606664484248
1389418,49.13898965994467
1115820,49.13898965994467
1090722,33.151174695801714
1431115,43.97285881075489
1287186,43.97285881075489
1259051,213.62577458661838
1364772,213.62577458661838
1287438,213.62577458661838
1430418,679.6280553316877
1212285,679.6280553316877
1489187,679.6280553316877
1462314,25.013209964024856
1035511,69.80112009217684
1299070,380.42385538854455
1311694,380.42385538854455
1440943,131.92337591025642
1327449,72.91811059349153
1231678,72.91811059349153
1076076,72.91811059349153
1148106,1041.9174258812368
1325663,317.55939570701025
1179154,1041.9174258812368
1382830,72.91811059349153
1301451,72.91811059349153
1175889,72.91811059349153
1231167,178.513063500759
1272559,178.513063500759
1096602,131.92337591025642
1070414,56.84953417431313
1359188,317.55939570701025
1436738,402.99267957661584
1307575,317.55939570701025
1412839,25.013209964024856
1296434,25.013209964024856
1364866,131.92337591025642
1013130,380.42385538854455
1144116,380.42385538854455
1037301,54.552970886915695
1462430,54.552970886915695
1469920,54.552970886915695
1350471,123.84940510274217
1354697,123.84940510274217
1371419,123.84940510274217
1032024,45.66606664484248
1281845,45.66606664484248
1268702,45.66606664484248
1128557,679.6280553316877
1123396,131.92337591025642
1029273,131.92337591025642
1269672,56.84953417431313
1295307,56.84953417431313
1441471,317.55939570701025
1237216,317.55939570701025
1164983,402.99267957661584
1219590,198.93980261403385
1397954,198.93980261403385
1140940,198.93980261403385
1196971,48.767932021816485
1437824,69.80112009217684
1295439,69.80112009217684
1306049,195.29333196690015
1011233,195.35389498349699
1074658,76.45564088850853
1048430,72.91811059349153
1338050,72.91811059349153
1383625,72.91811059349153
1300326,1041.9174258812368
1222463,317.55939570701025
1030628,1041.9174258812368
1098120,72.91811059349153
1249173,72.91811059349153
1434793,83.72342200515234
1478327,83.72342200515234
1011989,48.767932021816485
1098728,48.767932021816485
1101780,317.55939570701025
1192825,270.3361561994475
1395320,317.55939570701025
1453677,195.35389498349699
1001659,77.03313137284691
1007465,77.03313137284691
1099699,54.552970886915695
1084100,54.552970886915695
1325998,54.552970886915695
1045586,123.84940510274217
1001411,123.84940510274217
1028848,123.84940510274217
1149053,45.66606664484248
1194155,195.59047953226295
1307999,77.03313137284691
1114325,77.03313137284691
1391955,43.8592119123437
1346873,43.97285881075489
1458515,43.97285881075489
1133975,317.55939570701025
1125326,317.55939570701025
1375200,270.2189384224288
1004647,288.51677607585594
1478258,288.606101623183
1037616,288.51677607585594
1483255,48.767932021816485
1386008,69.80112009217684
1457583,69.80112009217684
1375368,227.86783175737463
1299881,251.39220338241603
1151262,230.2787543177377
1064762,161.42500067071174
1356650,72.91811059349153
1353148,72.91811059349153
1074567,1041.9174258812368
1314973,317.55939570701025
1068992,1041.9174258812368
1239782,72.91811059349153
1389891,72.91811059349153
1129388,72.91811059349153
1317350,83.72342200515234
1284526,83.72342200515234
1288418,83.72342200515234
1041821,48.767932021816485
1401183,33.151174695801714
1292957,309.1097438937725
1271702,270.4663964279498
1183331,270.3361561994475
1058379,25.013209964024856
1417011,25.013209964024856
1017142,307.7369094479718
1216650,317.55939570701025
1239666,307.7369094479718
1153751,45.66606664484248
1270388,45.66606664484248
1109049,45.66606664484248
1108947,77.03313137284691
1210194,77.03313137284691
1022652,49.13898965994467
1376126,33.064874309659736
1484827,43.97285881075489
1027189,43.97285881075489
1441240,309.25859528339623
1220382,309.25859528339623
1251729,270.2189384224288
1401191,679.6280553316877
1026264,679.6280553316877
1031580,679.6280553316877
1419007,131.92337591025642
1391582,69.80112009217684
1429750,69.80112009217684
1317412,380.42385538854455
1027337,380.42385538854455
1349762,679.6280553316877
1031100,161.5938818171938
1198249,161.5938818171938
1409834,161.42500067071174
1363459,1041.9174258812368
1179481,317.55939570701025
1423597,1041.9174258812368
1129631,72.91811059349153
1252222,72.91811059349153
1232423,178.513063500759
1414372,178.513063500759
1321337,178.513063500759
1219585,131.92337591025642
1246961,131.92337591025642
1333058,402.99267957661584
1151245,402.99267957661584
1263599,402.99267957661584
1416825,25.013209964024856
1434236,25.013209964024856
1227664,123.84940510274217
1266752,123.84940510274217
1457613,123.84940510274217
1111913,45.66606664484248
1369393,45.66606664484248
1491416,45.66606664484248
1038031,131.92337591025642
1287849,131.92337591025642
1368918,131.92337591025642
1481378,56.84953417431313
1071420,56.84953417431313
1073006,56.84953417431313
1080022,402.99267957661584
1491603,402.99267957661584
1230288,402.99267957661584
1217412,367.66451142142944
1449114,367.66451142142944
1142889,367.66451142142944
1428256,48.767932021816485
1198629,69.80112009217684
1050828,69.80112009217684
1132047,254.25104551803662
1444841,254.25104551803662
1339727,264.80200255916003
1380337,161.42500067071174
1497986,161.5938818171938
1285104,72.91811059349153
1025770,1041.9174258812368
1459130,212.9814107271406
1475649,1041.9174258812368
1089842,72.91811059349153
1455637,72.91811059349153
1238935,83.72342200515234
1300202,83.72342200515234
1462333,48.767932021816485
1413606,76.45564088850853
1494072,33.151174695801714
1031959,213.62577458661838
1040232,213.62577458661838
1005311,213.62577458661838
1485835,25.013209964024856
1157241,25.013209964024856
1162155,206.88397831927205
1071564,206.88397831927205
1371096,206.88397831927205
1395033,45.66606664484248
1424836,45.66606664484248
1203934,45.66606664484248
1362060,49.13898965994467
1231316,49.13898965994467
1283484,33.064874309659736
1071651,33.151174695801714
1497563,213.62577458661838
1186395,213.62577458661838
1362405,213.62577458661838
1422185,679.6280553316877
1003947,679.6280553316877
1157667,679.6280553316877
1311380,131.92337591025642
1221429,69.80112009217684
1408590,380.42385538854455
1320907,380.42385538854455
1244622,131.92337591025642
1206366,72.91811059349153
1466483,72.91811059349153
1357536,72.91811059349153
1414147,1041.9174258812368
1225625,317.55939570701025
1247041,1041.9174258812368
1272992,72.91811059349153
1249208,72.91811059349153
1281981,178.513063500759
1146421,178.513063500759
1134896,178.513063500759
1175537,131.92337591025642
1260481,131.92337591025642
1200641,56.84953417431313
1218895,317.55939570701025
1274263,272.88324961034596
1053052,317.55939570701025
1034995,25.013209964024856
1184775,25.013209964024856
1244740,25.013209964024856
1458802,380.42385538854455
1429932,380.42385538854455
1112304,380.42385538854455
1389049,54.552970886915695
1296135,54.552970886915695
1400158,54.552970886915695
1227586,123.84940510274217
1092849,123.84940510274217
1240507,123.84940510274217
1270940,45.66606664484248
1419601,45.66606664484248
1424002,45.66606664484248
1086621,679.6280553316877
1238858,131.92337591025642
1454072,131.92337591025642
1389072,56.84953417431313
1307058,56.84953417431313
1412351,56.84953417431313
1292992,311.8311780426093
1345321,311.8311780426093
1484299,272.88324961034596
1269970,679.6280553316877
1378850,679.6280553316877
1208125,679.6280553316877
1018065,131.92337591025642
1135792,69.80112009217684
1153704,69.80112009217684
1030092,380.42385538854455
1109996,380.42385538854455
1413059,131.92337591025642
1307291,72.91811059349153
1470695,72.91811059349153
1201860,72.91811059349153
1255519,1041.9174258812368
1093602,317.55939570701025
1395444,1041.9174258812368
1495479,72.91811059349153
1242833,72.91811059349153
1488573,178.513063500759
1245680,178.513063500759
1381660,178.513063500759
1149622,131.92337591025642
1179762,317.55939570701025
1272569,402.99267957661584
1227336,317.55939570701025
1300660,25.013209964024856
1126164,25.013209964024856
1261027,380.42385538854455
1361680,131.92337591025642
1194817,131.92337591025642
1031378,54.552970886915695
1456961,54.552970886915695
1376318,54.552970886915695
1355744,123.84940510274217
1167614,123.84940510274217
1394039,123.84940510274217
1398643,45.66606664484248
1281877,45.66606664484248
1216771,679.6280553316877
1153076,131.92337591025642
1265246,131.92337591025642
1373086,56.84953417431313
1496602,56.84953417431313
1209053,56.84953417431313
1003446,402.99267957661584
1340407,402.99267957661584
1361224,402.99267957661584
1020166,373.37273953705807
1148498,373.37273953705807
1115572,373.37273953705807
1015892,48.767932021816485
1370963,69.80112009217684
1492892,69.80112009217684
1142508,256.0759837508135
1028341,256.0759837508135
1088414,267.02492723476183
1260188,161.5938818171938
1067421,161.5938818171938
1233592,161.42500067071174
1273816,1041.9174258812368
1098491,317.55939570701025
1477747,1041.9174258812368
1374798,72.91811059349153
1289382,72.91811059349153
1096746,72.91811059349153
1443736,178.513063500759
1431499,178.513063500759
1247601,178.513063500759
1163384,48.767932021816485
1096384,48.767932021816485
1349869,33.151174695801714
1313064,309.17571821240165
1450646,270.52414956498524
1336198,270.39388162851657
1289109,25.013209964024856
1477460,25.013209964024856
1430111,25.013209964024856
1390581,307.7369094479718
1148989,269.0524879976676
1036356,317.55939570701025
1402927,45.66606664484248
1155177,45.66606664484248
1384496,77.03313137284691
1300589,49.13898965994467
1390700,49.13898965994467
1332626,33.064874309659736
1427233,43.97285881075489
1113146,43.97285881075489
1130685,309.3246012694244
1154445,309.3246012694244
1040018,270.2766389139939
1173977,201.93506461957222
1435100,201.93506461957222
1118094,201.93506461957222
1497854,48.767932021816485
1312395,69.80112009217684
1373505,69.80112009217684
1070796,198.23396685547178
1344591,198.2954371556617
1070988,198.47402156969744
1113433,161.42500067071174
1467808,161.5938818171938
1440616,161.5938818171938
1066544,1041.9174258812368
1013600,212.9814107271406
1332724,1041.9174258812368
1267612,83.72342200515234
1426137,83.72342200515234
1341745,48.767932021816485
1121620,48.767932021816485
1108446,33.151174695801714
1156744,309.17571821240165
1436558,270.52414956498524
1454563,270.39388162851657
1402483,89.70462824137277
1058135,182.86622978738308
1219833,182.86622978738308
1134765,45.66606664484248
1075081,77.03313137284691
1367594,49.13898965994467
1346618,49.13898965994467
1164512,33.064874309659736
1269071,43.8592119123437
1241572,43.97285881075489
1201168,309.3246012694244
1255856,309.3246012694244
1381766,270.2766389139939
1055474,195.89123127808176
1201164,195.06390797465693
1148456,195.89123127808176
1358056,69.80112009217684
1349508,69.80112009217684
1430112,193.89987933426218
1354895,193.89987933426218
1364688,76.45564088850853
1125362,72.91811059349153
1486680,72.91811059349153
1089351,1041.9174258812368
1363190,212.9814107271406
1292208,1041.9174258812368
1112432,83.72342200515234
1446385,48.767932021816485
1240091,212.9814107271406
1224590,213.62577458661838
1183866,212.9814107271406
1001235,89.70462824137277
1004659,89.70462824137277
1033617,89.70462824137277
1108380,193.96001242441147
1020071,77.03313137284691
1190203,43.97285881075489
1355554,212.9814107271406
1150838,213.62577458661838
1403569,213.62577458661838
1288154,267.02492723476183
1227739,267.02492723476183
1437561,267.02492723476183
1230082,48.767932021816485
1103290,69.80112009217684
1252304,69.80112009217684
1202685,256.0759837508135
1209418,256.0759837508135
1247179,76.45564088850853
1453728,72.91811059349153
1498748,72.91811059349153
1341061,72.91811059349153
1432174,1041.9174258812368
1436089,317.55939570701025
1069738,1041.9174258812368
1337949,72.91811059349153
1404369,72.91811059349153
1394008,72.91811059349153
1369244,83.72342200515234
1265660,83.72342200515234
1251720,83.72342200515234
1384055,48.767932021816485
1458904,48.767932021816485
1214193,33.151174695801714
1177417,317.55939570701025
1157955,270.3361561994475
1142032,317.55939570701025
1348081,25.013209964024856
1115606,25.013209964024856
1211003,25.013209964024856
1436481,256.0759837508135
1118823,256.0759837508135
1380882,256.0759837508135
1478836,54.552970886915695
1143621,54.552970886915695
1183418,54.552970886915695
1079214,123.84940510274217
1126539,123.84940510274217
1298252,123.84940510274217
1227142,45.66606664484248
1393458,45.66606664484248
1002205,45.66606664484248
1443559,267.02492723476183
1472361,77.03313137284691
1369151,77.03313137284691
1160584,43.8592119123437
1280019,43.97285881075489
1230268,43.97285881075489
1195053,309.1097438937725
1180599,317.55939570701025
1336840,270.2189384224288
1262455,544.4929369299253
1042584,544.6612396300808
1318385,544.4929369299253
1343351,69.80112009217684
1143891,333.6567896421292
1428670,333.7600423838407
1013485,523.4856198690525
1034126,161.5938818171938
1166099,72.91811059349153
1016244,1041.9174258812368
1345589,317.55939570701025
1114402,1041.9174258812368
1471306,72.91811059349153
1230498,72.91811059349153
1410391,72.91811059349153
1432815,178.513063500759
1396310,178.513063500759
1225379,178.513063500759
1357223,131.92337591025642
1424801,131.92337591025642
1138058,33.151174695801714
1314140,309.17571821240165
1131331,270.52414956498524
1417511,270.52414956498524
1354317,25.013209964024856
1454730,25.013209964024856
1459762,123.84940510274217
1448364,123.84940510274217
1285568,123.84940510274217
1077953,45.66606664484248
1349904,45.66606664484248
1293562,131.92337591025642
1374092,131.92337591025642
1414429,131.92337591025642
1137486,33.064874309659736
1321867,43.97285881075489
1157820,43.97285881075489
1244775,309.3246012694244
1153911,309.3246012694244
1174376,270.2766389139939
1480593,679.6280553316877
1282243,679.6280553316877
1412456,679.6280553316877
1070312,131.92337591025642
1305864,69.80112009217684
1426747,69.80112009217684
1201688,380.42385538854455
1234045,380.42385538854455
1033201,131.92337591025642
1150178,72.91811059349153
1258210,72.91811059349153
1136497,72.91811059349153
1405719,1041.9174258812368
1394203,317.55939570701025
1359640,1041.9174258812368
1284694,72.91811059349153
1086787,72.91811059349153
1130883,72.91811059349153
1165887,178.513063500759
1272696,178.513063500759
1069327,178.513063500759
1255481,131.92337591025642
1410666,131.92337591025642
1418313,56.84953417431313
1352442,317.55939570701025
1258929,272.88324961034596
1323110,317.55939570701025
1255321,25.013209964024856
1173518,25.013209964024856
1171371,25.013209964024856
1388769,380.42385538854455
1074286,380.42385538854455
1315446,380.42385538854455
1018008,54.552970886915695
1426756,54.552970886915695
1394245,54.552970886915695
1307498,123.84940510274217
1297279,123.84940510274217
1259587,123.84940510274217
1008085,45.66606664484248
1009210,45.66606664484248
1124731,45.66606664484248
1051084,679.6280553316877
1157826,131.92337591025642
1416374,131.92337591025642
1392013,56.84953417431313
1299309,56.84953417431313
1222583,56.84953417431313
1463904,311.8311780426093
1463942,311.8311780426093
1402108,272.88324961034596
1387994,195.89123127808176
1452032,195.95197876648706
1084546,195.89123127808176
1071254,48.767932021816485
1483489,69.80112009217684
1169274,69.80112009217684
1028510,193.89987933426218
1258824,193.96001242441147
1120442,193.89987933426218
1463169,72.91811059349153
1258110,161.42500067071174
1102279,1041.9174258812368
1242379,212.9814107271406
1418399,1041.9174258812368
1201509,83.72342200515234
1104417,83.72342200515234
1394810,48.767932021816485
1298051,33.151174695801714
1499610,213.62577458661838
1217236,213.62577458661838
1345367,213.62577458661838
1369846,182.86622978738308
1048549,206.88397831927205
1043632,206.88397831927205
1198423,45.66606664484248
1096290,45.66606664484248
1173685,49.13898965994467
1319634,33.064874309659736
1235816,43.97285881075489
1102838,43.97285881075489
1302275,213.62577458661838
1426141,213.62577458661838
1439805,213.62577458661838
1023822,264.80200255916003
1475506,264.80200255916003
1441669,264.80200255916003
1048054,48.767932021816485
1291085,69.80112009217684
1302259,69.80112009217684
1432412,254.25104551803662
1411581,254.25104551803662
1071762,76.45564088850853
1160616,72.91811059349153
1473307,72.91811059349153
1107898,72.91811059349153
1453508,1041.9174258812368
1215207,212.9814107271406
1242328,1041.9174258812368
1099146,72.91811059349153
1102106,72.91811059349153
1202501,83.72342200515234
1452330,83.72342200515234
1328879,83.72342200515234
1255258,48.767932021816485
1317946,48.767932021816485
1191571,33.151174695801714
1439488,212.9814107271406
1096814,213.62577458661838
1096101,212.9814107271406
1167507,25.013209964024856
1424223,25.013209964024856
1249562,254.25104551803662
1360889,254.25104551803662
1118377,254.25104551803662
1489391,54.552970886915695
1143936,54.552970886915695
1014849,89.70462824137277
1072974,89.70462824137277
1158030,89.70462824137277
1286790,45.66606664484248
1283749,45.66606664484248
1454882,264.80200255916003
1273798,77.03313137284691
1092030,77.03313137284691
1318193,33.064874309659736
1249681,43.97285881075489
1152131,43.97285881075489
1165448,213.62577458661838
1340832,213.62577458661838
1305444,213.62577458661838
1009801,679.6280553316877
1043614,679.6280553316877
1488427,679.6280553316877
1027348,131.92337591025642
1343251,69.80112009217684
1238317,69.80112009217684
1393217,380.42385538854455
1211198,380.42385538854455
1395759,131.92337591025642
1405296,72.91811059349153
1120250,72.91811059349153
1284435,72.91811059349153
1295304,1041.9174258812368
1469601,317.55939570701025
1298616,1041.9174258812368
1416111,72.91811059349153
1292623,72.91811059349153
1112045,178.513063500759
1127606,178.513063500759
1416451,178.513063500759
1118212,131.92337591025642
1292308,131.92337591025642
1092303,56.84953417431313
1316510,317.55939570701025
1059149,272.88324961034596
1041132,317.55939570701025
1024747,25.013209964024856
1165880,380.42385538854455
1215424,131.92337591025642
1407685,380.42385538854455
1368795,54.552970886915695
1319830,54.552970886915695
1140603,54.552970886915695
1050495,123.84940510274217
1442610,123.84940510274217
1079668,123.84940510274217
1348246,45.66606664484248
1011640,45.66606664484248
1174967,679.6280553316877
1304263,131.92337591025642
1318179,131.92337591025642
1330995,56.84953417431313
1249422,56.84953417431313
1374063,56.84953417431313
1164966,311.8311780426093
1117868,311.8311780426093
1207808,272.88324961034596
1356623,195.95197876648706
1292177,195.95197876648706
1362232,195.89123127808176
1318369,48.767932021816485
1122331,193.89987933426218
1474320,193.89987933426218
1220533,193.96001242441147
1432625,161.42500067071174
1234799,161.5938818171938
1145502,161.42500067071174
1261614,1041.9174258812368
1137715,212.9814107271406
1360028,1041.9174258812368
1181152,83.72342200515234
1471184,83.72342200515234
1238288,48.767932021816485
1167008,33.151174695801714
1336045,213.62577458661838
1364347,213.62577458661838
1256770,213.62577458661838
1127368,25.013209964024856
1495208,25.013209964024856
1354195,89.70462824137277
1150110,182.86622978738308
1081286,89.70462824137277
1322698,45.66606664484248
1180979,45.66606664484248
1319966,49.13898965994467
1482514,33.151174695801714
1102096,43.97285881075489
1061735,213.62577458661838
1055430,213.62577458661838
1140859,213.62577458661838
1473650,679.6280553316877
1154621,679.6280553316877
1437856,679.6280553316877
1335565,131.92337591025642
1164020,69.80112009217684
1242972,69.80112009217684
1376813,380.42385538854455
1150281,380.42385538854455
1467638,679.6280553316877
1430610,72.91811059349153
1421101,72.91811059349153
1469436,72.91811059349153
1454969,1041.9174258812368
1246779,317.55939570701025
1426987,1041.9174258812368
1498194,72.91811059349153
1065013,72.91811059349153
1138879,72.91811059349153
1494749,178.513063500759
1414842,178.513063500759
1185774,131.92337591025642
1009486,131.92337591025642
1115922,56.84953417431313
1009382,402.99267957661584
1272886,402.99267957661584
1443163,402.99267957661584
1216054,25.013209964024856
1085309,25.013209964024856
1059013,25.013209964024856
1222696,123.84940510274217
1009729,123.84940510274217
1124996,123.84940510274217
1229061,45.66606664484248
1128244,45.66606664484248
1126475,45.66606664484248
1309951,131.92337591025642
1150996,131.92337591025642
1164600,131.92337591025642
1182987,56.84953417431313
1069214,56.84953417431313
1142397,56.84953417431313
1184430,402.99267957661584
1430928,402.99267957661584
1468073,402.99267957661584
1397686,373.37273953705807
1314012,373.37273953705807
1299667,373.37273953705807
1243058,48.767932021816485
1290913,69.80112009217684
1261255,69.80112009217684
1089155,256.0759837508135
1235375,256.0759837508135
1099897,267.02492723476183
1068354,161.42500067071174
1417666,161.42500067071174
1245806,161.42500067071174
1115605,1041.9174258812368
1009948,212.9814107271406
1170506,1041.9174258812368
1177759,72.91811059349153
1054214,83.72342200515234
1368624,83.72342200515234
1103978,48.767932021816485
1484308,48.767932021816485
1475609,33.151174695801714
1325531,213.62577458661838
1498562,213.62577458661838
1367438,213.62577458661838
1072330,25.013209964024856
1422509,25.013209964024856
1138980,89.70462824137277
1457123,89.70462824137277
1352466,89.70462824137277
1375968,45.66606664484248
1200756,77.03313137284691
1399529,49.13898965994467
1292602,49.13898965994467
1276712,33.151174695801714
1067118,43.8592119123437
1058093,43.97285881075489
1121260,213.62577458661838
1123801,213.62577458661838
1128131,213.62577458661838
1403090,679.6280553316877
1494403,679.6280553316877
1300912,679.6280553316877
1164224,131.92337591025642
1478982,69.80112009217684
1143415,69.80112009217684
1144895,380.42385538854455
1293848,380.42385538854455
1486024,131.92337591025642
1075569,72.91811059349153
1166445,72.91811059349153
1091700,72.91811059349153
1297841,1041.9174258812368
1494638,317.55939570701025
1376394,1041.9174258812368
1075821,72.91811059349153
1013599,72.91811059349153
1125124,178.513063500759
1178918,178.513063500759
1082719,178.513063500759
1093368,131.92337591025642
1037894,131.92337591025642
1449907,56.84953417431313
1149138,317.55939570701025
1148821,402.99267957661584
1014215,317.55939570701025
1470124,25.013209964024856
1455251,25.013209964024856
1007092,25.013209964024856
1238329,131.92337591025642
1223262,380.42385538854455
1241780,131.92337591025642
1198811,54.552970886915695
1312242,54.552970886915695
1048476,54.552970886915695
1394990,123.84940510274217
1154308,123.84940510274217
1044825,123.84940510274217
1104439,45.66606664484248
1404040,45.66606664484248
1329389,679.6280553316877
1104551,131.92337591025642
1200980,131.92337591025642
1083081,56.84953417431313
1217301,56.84953417431313
1233817,56.84953417431313
1458527,317.55939570701025
1022447,402.99267957661584
1125019,402.99267957661584
1284038,373.37273953705807
1039868,373.37273953705807
1189895,373.37273953705807
1104338,48.767932021816485
1387572,69.80112009217684
1427998,69.80112009217684
1364586,256.0759837508135
1447078,256.0759837508135
1424493,267.02492723476183
1153701,161.42500067071174
1259542,161.42500067071174
1149289,161.5938818171938
1149589,1041.9174258812368
1497732,317.55939570701025
1318349,1041.9174258812368
1137539,72.91811059349153
1179084,72.91811059349153
1178839,72.91811059349153
1321675,178.513063500759
1074276,178.513063500759
1036452,48.767932021816485
1163892,48.767932021816485
1464167,33.151174695801714
1238107,309.17571821240165
1121434,270.52414956498524
1329563,270.39388162851657
1426628,25.013209964024856
1076297,25.013209964024856
1316569,307.7369094479718
1181666,307.7369094479718
1023747,317.55939570701025
1286111,45.66606664484248
1138868,45.66606664484248
1142328,49.13898965994467
1000213,49.13898965994467
1222239,49.13898965994467
1455577,43.8592119123437
1422884,33.064874309659736
1116729,43.8592119123437
1401840,309.3246012694244
1322160,309.3246012694244
1065299,270.2766389139939
1410494,373.37273953705807
1120819,373.37273953705807
1172141,373.37273953705807
1152289,48.767932021816485
1494678,69.80112009217684
1313410,69.80112009217684
1469544,256.0759837508135
1020398,256.0759837508135
1180290,267.02492723476183
1047888,161.42500067071174
1056647,161.42500067071174
1271890,161.5938818171938
1279914,1041.9174258812368
1107324,317.55939570701025
1079083,1041.9174258812368
1040424,72.91811059349153
1375324,72.91811059349153
1063638,72.91811059349153
1226151,83.72342200515234
1188752,83.72342200515234
1243089,83.72342200515234
1091380,48.767932021816485
1457124,48.767932021816485
1160540,33.151174695801714
1229078,309.17571821240165
1292157,270.52414956498524
1283752,270.39388162851657
1337756,25.013209964024856
1019894,307.7369094479718
1149279,123.84940510274217
1366712,123.84940510274217
1423099,45.66606664484248
1296614,45.66606664484248
1395362,45.66606664484248
1018563,77.03313137284691
1460712,49.13898965994467
1333592,49.13898965994467
1266463,33.064874309659736
1021754,43.97285881075489
1471499,43.97285881075489
1211601,309.3246012694244
1230538,309.3246012694244
1173007,270.2766389139939
1208269,679.6280553316877
1419205,679.6280553316877
1443718,679.6280553316877
1413986,131.92337591025642
1348732,69.80112009217684
1437001,69.80112009217684
1288076,380.42385538854455
1107366,380.42385538854455
1446516,679.6280553316877
1026832,161.5938818171938
1377293,161.42500067071174
1327619,161.5938818171938
1029810,1041.9174258812368
1486382,317.55939570701025
1333333,1041.9174258812368
1217680,178.513063500759
1187666,178.513063500759
1013820,131.92337591025642
1251384,56.84953417431313
1237150,311.8311780426093
1449113,272.88324961034596
1019323,272.88324961034596
1303077,25.013209964024856
1355384,25.013209964024856
1077780,123.84940510274217
1195787,123.84940510274217
1209720,123.84940510274217
1026794,45.66606664484248
1397636,131.92337591025642
1083476,131.92337591025642
1471389,131.92337591025642
1304142,56.84953417431313
1291714,56.84953417431313
1209154,56.84953417431313
1028308,311.8311780426093
1058238,311.8311780426093
1114637,272.88324961034596
1461605,373.37273953705807
1179263,373.37273953705807
1107947,373.37273953705807
1173875,48.767932021816485
1166222,69.80112009217684
1331960,69.80112009217684
1209311,256.0759837508135
1314578,256.0759837508135
1023501,267.02492723476183
1001106,161.42500067071174
1265560,161.5938818171938
1290036,72.91811059349153
1189265,1041.9174258812368
1302283,212.9814107271406
1393194,1041.9174258812368
1425445,72.91811059349153
1272403,72.91811059349153
1230052,72.91811059349153
1154252,83.72342200515234
1085465,83.72342200515234
1498109,83.72342200515234
1218778,48.767932021816485
1200557,33.151174695801714
1355546,309.1097438937725
1138486,270.3361561994475
1091432,270.3361561994475
1446786,25.013209964024856
1445743,25.013209964024856
1498415,25.013209964024856
1078406,89.70462824137277
1014560,89.70462824137277
1388676,89.70462824137277
1228683,45.66606664484248
1075442,45.66606664484248
1122296,45.66606664484248
1370085,77.03313137284691
1145515,49.13898965994467
1299855,49.13898965994467
1472252,33.151174695801714
1467820,43.97285881075489
1363781,43.8592119123437
1275016,309.25859528339623
1062111,309.1097438937725
1180048,270.2189384224288
1155226,198.8408231880495
1382591,198.8408231880495
1412941,198.8408231880495
1098172,48.767932021816485
1163030,69.80112009217684
1370125,196.88067309416985
1145013,196.88067309416985
1276034,76.45564088850853
1036398,72.91811059349153
1200304,72.91811059349153
1144786,72.91811059349153
1377570,1041.9174258812368
1438635,212.9814107271406
1469801,1041.9174258812368
1439692,72.91811059349153
1409284,83.72342200515234
1041718,83.72342200515234
1079423,48.767932021816485
1481762,48.767932021816485
1146091,33.151174695801714
1057460,212.9814107271406
1250344,213.62577458661838
1477694,212.9814107271406
1210203,25.013209964024856
1471242,77.03313137284691
1333824,196.88067309416985
1012400,54.552970886915695
1157950,54.552970886915695
1031549,54.552970886915695
1036302,89.70462824137277
1038594,89.70462824137277
1398217,89.70462824137277
1422692,45.66606664484248
1010584,196.81963916107793
1408973,77.03313137284691
1160131,77.03313137284691
1486738,33.064874309659736
1256588,43.97285881075489
1069257,43.97285881075489
1149920,212.9814107271406
1483944,212.9814107271406
1485217,213.62577458661838
1400875,267.02492723476183
1022245,267.02492723476183
1294514,297.0745674394458
1270168,48.767932021816485
1279549,256.0759837508135
1413452,256.0759837508135
1333540,76.45564088850853
1095610,72.91811059349153
1483263,72.91811059349153
1484037,72.91811059349153
1402254,1041.9174258812368
1067620,212.9814107271406
1033845,1041.9174258812368
1457199,72.91811059349153
1461934,83.72342200515234
1374006,83.72342200515234
1149610,48.767932021816485
1069568,48.767932021816485
1168055,33.151174695801714
1356784,212.9814107271406
1094406,213.62577458661838
1057854,212.9814107271406
1241439,25.013209964024856
1290397,25.013209964024856
1134558,256.0759837508135
1308196,358.0794382407501
1086294,77.03313137284691
1216692,54.552970886915695
1176696,54.552970886915695
1064150,89.70462824137277
1182284,89.70462824137277
1347467,89.70462824137277
1011416,45.66606664484248
1398536,45.66606664484248
1076352,267.02492723476183
1316073,77.03313137284691
1488053,77.03313137284691
1412357,33.064874309659736
1092650,43.97285881075489
1354071,43.97285881075489
1423581,213.62577458661838
1139167,212.9814107271406
1108221,213.62577458661838
1171237,267.02492723476183
1271325,267.02492723476183
1038005,267.02492723476183
1477973,48.767932021816485
1143573,69.80112009217684
1017120,69.80112009217684
1004495,256.0759837508135
1359815,256.0759837508135
1163620,76.45564088850853
1169404,72.91811059349153
1153742,72.91811059349153
1482596,72.91811059349153
1430441,1041.9174258812368
1058431,212.9814107271406
1230152,1041.9174258812368
1195031,72.91811059349153
1171212,72.91811059349153
1432643,83.72342200515234
1357541,83.72342200515234
1489539,83.72342200515234
1172247,48.767932021816485
1459796,33.151174695801714
1349036,212.9814107271406
1132296,270.3361561994475
1020858,212.9814107271406
1458950,25.013209964024856
1228009,25.013209964024856
1244788,256.0759837508135
1092608,256.0759837508135
1127608,256.0759837508135
1147034,54.552970886915695
1252812,54.552970886915695
1363297,54.552970886915695
1368119,89.70462824137277
1013355,89.70462824137277
1050369,89.70462824137277
1232497,45.66606664484248
1053752,267.02492723476183
1258609,77.03313137284691
1024127,77.03313137284691
1293246,33.064874309659736
1420334,43.97285881075489
1249171,43.97285881075489
1493552,212.9814107271406
1493470,309.1097438937725
1440519,270.2189384224288
1408420,198.8408231880495
1320892,198.9024807235865
1395898,198.9024807235865
1266940,69.80112009217684
1195405,69.80112009217684
1321283,196.81963916107793
1026142,196.88067309416985
1398699,196.88067309416985
1397755,161.42500067071174
1249332,161.42500067071174
1049602,72.91811059349153
1089873,1041.9174258812368
1339163,212.9814107271406
1211162,1041.9174258812368
1060487,83.72342200515234
1017376,83.72342200515234
1455813,48.767932021816485
1474172,48.767932021816485
1032075,213.62577458661838
1312652,213.62577458661838
1442048,213.62577458661838
1145540,25.013209964024856
1277563,182.86622978738308
1053334,182.86622978738308
1095442,182.86622978738308
1335552,77.03313137284691
1329839,49.13898965994467
1470260,49.13898965994467
1121456,43.8592119123437
1475918,43.97285881075489
1400690,43.97285881075489
1153013,213.62577458661838
1175925,213.62577458661838
1044804,213.62577458661838
1270105,292.9446382298154
1166614,292.85397451262736
1372023,292.85397451262736
1126656,48.767932021816485
1096892,69.80112009217684
1162121,231.3681305111564
1299109,231.3681305111564
1072859,233.67109565607413
1337063,72.91811059349153
1311410,161.42500067071174
1040248,72.91811059349153
1020719,1041.9174258812368
1371825,212.9814107271406
1242112,1041.9174258812368
1426771,72.91811059349153
1150521,72.91811059349153
1155714,83.72342200515234
1206978,83.72342200515234
1258554,83.72342200515234
1487429,48.767932021816485
1132590,48.767932021816485
1412346,33.151174695801714
1044873,309.17571821240165
1435076,270.52414956498524
1376033,270.39388162851657
1473729,25.013209964024856
1081462,25.013209964024856
1187246,89.70462824137277
1288016,182.86622978738308
1163834,182.86622978738308
1391562,45.66606664484248
1092746,77.03313137284691
1217220,49.13898965994467
1453727,49.13898965994467
1419763,33.064874309659736
1133698,43.97285881075489
1292555,43.97285881075489
1173065,309.3246012694244
1320694,309.3246012694244
1406117,270.2766389139939
1493137,373.37273953705807
1200019,373.37273953705807
1441304,373.37273953705807
1486977,48.767932021816485
1173592,69.80112009217684
1196727,69.80112009217684
1341646,256.0759837508135
1142440,256.0759837508135
1273416,267.02492723476183
1369678,161.42500067071174
1237914,161.42500067071174
1489392,72.91811059349153
1448998,1041.9174258812368
1109229,317.55939570701025
1135688,1041.9174258812368
1290122,72.91811059349153
1195644,72.91811059349153
1455960,83.72342200515234
1065108,83.72342200515234
1160251,83.72342200515234
1052765,48.767932021816485
1006876,48.767932021816485
1375995,33.151174695801714
1177267,309.1097438937725
1123762,270.4663964279498
1135977,270.3361561994475
1380921,25.013209964024856
1152704,25.013209964024856
1059572,25.013209964024856
1147431,123.84940510274217
1166118,269.0524879976676
1241642,269.0524879976676
1239441,45.66606664484248
1139610,45.66606664484248
1173347,45.66606664484248
1065220,77.03313137284691
1263020,49.13898965994467
1186787,49.13898965994467
1100287,33.064874309659736
1063008,43.97285881075489
1272311,43.97285881075489
1323831,309.25859528339623
1350933,309.25859528339623
1188980,270.2189384224288
1321339,199.00149068801363
1468793,198.93980261403385
1065918,198.93980261403385
1483544,69.80112009217684
1360874,195.29333196690015
1172503,195.29333196690015
1394736,195.52984354398447
1463533,161.42500067071174
1101245,161.42500067071174
1297806,161.42500067071174
1141630,1041.9174258812368
1115561,212.9814107271406
1359056,1041.9174258812368
1427543,83.72342200515234
1049897,83.72342200515234
1364909,48.767932021816485
1001108,48.767932021816485
1445007,213.62577458661838
1441123,213.62577458661838
1184466,213.62577458661838
1445824,89.70462824137277
1424016,89.70462824137277
1078356,89.70462824137277
1160637,45.66606664484248
1036844,45.66606664484248
1311516,77.03313137284691
1306448,49.13898965994467
1221703,49.13898965994467
1079424,33.151174695801714
1286572,43.97285881075489
1470862,43.97285881075489
1247296,213.62577458661838
1492100,213.62577458661838
1104993,213.62577458661838
1098936,373.37273953705807
1141172,373.37273953705807
1097071,373.37273953705807
1218774,48.767932021816485
1424527,69.80112009217684
1308493,69.80112009217684
1280655,256.0759837508135
1393998,256.0759837508135
1263011,267.02492723476183
1442984,161.42500067071174
1480196,72.91811059349153
1392278,72.91811059349153
1182497,1041.9174258812368
1142809,317.55939570701025
1331391,1041.9174258812368
1491271,72.91811059349153
1333321,72.91811059349153
1044434,83.72342200515234
1458337,83.72342200515234
1403727,48.767932021816485
1355003,48.767932021816485
1305696,33.151174695801714
1225892,309.1097438937725
1137454,270.4663964279498
1388897,270.3361561994475
1252682,25.013209964024856
1054158,25.013209964024856
1119962,123.84940510274217
1353816,123.84940510274217
1182051,269.0524879976676
1025615,45.66606664484248
1395390,55.08708073452144
1100937,49.13898965994467
1337610,49.13898965994467
1078383,33.064874309659736
1253337,33.064874309659736
1396082,43.97285881075489
1241787,309.25859528339623
1467840,309.25859528339623
1320321,270.2189384224288
1027184,679.6280553316877
1083175,679.6280553316877
1495092,679.6280553316877
1372971,131.92337591025642
1179921,69.80112009217684
1192611,69.80112009217684
1307584,380.42385538854455
1097417,380.42385538854455
1469771,679.6280553316877
1081567,72.91811059349153
1224368,161.42500067071174
1124284,161.5938818171938
1369939,1041.9174258812368
1470426,317.55939570701025
1212390,1041.9174258812368
1201353,72.91811059349153
1175963,72.91811059349153
1143972,178.513063500759
1064669,178.513063500759
1095090,178.513063500759
1408414,131.92337591025642
1181919,131.92337591025642
1035955,56.84953417431313
1137622,402.99267957661584
1141624,402.99267957661584
1030906,402.99267957661584
1351716,25.013209964024856
1387275,123.84940510274217
1491481,123.84940510274217
1266099,123.84940510274217
1497126,45.66606664484248
1484353,45.66606664484248
1066140,45.66606664484248
1012482,131.92337591025642
1223316,131.92337591025642
1374077,131.92337591025642
1214809,56.84953417431313
1079574,56.84953417431313
1437074,56.84953417431313
1254126,402.99267957661584
1386744,402.99267957661584
1140562,402.99267957661584
1057783,679.6280553316877
1028990,679.6280553316877
1171657,679.6280553316877
1499767,131.92337591025642
1034565,69.80112009217684
1100732,69.80112009217684
1124599,380.42385538854455
1036809,380.42385538854455
1181111,131.92337591025642
1339004,72.91811059349153
1442340,72.91811059349153
1076769,72.91811059349153
1273291,1041.9174258812368
1268563,317.55939570701025
1267199,1041.9174258812368
1432609,72.91811059349153
1386785,72.91811059349153
1001425,178.513063500759
1116564,178.513063500759
1373247,178.513063500759
1134168,131.92337591025642
1022092,56.84953417431313
1423085,317.55939570701025
1421303,402.99267957661584
1045999,317.55939570701025
1027413,25.013209964024856
1068236,25.013209964024856
1049332,380.42385538854455
1202896,380.42385538854455
1185320,380.42385538854455
1061666,54.552970886915695
1082570,54.552970886915695
1105399,54.552970886915695
1036403,123.84940510274217
1416031,123.84940510274217
1093307,123.84940510274217
1274780,45.66606664484248
1208290,45.66606664484248
1010615,45.66606664484248
1262992,679.6280553316877
1331934,131.92337591025642
1030226,131.92337591025642
1255690,56.84953417431313
1466677,56.84953417431313
1284600,56.84953417431313
1415928,402.99267957661584
1135508,402.99267957661584
1292547,402.99267957661584
1317061,288.51677607585594
1125938,288.51677607585594
1132252,288.51677607585594
1098604,48.767932021816485
1281504,69.80112009217684
1367222,69.80112009217684
1274168,227.86783175737463
1468823,227.86783175737463
1333274,76.45564088850853
1441700,161.5938818171938
1319758,161.5938818171938
1464015,72.91811059349153
1484802,1041.9174258812368
1029668,212.9814107271406
1072649,1041.9174258812368
1338138,72.91811059349153
1169066,72.91811059349153
1004508,72.91811059349153
1123578,83.72342200515234
1312972,83.72342200515234
1278314,83.72342200515234
1330929,48.767932021816485
1047991,33.151174695801714
1064517,309.1097438937725
1475443,270.3361561994475
1097563,270.3361561994475
1095602,25.013209964024856
1242359,25.013209964024856
1225795,89.70462824137277
1158312,89.70462824137277
1029988,89.70462824137277
1115336,45.66606664484248
1404848,45.66606664484248
1221954,77.03313137284691
1177114,49.13898965994467
1279211,49.13898965994467
1195794,33.151174695801714
1179388,43.97285881075489
1225479,43.97285881075489
1200482,309.1097438937725
1102609,309.25859528339623
1306278,270.2189384224288
1230640,201.99767683142636
1166412,201.93506461957222
1182119,201.93506461957222
1474457,48.767932021816485
1471543,69.80112009217684
1158440,198.23396685547178
1077996,198.23396685547178
1375730,198.5355659347451
1257624,161.42500067071174
1418558,161.42500067071174
1119462,161.42500067071174
1217634,1041.9174258812368
1194125,317.55939570701025
1254893,1041.9174258812368
1444202,72.91811059349153
1249741,83.72342200515234
1397105,83.72342200515234
1126109,48.767932021816485
1040672,48.767932021816485
1225867,33.151174695801714
1229777,309.17571821240165
1416600,270.39388162851657
1334478,270.39388162851657
1181972,25.013209964024856
1439136,123.84940510274217
1101586,123.84940510274217
1081205,123.84940510274217
1320112,45.66606664484248
1362263,49.13898965994467
1266516,33.151174695801714
1115733,43.97285881075489
1348065,43.97285881075489
1026480,309.17571821240165
1053710,309.17571821240165
1031578,270.2766389139939
1491314,373.37273953705807
1432899,373.37273953705807
1413058,373.37273953705807
1158190,48.767932021816485
1228116,69.80112009217684
1217136,69.80112009217684
1318103,256.0759837508135
1094190,256.0759837508135
1476707,267.02492723476183
1116399,161.5938818171938
1463037,161.42500067071174
1327944,72.91811059349153
1477329,1041.9174258812368
1274331,212.9814107271406
1366778,1041.9174258812368
1274958,83.72342200515234
1247376,83.72342200515234
1171357,83.72342200515234
1470729,48.767932021816485
1493024,48.767932021816485
1292643,43.97285881075489
1108498,309.17571821240165
1351941,270.39388162851657
1215978,270.39388162851657
1303897,25.013209964024856
1290815,25.013209964024856
1021162,25.013209964024856
1053049,89.70462824137277
1350034,89.70462824137277
1276354,89.70462824137277
1299342,45.66606664484248
1387698,45.66606664484248
1193717,45.66606664484248
1080378,77.03313137284691
1412637,49.13898965994467
1378521,49.13898965994467
1144802,43.97285881075489
1137339,43.97285881075489
1435425,43.97285881075489
1395058,309.17571821240165
1307656,309.17571821240165
1032147,270.2766389139939
1209677,267.02492723476183
1159522,267.02492723476183
1357125,267.68164500409625
1027253,48.767932021816485
1347324,69.80112009217684
1204065,69.80112009217684
1200111,256.0759837508135
1319241,256.0759837508135
1163083,76.45564088850853
1261848,72.91811059349153
1347708,72.91811059349153
1474171,72.91811059349153
1086163,1041.9174258812368
1384345,212.9814107271406
1230329,1041.9174258812368
1306114,72.91811059349153
1066036,72.91811059349153
1437817,72.91811059349153
1371599,83.72342200515234
1027269,83.72342200515234
1005287,83.72342200515234
1445660,48.767932021816485
1335729,33.151174695801714
1132453,212.9814107271406
1080624,270.3361561994475
1313810,212.9814107271406
1455874,25.013209964024856
1347864,77.03313137284691
1202304,77.03313137284691
1129620,256.0759837508135
1062774,54.552970886915695
1200960,54.552970886915695
1148887,54.552970886915695
1343038,89.70462824137277
1286282,89.70462824137277
1222681,89.70462824137277
1078026,45.66606664484248
1397712,45.66606664484248
1264710,267.02492723476183
1183882,77.03313137284691
1113656,49.13898965994467
1050645,33.064874309659736
1014675,43.97285881075489
1302966,43.97285881075489
1394714,212.9814107271406
1488819,212.9814107271406
1124137,270.2189384224288
1054385,201.93506461957222
1001921,201.93506461957222
1300733,200.57428211272605
1291220,48.767932021816485
1312126,69.80112009217684
1304878,69.80112009217684
1032653,198.23396685547178
1397068,198.23396685547178
1161714,76.45564088850853
1203648,72.91811059349153
1442696,72.91811059349153
1458841,72.91811059349153
1007597,1041.9174258812368
1055053,212.9814107271406
1185031,1041.9174258812368
1427278,72.91811059349153
1295117,83.72342200515234
1325329,83.72342200515234
1050759,48.767932021816485
1013831,48.767932021816485
1254173,33.151174695801714
1287970,212.9814107271406
1113498,270.39388162851657
1355907,212.9814107271406
1244886,25.013209964024856
1373548,25.013209964024856
1465270,77.03313137284691
1339027,77.03313137284691
1018327,54.552970886915695
1108071,54.552970886915695
1461973,54.552970886915695
1476273,89.70462824137277
1024004,89.70462824137277
1031312,89.70462824137277
1446241,198.5355659347451
1495023,77.03313137284691
1348513,77.03313137284691
1015558,43.97285881075489
1127531,43.97285881075489
1314971,212.9814107271406
1189684,212.9814107271406
1105588,270.2766389139939
1426288,679.6280553316877
1101391,679.6280553316877
1236690,679.6280553316877
1299062,131.92337591025642
1354229,69.80112009217684
1483090,380.42385538854455
1124620,380.42385538854455
1036237,131.92337591025642
1429101,72.91811059349153
1105494,72.91811059349153
1496047,72.91811059349153
1111087,1041.9174258812368
1279450,317.55939570701025
1056350,1041.9174258812368
1064133,72.91811059349153
1077697,72.91811059349153
1292079,72.91811059349153
1312698,178.513063500759
1363038,178.513063500759
1111872,178.513063500759
1418832,131.92337591025642
1128942,131.92337591025642
1252662,56.84953417431313
1343161,317.55939570701025
1011813,402.99267957661584
1113616,317.55939570701025
1334770,25.013209964024856
1271290,25.013209964024856
1387664,25.013209964024856
1023852,380.42385538854455
1078142,380.42385538854455
1376725,380.42385538854455
1163658,54.552970886915695
1098578,54.552970886915695
1295170,54.552970886915695
1442540,123.84940510274217
1194545,123.84940510274217
1482237,123.84940510274217
1140705,45.66606664484248
1298088,45.66606664484248
1197612,679.6280553316877
1141241,131.92337591025642
1024355,131.92337591025642
1115005,56.84953417431313
1413477,56.84953417431313
1209338,317.55939570701025
1009555,317.55939570701025
1357976,402.99267957661584
1435909,679.6280553316877
1010266,679.6280553316877
1145147,679.6280553316877
1162283,131.92337591025642
1463710,69.80112009217684
1466728,69.80112009217684
1093975,380.42385538854455
1158811,380.42385538854455
1106708,131.92337591025642
1102709,72.91811059349153
1480818,72.91811059349153
1120723,72.91811059349153
1161911,1041.9174258812368
1406483,317.55939570701025
1159704,1041.9174258812368
1347891,72.91811059349153
1466492,72.91811059349153
1396722,72.91811059349153
1255464,178.513063500759
1478571,178.513063500759
1204608,178.513063500759
1101877,131.92337591025642
1401061,131.92337591025642
1113123,56.84953417431313
1265686,317.55939570701025
1053742,402.99267957661584
1392727,317.55939570701025
1262452,25.013209964024856
1127426,25.013209964024856
1076781,25.013209964024856
1128271,131.92337591025642
1411082,131.92337591025642
1053814,380.42385538854455
1244852,54.552970886915695
1096175,54.552970886915695
1014613,54.552970886915695
1131169,123.84940510274217
1201095,123.84940510274217
1430136,123.84940510274217
1475372,45.66606664484248
1038904,45.66606664484248
1345512,45.66606664484248
1368173,679.6280553316877
1062658,131.92337591025642
1223108,131.92337591025642
1311976,56.84953417431313
1275880,56.84953417431313
1262880,56.84953417431313
1491312,402.99267957661584
1449613,402.99267957661584
1428843,402.99267957661584
1344988,198.93980261403385
1238384,198.93980261403385
1385784,198.93980261403385
1139207,48.767932021816485
1305667,69.80112009217684
1238947,69.80112009217684
1025860,195.29333196690015
1109664,195.35389498349699
1350396,195.52984354398447
1007474,161.42500067071174
1055751,72.91811059349153
1049070,161.5938818171938
1107899,1041.9174258812368
1250737,317.55939570701025
1425943,1041.9174258812368
1428610,72.91811059349153
1189323,72.91811059349153
1294333,83.72342200515234
1047099,83.72342200515234
1122246,48.767932021816485
1057371,33.151174695801714
1247572,309.1097438937725
1452525,270.4663964279498
1193241,270.3361561994475
1122672,25.013209964024856
1354931,307.7369094479718
1263025,269.0524879976676
1076963,307.7369094479718
1005817,45.66606664484248
1229044,45.66606664484248
1338102,45.66606664484248
1006405,77.03313137284691
1214405,49.13898965994467
1443462,49.13898965994467
1089414,33.064874309659736
1317775,43.97285881075489
1248865,43.97285881075489
1342691,309.25859528339623
1114030,309.25859528339623
1062361,270.2189384224288
1268913,373.37273953705807
1359141,373.37273953705807
1052607,373.37273953705807
1153086,76.45564088850853
1228900,69.80112009217684
1477268,69.80112009217684
1044413,256.0759837508135
1383969,256.0759837508135
1370531,267.02492723476183
1054001,161.5938818171938
1032955,72.91811059349153
1204425,1041.9174258812368
1003799,212.9814107271406
1189309,1041.9174258812368
1294794,72.91811059349153
1252109,83.72342200515234
1494387,83.72342200515234
1025414,83.72342200515234
1028398,48.767932021816485
1161669,48.767932021816485
1318183,33.151174695801714
1453485,309.17571821240165
1179995,270.52414956498524
1111260,270.39388162851657
1476335,25.013209964024856
1045081,182.86622978738308
1047684,89.70462824137277
1416797,182.86622978738308
1099709,45.66606664484248
1112808,45.66606664484248
1082858,77.03313137284691
1478275,49.13898965994467
1484969,49.13898965994467
1017841,33.064874309659736
1095118,43.97285881075489
1133034,43.97285881075489
1335501,309.3246012694244
1240758,309.3246012694244
1392405,270.2766389139939
1042422,195.89123127808176
1102535,195.89123127808176
1352924,195.1244002063272
1330739,48.767932021816485
1286846,193.96001242441147
1303888,193.89987933426218
1084126,76.45564088850853
1401068,72.91811059349153
1093010,72.91811059349153
1320866,72.91811059349153
1224252,1041.9174258812368
1053847,212.9814107271406
1289203,1041.9174258812368
1283793,83.72342200515234
1405406,83.72342200515234
1001023,48.767932021816485
1430672,212.9814107271406
1473499,213.62577458661838
1470414,212.9814107271406
1267848,54.552970886915695
1288839,54.552970886915695
1406611,89.70462824137277
1138335,89.70462824137277
1473941,89.70462824137277
1086394,193.89987933426218
1213401,77.03313137284691
1249598,43.97285881075489
1359075,212.9814107271406
1451883,212.9814107271406
1130150,213.62577458661838
1079995,267.02492723476183
1320850,267.02492723476183
1325802,267.02492723476183
1298535,48.767932021816485
1005436,69.80112009217684
1236985,256.0759837508135
1404089,256.0759837508135
1280135,267.02492723476183
1321446,72.91811059349153
1022303,72.91811059349153
1162493,72.91811059349153
1160343,1041.9174258812368
1412430,212.9814107271406
1027059,1041.9174258812368
1258914,72.91811059349153
1406006,72.91811059349153
1076412,83.72342200515234
1089192,83.72342200515234
1251959,83.72342200515234
1204393,48.767932021816485
1426930,48.767932021816485
1424045,33.151174695801714
1206548,212.9814107271406
1002696,270.39388162851657
1019804,212.9814107271406
1040420,25.013209964024856
1414474,25.013209964024856
1252877,25.013209964024856
1408137,256.0759837508135
1263119,256.0759837508135
1115724,256.0759837508135
1272392,54.552970886915695
1270741,54.552970886915695
1313158,54.552970886915695
1028031,89.70462824137277
1235237,89.70462824137277
1150649,89.70462824137277
1444476,45.66606664484248
1294878,45.66606664484248
1115261,45.66606664484248
1266485,267.02492723476183
1392336,77.03313137284691
1153686,77.03313137284691
1055862,33.064874309659736
1072931,43.97285881075489
1252777,43.97285881075489
1062210,212.9814107271406
1382979,212.9814107271406
1338035,270.2766389139939
1146579,267.02492723476183
1072620,267.02492723476183
1388642,267.02492723476183
1230598,48.767932021816485
1499806,69.80112009217684
1256452,69.80112009217684
1249746,256.0759837508135
1355011,256.0759837508135
1394076,76.45564088850853
1181734,72.91811059349153
1068385,72.91811059349153
1139039,72.91811059349153
1430890,1041.9174258812368
1151297,212.9814107271406
1013543,1041.9174258812368
1387274,83.72342200515234
1400898,83.72342200515234
1253271,83.72342200515234
1193479,48.767932021816485
1218312,48.767932021816485
1493676,33.151174695801714
1237190,212.9814107271406
1025950,213.62577458661838
1445601,212.9814107271406
1233203,25.013209964024856
1174722,77.03313137284691
1250818,256.0759837508135
1391640,256.0759837508135
1154727,54.552970886915695
1000642,54.552970886915695
1483633,54.552970886915695
1390805,89.70462824137277
1108444,89.70462824137277
1318695,89.70462824137277
1355254,45.66606664484248
1196734,45.66606664484248
1362840,267.02492723476183
1226722,77.03313137284691
1419887,77.03313137284691
1108968,40.139604277765535
1411752,43.97285881075489
1065319,43.97285881075489
1233541,213.62577458661838
1434726,213.62577458661838
1170047,213.62577458661838
1359423,552.1082667017112
1487129,552.1082667017112
1039738,552.1082667017112
1281098,131.92337591025642
1226250,69.80112009217684
1356737,69.80112009217684
1250508,345.98465481657826
1296204,345.98465481657826
1021036,131.92337591025642
1059851,72.91811059349153
1259861,72.91811059349153
1191317,72.91811059349153
1055545,1041.9174258812368
1259739,317.55939570701025
1127936,1041.9174258812368
1122299,72.91811059349153
1045622,72.91811059349153
1136027,178.513063500759
1427519,178.513063500759
1345040,178.513063500759
1358355,131.92337591025642
1296259,131.92337591025642
1247604,33.151174695801714
1470043,317.55939570701025
1023524,270.3361561994475
1458093,317.55939570701025
1204116,25.013209964024856
1264775,25.013209964024856
1439811,25.013209964024856
1172238,345.98465481657826
1347717,345.98465481657826
1325084,345.98465481657826
1279398,54.552970886915695
1062492,54.552970886915695
1280555,54.552970886915695
1192455,123.84940510274217
1267950,123.84940510274217
1297918,123.84940510274217
1065416,45.66606664484248
1017917,45.66606664484248
1303062,45.66606664484248
1428483,552.1082667017112
1281671,131.92337591025642
1473937,131.92337591025642
1435103,43.97285881075489
1037310,131.92337591025642
1361514,309.25859528339623
1051440,317.55939570701025
1312573,270.2189384224288
1106798,373.37273953705807
1142814,373.37273953705807
1214497,373.37273953705807
1015884,48.767932021816485
1033130,69.80112009217684
1082221,69.80112009217684
1267633,256.0759837508135
1237618,256.0759837508135
1145651,267.02492723476183
1441985,161.42500067071174
1196226,161.42500067071174
1352134,161.42500067071174
1337450,1041.9174258812368
1026014,317.55939570701025
1212345,1041.9174258812368
1181195,72.91811059349153
1007089,178.513063500759
1317475,178.513063500759
1098691,178.513063500759
1096212,48.767932021816485
1235060,48.767932021816485
1233676,43.97285881075489
1005265,309.1097438937725
1340335,270.4663964279498
1100709,270.4663964279498
1486556,25.013209964024856
1364727,269.0524879976676
1089838,123.84940510274217
1331091,307.7369094479718
1145185,77.03313137284691
1072824,49.13898965994467
1133161,49.13898965994467
1257291,33.064874309659736
1466895,43.8592119123437
1040076,43.97285881075489
1296120,309.25859528339623
1071118,309.25859528339623
1481797,270.2189384224288
1002910,288.51677607585594
1087316,288.606101623183
1148565,288.51677607585594
1380584,48.767932021816485
1153514,69.80112009217684
1023202,69.80112009217684
1325706,227.93844508974954
1138400,227.86783175737463
1321568,230.20741914489903
1000666,72.91811059349153
1426204,72.91811059349153
1427371,161.42500067071174
1284547,1041.9174258812368
1495342,212.9814107271406
1013289,1041.9174258812368
1034517,72.91811059349153
1088604,72.91811059349153
1441301,72.91811059349153
1323495,83.72342200515234
1059630,83.72342200515234
1022326,83.72342200515234
1030923,48.767932021816485
1066592,48.767932021816485
1100820,33.151174695801714
1349870,309.1097438937725
1442794,270.3361561994475
1434781,270.3361561994475
1314686,25.013209964024856
1114108,25.013209964024856
1463208,89.70462824137277
1294690,89.70462824137277
1243722,89.70462824137277
1176245,45.66606664484248
1335602,77.03313137284691
1032528,49.13898965994467
1067483,49.13898965994467
1404614,33.151174695801714
1482217,33.4631605902943
1461999,43.97285881075489
1159274,309.1097438937725
1412925,309.1097438937725
1198542,270.2189384224288
1167015,201.93506461957222
1098179,201.99767683142636
1316048,201.93506461957222
1194635,48.767932021816485
1164921,69.80112009217684
1060770,69.80112009217684
1365169,198.23396685547178
1296574,198.2954371556617
1354095,198.5355659347451
1047886,161.5938818171938
1392652,161.5938818171938
1432258,161.42500067071174
1138217,1041.9174258812368
1182344,212.9814107271406
1137204,1041.9174258812368
1461362,72.91811059349153
1226026,72.91811059349153
1025513,83.72342200515234
1315779,83.72342200515234
1120550,48.767932021816485
1345814,48.767932021816485
1273694,33.151174695801714
1373670,309.17571821240165
1304674,270.39388162851657
1115980,270.39388162851657
1078416,89.70462824137277
1492006,89.70462824137277
1154339,89.70462824137277
1125717,45.66606664484248
1418240,45.66606664484248
1273336,77.03313137284691
1268753,43.97285881075489
1032128,43.97285881075489
1365619,309.17571821240165
1140349,309.26217476095064
1180650,270.2766389139939
1101235,679.6280553316877
1432496,679.6280553316877
1430566,679.6280553316877
1014783,131.92337591025642
1116354,69.80112009217684
1146657,69.80112009217684
1344262,380.42385538854455
1450902,380.42385538854455
1050703,131.92337591025642
1103779,72.91811059349153
1373522,72.91811059349153
1151308,72.91811059349153
1483186,1041.9174258812368
1018915,317.55939570701025
1364131,1041.9174258812368
1345596,72.91811059349153
1420063,72.91811059349153
1492833,72.91811059349153
1360054,178.513063500759
1213321,178.513063500759
1037639,178.513063500759
1142648,131.92337591025642
1361615,131.92337591025642
1042523,56.84953417431313
1005712,317.55939570701025
1315204,402.99267957661584
1267815,317.55939570701025
1367043,25.013209964024856
1004886,25.013209964024856
1034244,25.013209964024856
1297387,380.42385538854455
1210501,380.42385538854455
1097181,380.42385538854455
1310794,54.552970886915695
1014635,54.552970886915695
1292994,54.552970886915695
1173658,123.84940510274217
1211835,123.84940510274217
1076344,123.84940510274217
1232705,45.66606664484248
1195774,45.66606664484248
1174518,45.66606664484248
1243831,679.6280553316877
1481724,131.92337591025642
1207346,131.92337591025642
1271815,56.84953417431313
1303872,56.84953417431313
1176334,56.84953417431313
1304553,317.55939570701025
1257584,402.99267957661584
1440237,402.99267957661584
1084653,198.8408231880495
1332317,198.06250435876063
1177460,198.8408231880495
1165358,48.767932021816485
1497001,69.80112009217684
1103832,196.81963916107793
1403223,196.88067309416985
1223995,76.45564088850853
1441994,72.91811059349153
1397538,72.91811059349153
1021975,72.91811059349153
1400819,1041.9174258812368
1132871,212.9814107271406
1275036,1041.9174258812368
1467062,83.72342200515234
1243970,83.72342200515234
1484482,48.767932021816485
1282672,48.767932021816485
1232517,33.151174695801714
1375882,212.9814107271406
1145757,213.62577458661838
1200160,212.9814107271406
1410058,25.013209964024856
1305115,196.81963916107793
1095464,196.88067309416985
1487515,33.064874309659736
1024500,54.552970886915695
1071735,54.552970886915695
1344422,54.552970886915695
1312920,89.70462824137277
1297157,89.70462824137277
1142750,89.70462824137277
1411826,45.66606664484248
1318333,45.66606664484248
1434478,45.66606664484248
1438407,77.03313137284691
1234963,33.064874309659736
1444737,43.97285881075489
1068604,43.97285881075489
1011801,213.62577458661838
1314498,213.62577458661838
1099240,213.62577458661838
1403942,679.6280553316877
1161200,679.6280553316877
1047246,679.6280553316877
1395061,131.92337591025642
1170801,69.80112009217684
1042827,69.80112009217684
1174504,380.42385538854455
1173705,380.42385538854455
1230491,131.92337591025642
1348587,72.91811059349153
1498538,72.91811059349153
1497901,72.91811059349153
1271586,1041.9174258812368
1039920,317.55939570701025
1243378,1041.9174258812368
1129865,72.91811059349153
1056548,72.91811059349153
1006403,178.513063500759
1348142,178.513063500759
1029535,131.92337591025642
1211544,56.84953417431313
1409887,317.55939570701025
1373243,402.99267957661584
1424541,317.55939570701025
1387862,25.013209964024856
1125217,25.013209964024856
1244163,380.42385538854455
1090094,380.42385538854455
1206594,131.92337591025642
1418380,54.552970886915695
1018911,54.552970886915695
1365726,54.552970886915695
1182054,123.84940510274217
1185618,123.84940510274217
1499996,123.84940510274217
1289837,45.66606664484248
1207125,679.6280553316877
1385322,131.92337591025642
1109874,131.92337591025642
1451374,56.84953417431313
1256784,56.84953417431313
1267473,56.84953417431313
1102117,402.99267957661584
1401169,317.55939570701025
1207111,402.99267957661584
1017175,679.6280553316877
1247741,679.6280553316877
1117518,679.6280553316877
1282054,131.92337591025642
1370192,69.80112009217684
1038438,69.80112009217684
1181256,380.42385538854455
1107618,380.42385538854455
1177282,131.92337591025642
1050846,72.91811059349153
1171305,72.91811059349153
1495234,72.91811059349153
1493457,1041.9174258812368
1020507,317.55939570701025
1054269,1041.9174258812368
1342004,72.91811059349153
1121352,72.91811059349153
1398988,72.91811059349153
1133642,178.513063500759
1390781,178.513063500759
1227153,178.513063500759
1156586,131.92337591025642
1184605,131.92337591025642
1313893,56.84953417431313
1166618,317.55939570701025
1128043,402.99267957661584
1359339,317.55939570701025
1146723,25.013209964024856
1404721,25.013209964024856
1115692,25.013209964024856
1295765,380.42385538854455
1245205,380.42385538854455
1090138,380.42385538854455
1212530,54.552970886915695
1377936,54.552970886915695
1481135,54.552970886915695
1012718,123.84940510274217
1274851,123.84940510274217
1214056,123.84940510274217
1449539,45.66606664484248
1196447,45.66606664484248
1313914,679.6280553316877
1012652,131.92337591025642
1463945,131.92337591025642
1352697,56.84953417431313
1119279,56.84953417431313
1499681,56.84953417431313
1316005,317.55939570701025
1276695,402.99267957661584
1343456,402.99267957661584
1406377,679.6280553316877
1377782,679.6280553316877
1475804,679.6280553316877
1389781,131.92337591025642
1121088,69.80112009217684
1404053,69.80112009217684
1103761,380.42385538854455
1427117,380.42385538854455
1235746,679.6280553316877
1111305,72.91811059349153
1398419,161.42500067071174
1043032,161.42500067071174
1094924,1041.9174258812368
1016992,317.55939570701025
1015891,1041.9174258812368
1361581,72.91811059349153
1079764,72.91811059349153
1206362,72.91811059349153
1050479,178.513063500759
1464461,178.513063500759
1238056,178.513063500759
1024016,131.92337591025642
1161026,131.92337591025642
1266837,56.84953417431313
1003688,402.99267957661584
1437653,402.99267957661584
1428544,402.99267957661584
1329858,25.013209964024856
1242262,25.013209964024856
1139460,269.0524879976676
1340320,123.84940510274217
1458283,269.0524879976676
1046592,45.66606664484248
1382408,45.66606664484248
1399111,45.66606664484248
1354514,131.92337591025642
1151009,131.92337591025642
1473380,131.92337591025642
1318609,56.84953417431313
1260208,56.84953417431313
1456298,56.84953417431313
1433872,402.99267957661584
1495928,402.99267957661584
1145163,402.99267957661584
1288414,199.00149068801363
1164780,198.93980261403385
1099811,198.93980261403385
1055810,48.767932021816485
1465823,69.80112009217684
1068702,69.80112009217684
1199817,195.29333196690015
1308993,195.29333196690015
1228658,195.59047953226295
1067611,161.5938818171938
1337804,161.42500067071174
1265862,1041.9174258812368
1075698,212.9814107271406
1493152,1041.9174258812368
1480072,72.91811059349153
1303746,83.72342200515234
1252753,83.72342200515234
1429794,48.767932021816485
1284846,48.767932021816485
1347430,33.151174695801714
1253487,309.1097438937725
1414292,270.4663964279498
1444665,270.3361561994475
1467493,25.013209964024856
1375138,25.013209964024856
1039245,25.013209964024856
1009524,182.86622978738308
1042431,89.70462824137277
1218618,182.86622978738308
1005450,45.66606664484248
1337184,45.66606664484248
1305212,77.03313137284691
1229650,49.13898965994467
1202211,49.13898965994467
1206844,33.064874309659736
1315684,43.97285881075489
1451907,43.8592119123437
1479101,309.25859528339623
1204831,309.25859528339623
1299973,270.2189384224288
1479704,367.66451142142944
1103391,367.66451142142944
1030973,367.66451142142944
1175313,48.767932021816485
1001655,69.80112009217684
1486656,69.80112009217684
1144994,254.25104551803662
1339590,254.25104551803662
1176446,264.80200255916003
1228211,161.42500067071174
1140034,161.42500067071174
1261020,161.42500067071174
1419809,1041.9174258812368
1316742,212.9814107271406
1446413,1041.9174258812368
1161401,83.72342200515234
1378385,83.72342200515234
1371110,48.767932021816485
1474124,213.62577458661838
1289204,213.62577458661838
1493328,213.62577458661838
1365154,89.70462824137277
1012943,89.70462824137277
1241599,89.70462824137277
1306515,45.66606664484248
1467462,77.03313137284691
1442130,49.13898965994467
1486092,49.13898965994467
1348096,33.151174695801714
1109213,43.97285881075489
1475586,43.97285881075489
1415413,213.62577458661838
1143304,213.62577458661838
1211792,213.62577458661838
1311799,373.37273953705807
1010422,373.37273953705807
1238437,373.37273953705807
1283496,48.767932021816485
1054679,69.80112009217684
1374106,69.80112009217684
1252741,256.0759837508135
1105246,256.0759837508135
1302648,267.02492723476183
1424462,161.5938818171938
1076983,161.42500067071174
1183226,161.42500067071174
1468687,1041.9174258812368
1413771,212.9814107271406
1383816,1041.9174258812368
1439193,72.91811059349153
1339142,72.91811059349153
1412413,72.91811059349153
1314608,83.72342200515234
1427899,83.72342200515234
1266188,48.767932021816485
1455688,48.767932021816485
1453758,33.151174695801714
1067032,309.1097438937725
1186216,270.3361561994475
1255594,270.3361561994475
1149061,25.013209964024856
1271186,25.013209964024856
1257768,25.013209964024856
1267184,182.86622978738308
1305748,199.28642958722182
1015025,206.88397831927205
1240225,45.66606664484248
1121296,45.66606664484248
1082946,45.66606664484248
1055145,77.03313137284691
1386090,49.13898965994467
1144287,49.13898965994467
1193883,33.151174695801714
1194633,43.8592119123437
1324241,43.8592119123437
1019478,309.25859528339623
1200780,309.25859528339623
1419930,270.2189384224288
1002912,373.37273953705807
1319159,373.37273953705807
1175738,267.02492723476183
1201561,48.767932021816485
1219862,69.80112009217684
1196146,69.80112009217684
1466525,256.0759837508135
1204816,256.0759837508135
1473726,76.45564088850853
1060409,72.91811059349153
1261615,72.91811059349153
1043550,72.91811059349153
1467630,1041.9174258812368
1018320,212.9814107271406
1435521,1041.9174258812368
1401990,72.91811059349153
1390906,72.91811059349153
1462965,83.72342200515234
1187504,83.72342200515234
1095731,83.72342200515234
1110023,48.767932021816485
1176469,48.767932021816485
1166528,33.151174695801714
1053800,212.9814107271406
1048692,270.3361561994475
1341226,212.9814107271406
1258738,25.013209964024856
1455555,25.013209964024856
1037988,25.013209964024856
1180812,77.03313137284691
1343995,256.0759837508135
1227316,256.0759837508135
1372927,54.552970886915695
1306602,54.552970886915695
1230159,54.552970886915695
1388384,89.70462824137277
1351353,89.70462824137277
1412668,89.70462824137277
1161674,45.66606664484248
1344481,45.66606664484248
1119553,45.66606664484248
1154103,267.02492723476183
1416326,77.03313137284691
1164432,77.03313137284691
1321519,33.064874309659736
1293866,43.97285881075489
1050155,43.97285881075489
1404233,212.9814107271406
1333872,309.1097438937725
1304601,1041.9174258812368
1054033,267.02492723476183
1256807,267.02492723476183
1100598,267.02492723476183
1443205,48.767932021816485
1228081,69.80112009217684
1261036,256.0759837508135
1456972,256.0759837508135
1234652,76.45564088850853
1019525,72.91811059349153
1409608,72.91811059349153
1310744,72.91811059349153
1446997,1041.9174258812368
1109153,212.9814107271406
1308005,1041.9174258812368
1123493,72.91811059349153
1237245,72.91811059349153
1155218,83.72342200515234
1171637,83.72342200515234
1042017,48.767932021816485
1194420,212.9814107271406
1460528,213.62577458661838
1397951,212.9814107271406
1468212,25.013209964024856
1072591,25.013209964024856
1337955,256.0759837508135
1290352,256.0759837508135
1299976,256.0759837508135
1140847,54.552970886915695
1238821,54.552970886915695
1265338,54.552970886915695
1347317,89.70462824137277
1369188,89.70462824137277
1105641,89.70462824137277
1346889,45.66606664484248
1484137,267.02492723476183
1180684,77.03313137284691
1179550,77.03313137284691
1416214,40.139604277765535
1069061,43.97285881075489
1392324,43.97285881075489
1253157,213.62577458661838
1064627,213.62577458661838
1467330,213.62577458661838
1075123,199.7272809543681
1120109,200.51210892999336
1314299,200.51210892999336
1156261,48.767932021816485
1113630,69.80112009217684
1268813,69.80112009217684
1145397,198.2954371556617
1354889,198.23396685547178
1177527,76.45564088850853
1047685,72.91811059349153
1201059,72.91811059349153
1108123,72.91811059349153
1420379,1041.9174258812368
1327250,317.55939570701025
1308810,1041.9174258812368
1017856,72.91811059349153
1303699,83.72342200515234
1361399,83.72342200515234
1297207,83.72342200515234
1108091,48.767932021816485
1044014,33.151174695801714
1366117,317.55939570701025
1175246,270.39388162851657
1190610,317.55939570701025
1367486,33.064874309659736
1466748,77.03313137284691
1294077,77.03313137284691
1383490,54.552970886915695
1131144,54.552970886915695
1418604,54.552970886915695
1093359,123.84940510274217
1109016,123.84940510274217
1287135,123.84940510274217
1163382,45.66606664484248
1335895,198.47402156969744
1339037,49.13898965994467
1049246,77.03313137284691
1239904,33.064874309659736
1329104,43.97285881075489
1273304,43.97285881075489
1363773,317.55939570701025
1247584,317.55939570701025
1311383,270.2766389139939
1415059,292.9446382298154
1330789,292.85397451262736
1102131,292.85397451262736
1146418,48.767932021816485
1266488,69.80112009217684
1361294,69.80112009217684
1025857,231.29645933322587
1204032,231.29645933322587
1261246,233.74349948823001
1370363,161.5938818171938
1049932,161.42500067071174
1059349,161.5938818171938
1379685,1041.9174258812368
1406571,317.55939570701025
1317787,1041.9174258812368
1269383,72.91811059349153
1095921,72.91811059349153
1473953,72.91811059349153
1036541,178.513063500759
1042290,178.513063500759
1012530,178.513063500759
1279482,48.767932021816485
1183572,48.767932021816485
1050938,33.151174695801714
1480136,309.17571821240165
1183250,270.52414956498524
1440724,270.39388162851657
1238788,25.013209964024856
1240822,25.013209964024856
1198444,269.0524879976676
1099030,123.84940510274217
1414499,269.0524879976676
1238900,45.66606664484248
1022388,77.03313137284691
1441697,49.13898965994467
1376322,49.13898965994467
1278517,43.97285881075489
1464656,33.151174695801714
1010591,309.3246012694244
1224424,309.3246012694244
1053563,270.2766389139939
1473999,679.6280553316877
1391636,679.6280553316877
1058103,679.6280553316877
1398850,131.92337591025642
1019125,69.80112009217684
1359966,69.80112009217684
1205122,380.42385538854455
1435699,380.42385538854455
1451338,131.92337591025642
1227037,72.91811059349153
1338040,72.91811059349153
1183385,72.91811059349153
1220112,1041.9174258812368
1270286,317.55939570701025
1268774,1041.9174258812368
1461261,72.91811059349153
1015954,72.91811059349153
1460911,72.91811059349153
1425740,178.513063500759
1094329,178.513063500759
1198363,178.513063500759
1494681,131.92337591025642
1461529,131.92337591025642
1027092,56.84953417431313
1011707,317.55939570701025
1338306,402.99267957661584
1287191,402.99267957661584
1141616,25.013209964024856
1318975,25.013209964024856
1280255,25.013209964024856
1068883,380.42385538854455
1169895,380.42385538854455
1299452,380.42385538854455
1441502,54.552970886915695
1109701,54.552970886915695
1201572,54.552970886915695
1397917,123.84940510274217
1459768,123.84940510274217
1112214,123.84940510274217
1384957,45.66606664484248
1073388,45.66606664484248
1410195,45.66606664484248
1323018,679.6280553316877
1393168,131.92337591025642
1464503,131.92337591025642
1448615,56.84953417431313
1189624,56.84953417431313
1015296,56.84953417431313
1257262,402.99267957661584
1390673,402.99267957661584
1393329,402.99267957661584
1082717,679.6280553316877
1271409,679.6280553316877
1149602,679.6280553316877
1380508,131.92337591025642
1084335,69.80112009217684
1157467,69.80112009217684
1311551,380.42385538854455
1219848,380.42385538854455
1046393,679.6280553316877
1020243,161.42500067071174
1215429,161.5938818171938
1343129,161.5938818171938
1434894,1041.9174258812368
1248768,317.55939570701025
1353466,1041.9174258812368
1269572,72.91811059349153
1331977,72.91811059349153
1019221,178.513063500759
1372144,178.513063500759
1380163,178.513063500759
1314566,131.92337591025642
1239508,131.92337591025642
1080052,56.84953417431313
1052185,402.99267957661584
1410013,402.99267957661584
1211910,402.99267957661584
1463175,25.013209964024856
1322235,25.013209964024856
1442756,25.013209964024856
1487782,123.84940510274217
1432248,123.84940510274217
1046330,123.84940510274217
1016515,45.66606664484248
1439602,45.66606664484248
1448463,45.66606664484248
1021724,131.92337591025642
1453370,131.92337591025642
1249813,131.92337591025642
1429939,56.84953417431313
1326422,56.84953417431313
1086556,56.84953417431313
1236619,402.99267957661584
1210795,402.99267957661584
1252996,402.99267957661584
1495848,198.8408231880495
1316220,198.9024807235865
1164599,48.767932021816485
1022140,69.80112009217684
1159696,69.80112009217684
1474230,196.81963916107793
1101112,196.81963916107793
1069260,76.45564088850853
1332048,72.91811059349153
1369485,72.91811059349153
1444811,72.91811059349153
1143538,1041.9174258812368
1087917,212.9814107271406
1499109,1041.9174258812368
1347649,72.91811059349153
1138627,48.767932021816485
1260987,212.9814107271406
1302832,213.62577458661838
1399279,212.9814107271406
1036773,196.88067309416985
1081323,196.88067309416985
1339737,196.88067309416985
1251637,89.70462824137277
1225315,89.70462824137277
1387284,89.70462824137277
1229449,45.66606664484248
1165405,45.66606664484248
1259378,196.81963916107793
1241177,77.03313137284691
1295721,77.03313137284691
1391577,33.064874309659736
1053998,43.97285881075489
1407766,213.62577458661838
1078929,213.62577458661838
1233601,213.62577458661838
1435122,232.56973637727674
1151274,231.58829253833403
1367894,232.56973637727674
1428672,48.767932021816485
1031763,227.86783175737463
1020912,227.86783175737463
1301486,230.2787543177377
1195982,72.91811059349153
1058406,72.91811059349153
1428885,72.91811059349153
1392506,1041.9174258812368
1354722,212.9814107271406
1151119,1041.9174258812368
1456334,72.91811059349153
1000392,72.91811059349153
1076303,83.72342200515234
1217993,83.72342200515234
1427114,83.72342200515234
1232737,48.767932021816485
1447145,48.767932021816485
1030444,212.9814107271406
1215951,270.39388162851657
1485205,212.9814107271406
1272229,25.013209964024856
1157017,25.013209964024856
1411198,77.03313137284691
1021195,49.13898965994467
1484282,227.93844508974954
1120782,54.552970886915695
1145895,54.552970886915695
1233303,54.552970886915695
1400324,89.70462824137277
1253143,89.70462824137277
1162775,89.70462824137277
1426156,45.66606664484248
1389854,45.66606664484248
1184046,45.66606664484248
1110240,230.20741914489903
1418797,77.03313137284691
1153933,77.03313137284691
1130157,33.151174695801714
1477958,33.151174695801714
1179950,309.17571821240165
1434483,309.17571821240165
1110568,270.2766389139939
1259611,267.02492723476183
1062494,267.02492723476183
1238695,267.02492723476183
1356980,54.672003768511395
1175779,69.80112009217684
1058670,69.80112009217684
1332114,256.0759837508135
1043320,256.0759837508135
1340375,76.45564088850853
1249769,72.91811059349153
1494941,72.91811059349153
1133750,72.91811059349153
1120606,1041.9174258812368
1022677,212.9814107271406
1187699,1041.9174258812368
1249408,72.91811059349153
1008063,72.91811059349153
1333009,83.72342200515234
1137703,83.72342200515234
1059370,83.72342200515234
1272535,48.767932021816485
1399479,48.767932021816485
1465309,33.151174695801714
1077335,212.9814107271406
1468203,270.39388162851657
1129604,212.9814107271406
1245854,25.013209964024856
1436228,25.013209964024856
1112488,256.0759837508135
1264507,256.0759837508135
1436339,358.0794382407501
1293650,54.552970886915695
1368515,54.552970886915695
1378544,54.552970886915695
1073128,89.70462824137277
1281460,89.70462824137277
1437209,89.70462824137277
1286860,45.66606664484248
1081645,267.02492723476183
1338150,77.03313137284691
1144418,77.03313137284691
1004909,33.4631605902943
1083789,33.151174695801714
1080382,33.151174695801714
1005118,309.17571821240165
1381948,309.17571821240165
1378136,270.2766389139939
1278339,679.6280553316877
1317396,679.6280553316877
1184923,679.6280553316877
1259989,131.92337591025642
1472975,69.80112009217684
1289710,69.80112009217684
1268258,380.42385538854455
1385320,380.42385538854455
1413560,679.6280553316877
1224718,161.42500067071174
1017207,161.42500067071174
1179559,72.91811059349153
1231053,1041.9174258812368
1278358,317.55939570701025
1263612,1041.9174258812368
1091196,72.91811059349153
1199578,72.91811059349153
1343601,72.91811059349153
1079074,178.513063500759
1427548,178.513063500759
1358859,178.513063500759
1048360,131.92337591025642
1091093,131.92337591025642
1411819,56.84953417431313
1158007,402.99267957661584
1239951,402.99267957661584
1144306,402.99267957661584
1155176,25.013209964024856
1056878,25.013209964024856
1044596,25.013209964024856
1183036,123.84940510274217
1179847,123.84940510274217
1390628,123.84940510274217
1323946,45.66606664484248
1142224,45.66606664484248
1255341,131.92337591025642
1143868,131.92337591025642
1212643,131.92337591025642
1278380,56.84953417431313
1276819,56.84953417431313
1226360,402.99267957661584
1213540,402.99267957661584
1261002,402.99267957661584
1436625,373.37273953705807
1455556,373.37273953705807
1436109,373.37273953705807
1182886,48.767932021816485
1153339,69.80112009217684
1462077,69.80112009217684
1400753,256.0759837508135
1193512,256.0759837508135
1064201,267.02492723476183
1292029,161.5938818171938
1197479,161.42500067071174
1154076,161.42500067071174
1429305,1041.9174258812368
1017949,212.9814107271406
1308904,1041.9174258812368
1054616,72.91811059349153
1336461,72.91811059349153
1477215,72.91811059349153
1118447,83.72342200515234
1222652,83.72342200515234
1498149,83.72342200515234
1422826,48.767932021816485
1404575,33.151174695801714
1141742,309.1097438937725
1284793,270.4663964279498
1003219,270.3361561994475
1380388,25.013209964024856
1399900,25.013209964024856
1201903,89.70462824137277
1382085,212.9814107271406
1441674,89.70462824137277
1262038,45.66606664484248
1010378,45.66606664484248
1487063,77.03313137284691
1443685,49.13898965994467
1244411,49.13898965994467
1369483,33.064874309659736
1490847,33.151174695801714
1490467,33.151174695801714
1044870,309.25859528339623
1289744,309.25859528339623
1061949,270.2189384224288
1272171,679.6280553316877
1480899,679.6280553316877
1354480,679.6280553316877
1057585,131.92337591025642
1195707,69.80112009217684
1407545,69.80112009217684
1007195,380.42385538854455
1264972,380.42385538854455
1210844,131.92337591025642
1421837,72.91811059349153
1193017,72.91811059349153
1177201,72.91811059349153
1475974,1041.9174258812368
1130779,317.55939570701025
1376448,1041.9174258812368
1272128,72.91811059349153
1335607,72.91811059349153
1118117,72.91811059349153
1334810,178.513063500759
1068682,178.513063500759
1186849,178.513063500759
1407222,131.92337591025642
1134658,131.92337591025642
1015386,56.84953417431313
1124283,317.55939570701025
1014743,402.99267957661584
1347615,317.55939570701025
1392905,25.013209964024856
1128418,25.013209964024856
1305760,25.013209964024856
1083760,380.42385538854455
1186898,380.42385538854455
1449211,380.42385538854455
1324623,54.552970886915695
1302530,54.552970886915695
1218656,54.552970886915695
1039345,123.84940510274217
1402997,123.84940510274217
1422513,123.84940510274217
1208218,45.66606664484248
1275681,45.66606664484248
1472006,45.66606664484248
1186697,131.92337591025642
1154063,131.92337591025642
1224020,131.92337591025642
1152499,56.84953417431313
1103403,56.84953417431313
1353870,56.84953417431313
1414869,402.99267957661584
1155592,402.99267957661584
1011328,402.99267957661584
1378346,373.37273953705807
1066271,267.02492723476183
1062630,267.02492723476183
1410177,48.767932021816485
1195022,69.80112009217684
1010516,256.0759837508135
1428344,256.0759837508135
1371092,267.02492723476183
1124696,72.91811059349153
1018683,72.91811059349153
1456057,72.91811059349153
1458824,1041.9174258812368
1181024,212.9814107271406
1041553,1041.9174258812368
1352708,83.72342200515234
1339747,83.72342200515234
1125745,83.72342200515234
1352343,48.767932021816485
1323021,48.767932021816485
1256515,212.9814107271406
1407628,270.39388162851657
1280384,212.9814107271406
1029916,25.013209964024856
1483078,49.13898965994467
1233562,256.0759837508135
1102011,256.0759837508135
1448582,54.552970886915695
1093908,54.552970886915695
1104503,89.70462824137277
1279361,89.70462824137277
1318960,89.70462824137277
1336959,45.66606664484248
1464277,267.02492723476183
1119422,77.03313137284691
1477480,77.03313137284691
1294471,33.064874309659736
1333133,33.151174695801714
1003275,33.151174695801714
1358488,309.17571821240165
1272288,309.17571821240165
1290825,270.2766389139939
1148958,679.6280553316877
1034980,679.6280553316877
1033802,679.6280553316877
1282516,131.92337591025642
1238630,69.80112009217684
1078562,69.80112009217684
1174713,380.42385538854455
1227991,380.42385538854455
1070798,131.92337591025642
1014190,72.91811059349153
1270138,72.91811059349153
1116321,72.91811059349153
1141964,1041.9174258812368
1203738,317.55939570701025
1065017,1041.9174258812368
1119638,72.91811059349153
1386092,72.91811059349153
1379280,72.91811059349153
1058705,178.513063500759
1231273,178.513063500759
1102466,178.513063500759
1498076,131.92337591025642
1354259,131.92337591025642
1215738,56.84953417431313
1029371,317.55939570701025
1302808,402.99267957661584
1152021,317.55939570701025
1041253,25.013209964024856
1453402,25.013209964024856
1352703,25.013209964024856
1455324,380.42385538854455
1231858,380.42385538854455
1169391,380.42385538854455
1035888,54.552970886915695
1148287,54.552970886915695
1490962,54.552970886915695
1470794,123.84940510274217
1188351,123.84940510274217
1176669,123.84940510274217
1278543,45.66606664484248
1306674,45.66606664484248
1213251,45.66606664484248
1372237,679.6280553316877
1095215,131.92337591025642
1038564,131.92337591025642
1001293,56.84953417431313
1487809,56.84953417431313
1318005,56.84953417431313
1253835,402.99267957661584
1460261,402.99267957661584
1207469,402.99267957661584
1430955,373.37273953705807
1016415,373.37273953705807
1336482,373.37273953705807
1231323,48.767932021816485
1187485,69.80112009217684
1438137,69.80112009217684
1306041,256.0759837508135
1267399,256.0759837508135
1339529,267.02492723476183
1408796,72.91811059349153
1427990,161.42500067071174
1109333,161.42500067071174
1100420,1041.9174258812368
1248988,212.9814107271406
1499126,1041.9174258812368
1366645,72.91811059349153
1262160,72.91811059349153
1290336,72.91811059349153
1381275,83.72342200515234
1029370,83.72342200515234
1037784,83.72342200515234
1457076,48.767932021816485
1445194,48.767932021816485
1047893,33.151174695801714
1058888,309.1097438937725
1003516,270.4663964279498
1156713,270.3361561994475
1147947,25.013209964024856
1480821,206.88397831927205
1197539,206.88397831927205
1463014,182.86622978738308
1397866,45.66606664484248
1337888,77.03313137284691
1032931,49.13898965994467
1219365,49.13898965994467
1225994,33.151174695801714
1175233,33.151174695801714
1245636,309.25859528339623
1160971,309.25859528339623
1096404,270.2189384224288
1265382,373.37273953705807
1233753,373.37273953705807
1066835,373.37273953705807
1333990,48.767932021816485
1086255,69.80112009217684
1429267,69.80112009217684
1478932,256.0759837508135
1402825,256.0759837508135
1072917,267.02492723476183
1336858,161.5938818171938
1149362,161.5938818171938
1004201,161.42500067071174
1117180,1041.9174258812368
1109936,212.9814107271406
1444093,1041.9174258812368
1361255,72.91811059349153
1471104,83.72342200515234
1129361,83.72342200515234
1081277,43.8592119123437
1473506,33.151174695801714
1182900,213.62577458661838
1132187,213.62577458661838
1370849,213.62577458661838
1087631,25.013209964024856
1163909,25.013209964024856
1204772,206.88397831927205
1051517,206.88397831927205
1470903,182.86622978738308
1385567,45.66606664484248
1094602,45.66606664484248
1457111,77.03313137284691
1271078,49.13898965994467
1175823,33.151174695801714
1107484,213.62577458661838
1033330,213.62577458661838
1036900,213.62577458661838
1265395,679.6280553316877
1115685,679.6280553316877
1247176,679.6280553316877
1247660,131.92337591025642
1076364,69.80112009217684
1095494,69.80112009217684
1113809,380.42385538854455
1419650,380.42385538854455
1333805,679.6280553316877
1206710,161.5938818171938
1022502,161.42500067071174
1291979,72.91811059349153
1317168,1041.9174258812368
1078618,317.55939570701025
1450557,1041.9174258812368
1011877,72.91811059349153
1239868,72.91811059349153
1144362,72.91811059349153
1386947,178.513063500759
1058015,178.513063500759
1376229,178.513063500759
1448172,131.92337591025642
1254766,131.92337591025642
1419727,56.84953417431313
1083350,402.99267957661584
1101167,402.99267957661584
1374924,402.99267957661584
1252536,25.013209964024856
1491332,25.013209964024856
1115069,25.013209964024856
1252042,123.84940510274217
1437847,307.7369094479718
1349037,269.0524879976676
1146776,45.66606664484248
1129044,45.66606664484248
1326556,45.66606664484248
1395845,131.92337591025642
1198342,131.92337591025642
1021990,131.92337591025642
1013880,56.84953417431313
1446348,56.84953417431313
1292973,56.84953417431313
1312218,402.99267957661584
1019977,402.99267957661584
1478596,402.99267957661584
1090267,195.89123127808176
1073679,195.89123127808176
1400541,195.89123127808176
1402219,48.767932021816485
1140444,69.80112009217684
1439582,69.80112009217684
1383383,193.96001242441147
1152503,193.89987933426218
1308270,193.96001242441147
1057569,161.42500067071174
1405278,161.42500067071174
1308475,161.42500067071174
1302806,1041.9174258812368
1149327,212.9814107271406
1458592,1041.9174258812368
1250578,83.72342200515234
1127512,48.767932021816485
1448129,48.767932021816485
1195583,213.62577458661838
1367936,213.62577458661838
1464628,213.62577458661838
1358064,89.70462824137277
1228578,89.70462824137277
1377631,89.70462824137277
1012556,45.66606664484248
1260468,49.13898965994467
1103936,33.151174695801714
1118263,33.151174695801714
1475103,213.62577458661838
1181549,213.62577458661838
1025123,213.62577458661838
1087645,367.66451142142944
1241826,367.66451142142944
1334372,367.66451142142944
1047720,69.80112009217684
1055325,69.80112009217684
1447963,254.25104551803662
1241704,254.25104551803662
1345238,264.80200255916003
1151767,161.42500067071174
1401894,72.91811059349153
1215801,72.91811059349153
1278451,1041.9174258812368
1141648,212.9814107271406
1354607,1041.9174258812368
1484480,83.72342200515234
1059653,48.767932021816485
1001642,48.767932021816485
1053728,33.151174695801714
1452906,213.62577458661838
1221849,213.62577458661838
1145823,213.62577458661838
1004738,89.70462824137277
1016959,89.70462824137277
1366403,89.70462824137277
1203040,45.66606664484248
1309434,45.66606664484248
1053095,49.13898965994467
1310215,49.13898965994467
1048023,33.151174695801714
1457241,33.151174695801714
1099744,33.151174695801714
1478797,213.62577458661838
1193167,213.62577458661838
1473418,213.62577458661838
1275478,679.6280553316877
1039279,679.6280553316877
1318303,679.6280553316877
1427008,25.013209964024856
1022602,69.80112009217684
1450331,380.42385538854455
1338401,380.42385538854455
1455095,131.92337591025642
1131015,72.91811059349153
1155753,72.91811059349153
1197521,72.91811059349153
1054831,1041.9174258812368
1491428,317.55939570701025
1082621,1041.9174258812368
1308127,72.91811059349153
1361172,72.91811059349153
1104604,72.91811059349153
1305125,178.513063500759
1263934,178.513063500759
1158859,131.92337591025642
1004511,131.92337591025642
1221347,56.84953417431313
1334054,317.55939570701025
1411737,402.99267957661584
1482143,317.55939570701025
1228789,25.013209964024856
1050306,25.013209964024856
1401916,380.42385538854455
1441346,380.42385538854455
1445719,380.42385538854455
1235133,54.552970886915695
1249510,54.552970886915695
1478651,54.552970886915695
1300102,123.84940510274217
1107407,123.84940510274217
1372954,123.84940510274217
1045292,45.66606664484248
1481458,45.66606664484248
1155654,45.66606664484248
1097352,679.6280553316877
1248066,131.92337591025642
1224671,131.92337591025642
1377389,56.84953417431313
1388621,56.84953417431313
1284250,56.84953417431313
1453398,317.55939570701025
1084227,317.55939570701025
1290361,402.99267957661584
1373220,198.93980261403385
1433003,198.93980261403385
1372767,198.93980261403385
1287686,48.767932021816485
1028205,69.80112009217684
1052382,69.80112009217684
1282473,195.35389498349699
1377962,195.29333196690015
1499594,76.45564088850853
1078682,72.91811059349153
1026597,72.91811059349153
1448378,72.91811059349153
1348608,1041.9174258812368
1380883,317.55939570701025
1058252,1041.9174258812368
1146079,72.91811059349153
1008284,72.91811059349153
1160822,83.72342200515234
1264778,83.72342200515234
1092978,48.767932021816485
1402934,48.767932021816485
1132690,33.151174695801714
1002344,317.55939570701025
1497180,270.3361561994475
1486344,317.55939570701025
1136665,25.013209964024856
1138281,195.35389498349699
1392733,195.29333196690015
1378391,54.552970886915695
1161473,54.552970886915695
1147410,54.552970886915695
1399769,123.84940510274217
1385630,123.84940510274217
1201050,123.84940510274217
1313140,45.66606664484248
1354197,45.66606664484248
1393791,195.59047953226295
1488767,77.03313137284691
1038860,77.03313137284691
1095582,33.064874309659736
1408529,33.151174695801714
1092603,33.151174695801714
1017195,309.1097438937725
1280096,309.1097438937725
1358278,270.2189384224288
1441493,288.606101623183
1197751,288.606101623183
1069003,288.606101623183
1318108,48.767932021816485
1224735,69.80112009217684
1375272,69.80112009217684
1130751,227.86783175737463
1407705,227.86783175737463
1319965,230.20741914489903
1129316,161.5938818171938
1312521,161.42500067071174
1377111,161.42500067071174
1448820,1041.9174258812368
1299718,317.55939570701025
1142258,1041.9174258812368
1274801,72.91811059349153
1261414,72.91811059349153
1441579,72.91811059349153
1485381,83.72342200515234
1078971,83.72342200515234
1311286,83.72342200515234
1130121,48.767932021816485
1108999,48.767932021816485
1072044,33.151174695801714
1351452,309.1097438937725
1149836,270.4663964279498
1327461,270.3361561994475
1407103,25.013209964024856
1004415,25.013209964024856
1063060,307.7369094479718
1409048,123.84940510274217
1088324,307.7369094479718
1436928,45.66606664484248
1469962,45.66606664484248
1322938,77.03313137284691
1463652,49.13898965994467
1403044,49.13898965994467
1308022,33.064874309659736
1336250,33.151174695801714
1475924,33.151174695801714
1399620,309.25859528339623
1470691,309.25859528339623
1062043,270.2189384224288
1320351,679.6280553316877
1321385,679.6280553316877
1076145,679.6280553316877
1067868,131.92337591025642
1246710,69.80112009217684
1478428,69.80112009217684
1300491,380.42385538854455
1117583,380.42385538854455
1045436,679.6280553316877
1046296,72.91811059349153
1003774,161.5938818171938
1193733,72.91811059349153
1071433,1041.9174258812368
1150635,317.55939570701025
1153606,1041.9174258812368
1463595,72.91811059349153
1121534,72.91811059349153
1338458,178.513063500759
1021248,178.513063500759
1456547,178.513063500759
1266338,131.92337591025642
1089876,131.92337591025642
1444468,56.84953417431313
1492727,402.99267957661584
1175015,402.99267957661584
1030093,402.99267957661584
1084128,25.013209964024856
1455454,25.013209964024856
1163122,123.84940510274217
1493963,123.84940510274217
1325195,123.84940510274217
1006757,45.66606664484248
1173623,45.66606664484248
1189411,45.66606664484248
1419046,131.92337591025642
1391368,131.92337591025642
1078393,131.92337591025642
1362930,56.84953417431313
1148432,56.84953417431313
1157952,402.99267957661584
1421823,402.99267957661584
1488675,402.99267957661584
1391279,367.66451142142944
1123390,367.66451142142944
1158789,367.66451142142944
1012009,48.767932021816485
1206547,69.80112009217684
1273403,254.25104551803662
1419767,254.25104551803662
1214712,264.80200255916003
1277314,161.42500067071174
1150833,72.91811059349153
1376099,72.91811059349153
1136598,1041.9174258812368
1313669,212.9814107271406
1438471,1041.9174258812368
1278279,72.91811059349153
1417791,72.91811059349153
1321591,83.72342200515234
1108806,83.72342200515234
1019410,48.767932021816485
1313151,43.8592119123437
1303625,213.62577458661838
1317487,213.62577458661838
1016408,213.62577458661838
1027573,25.013209964024856
1003495,25.013209964024856
1377489,89.70462824137277
1045441,182.86622978738308
1298833,182.86622978738308
1376616,45.66606664484248
1309094,45.66606664484248
1252943,77.03313137284691
1301397,49.13898965994467
1489870,49.13898965994467
1260253,33.064874309659736
1163508,33.151174695801714
1267023,33.151174695801714
1271281,213.62577458661838
1416108,213.62577458661838
1053239,213.62577458661838
1390157,679.6280553316877
1348210,679.6280553316877
1462354,679.6280553316877
1387628,69.80112009217684
1178750,69.80112009217684
1180221,380.42385538854455
1061083,380.42385538854455
1417395,131.92337591025642
1257964,72.91811059349153
1041421,72.91811059349153
1225370,72.91811059349153
1318708,1041.9174258812368
1298752,317.55939570701025
1006972,1041.9174258812368
1445613,72.91811059349153
1032032,72.91811059349153
1170276,178.513063500759
1261997,178.513063500759
1279926,178.513063500759
1320313,131.92337591025642
1069609,131.92337591025642
1188923,317.55939570701025
1277137,272.88324961034596
1321083,317.55939570701025
1299500,25.013209964024856
1404104,25.013209964024856
1431655,25.013209964024856
1166438,380.42385538854455
1294970,380.42385538854455
1087179,380.42385538854455
1488501,54.552970886915695
1245834,54.552970886915695
1415414,54.552970886915695
1138532,123.84940510274217
1423702,123.84940510274217
1263294,123.84940510274217
1250143,45.66606664484248
1119650,45.66606664484248
1278069,45.66606664484248
1199102,679.6280553316877
1433450,131.92337591025642
1360725,131.92337591025642
1057764,56.84953417431313
1402432,56.84953417431313
1107519,56.84953417431313
1478678,311.8311780426093
1359424,311.8311780426093
1319711,272.88324961034596
1350440,679.6280553316877
1121390,679.6280553316877
1092107,679.6280553316877
1207162,131.92337591025642
1336861,69.80112009217684
1458020,69.80112009217684
1261440,380.42385538854455
1440417,380.42385538854455
1369957,131.92337591025642
1027398,72.91811059349153
1390864,72.91811059349153
1293914,72.91811059349153
1230230,1041.9174258812368
1341098,317.55939570701025
1178578,1041.9174258812368
1141469,72.91811059349153
1468396,72.91811059349153
1254335,178.513063500759
1225773,178.513063500759
1252882,178.513063500759
1100845,131.92337591025642
1306213,131.92337591025642
1482036,56.84953417431313
1200300,317.55939570701025
1374065,402.99267957661584
1271122,317.55939570701025
1305187,25.013209964024856
1090327,25.013209964024856
1246152,380.42385538854455
1001624,131.92337591025642
1480765,131.92337591025642
1066825,54.552970886915695
1015288,54.552970886915695
1081486,54.552970886915695
1371099,123.84940510274217
1487942,123.84940510274217
1013085,123.84940510274217
1325274,45.66606664484248
1055267,45.66606664484248
1416809,679.6280553316877
1186368,131.92337591025642
1266540,131.92337591025642
1422131,56.84953417431313
1363863,56.84953417431313
1495820,56.84953417431313
1222905,402.99267957661584
1009810,402.99267957661584
1071035,402.99267957661584
1406416,373.37273953705807
1444150,373.37273953705807
1494124,373.37273953705807
1168659,48.767932021816485
1286139,69.80112009217684
1231162,69.80112009217684
1221143,256.0759837508135
1176218,256.0759837508135
1059042,267.02492723476183
1389884,161.42500067071174
1049469,161.5938818171938
1242586,161.42500067071174
1015970,1041.9174258812368
1064484,317.55939570701025
1038111,1041.9174258812368
1285831,72.91811059349153
1364225,72.91811059349153
1129487,72.91811059349153
1464242,178.513063500759
1084752,178.513063500759
1473103,178.513063500759
1453188,48.767932021816485
1261427,48.767932021816485
1061284,33.151174695801714
1102764,309.17571821240165
1294005,270.52414956498524
1225617,270.39388162851657
1307102,25.013209964024856
1310837,25.013209964024856
1467768,307.7369094479718
1365592,269.0524879976676
1455529,269.0524879976676
1059264,45.66606664484248
1187206,45.66606664484248
1369804,45.66606664484248
1020464,77.03313137284691
1151202,49.13898965994467
1044974,49.13898965994467
1019963,33.151174695801714
1286451,33.151174695801714
1196193,309.3246012694244
1403823,309.3246012694244
1141787,270.2766389139939
1140787,201.93506461957222
1386731,201.99767683142636
1185269,201.99767683142636
1070733,48.767932021816485
1358238,69.80112009217684
1374634,69.80112009217684
1231736,198.2954371556617
1484430,198.23396685547178
1132084,198.47402156969744
1102829,161.42500067071174
1074575,161.5938818171938
1213359,161.42500067071174
1076907,1041.9174258812368
1112824,212.9814107271406
1145862,1041.9174258812368
1062790,83.72342200515234
1459860,83.72342200515234
1487956,48.767932021816485
1397812,48.767932021816485
1062078,309.17571821240165
1137097,270.52414956498524
1235291,270.39388162851657
1158661,206.88397831927205
1003459,89.70462824137277
1009290,182.86622978738308
1365045,45.66606664484248
1280225,45.66606664484248
1088169,45.66606664484248
1444995,77.03313137284691
1056805,49.13898965994467
1300033,49.13898965994467
1140262,43.8592119123437
1119152,33.064874309659736
1044920,309.3246012694244
1212779,309.3246012694244
1093377,270.2766389139939
1217360,195.89123127808176
1003099,195.1244002063272
1219726,195.06390797465693
1406018,69.80112009217684
1094927,69.80112009217684
1479236,193.89987933426218
1080862,193.96001242441147
1281752,76.45564088850853
1089147,72.91811059349153
1341774,72.91811059349153
1474431,1041.9174258812368
1130649,212.9814107271406
1217371,1041.9174258812368
1137736,48.767932021816485
1027368,212.9814107271406
1172089,213.62577458661838
1398163,212.9814107271406
1260541,89.70462824137277
1038509,89.70462824137277
1003218,89.70462824137277
1345723,193.89987933426218
1026349,77.03313137284691
1446915,33.151174695801714
1059984,213.62577458661838
1030243,213.62577458661838
1352929,213.62577458661838
1203405,267.02492723476183
1362484,267.02492723476183
1188982,267.02492723476183
1305994,48.767932021816485
1267654,69.80112009217684
1127538,69.80112009217684
1366788,256.0759837508135
1340261,256.0759837508135
1278100,76.45564088850853
1002461,72.91811059349153
1284086,72.91811059349153
1362854,72.91811059349153
1248475,1041.9174258812368
1026803,317.55939570701025
1014169,1041.9174258812368
1040562,72.91811059349153
1264727,72.91811059349153
1047128,72.91811059349153
1091740,83.72342200515234
1018252,83.72342200515234
1239853,83.72342200515234
1246091,48.767932021816485
1052692,48.767932021816485
1366131,33.151174695801714
1193051,317.55939570701025
1185489,270.3361561994475
1009193,317.55939570701025
1457172,25.013209964024856
1032783,25.013209964024856
1096378,25.013209964024856
1083483,49.13898965994467
1377335,256.0759837508135
1233397,256.0759837508135
1263028,54.552970886915695
1002286,54.552970886915695
1177408,54.552970886915695
1009321,123.84940510274217
1327372,123.84940510274217
1444981,123.84940510274217
1447555,45.66606664484248
1347087,267.02492723476183
1433295,77.03313137284691
1227977,77.03313137284691
1428803,33.064874309659736
1069118,33.151174695801714
1280515,33.151174695801714
1275321,309.1097438937725
1320888,309.1097438937725
1211469,270.2189384224288
1043759,544.6612396300808
1274476,544.6612396300808
1015306,544.6612396300808
1226202,131.92337591025642
1269436,69.80112009217684
1392516,69.80112009217684
1175181,333.7600423838407
1394002,333.6567896421292
1100145,523.3238485362073
1405173,161.42500067071174
1431128,161.42500067071174
1168290,1041.9174258812368
1097457,317.55939570701025
1251813,1041.9174258812368
1290508,72.91811059349153
1250530,72.91811059349153
1065521,72.91811059349153
1028235,178.513063500759
1120159,178.513063500759
1201924,178.513063500759
1387218,131.92337591025642
1385976,131.92337591025642
1492576,33.151174695801714
1457102,309.17571821240165
1225246,270.52414956498524
1137692,270.39388162851657
1097664,25.013209964024856
1423762,25.013209964024856
1486936,269.0524879976676
1036363,307.7369094479718
1089895,269.0524879976676
1073741,45.66606664484248
1264314,45.66606664484248
1330214,45.66606664484248
1494999,131.92337591025642
1344550,131.92337591025642
1124700,131.92337591025642
1242539,33.064874309659736
1084372,33.151174695801714
1008109,33.151174695801714
1020796,309.3246012694244
1248932,309.3246012694244
1259305,270.2766389139939
1339799,679.6280553316877
1265496,679.6280553316877
1210302,679.6280553316877
1345540,131.92337591025642
1396943,69.80112009217684
1229906,69.80112009217684
1309747,380.42385538854455
1150824,380.42385538854455
1105714,131.92337591025642
1464884,72.91811059349153
1050711,72.91811059349153
1126149,72.91811059349153
1406813,1041.9174258812368
1276366,317.55939570701025
1065859,1041.9174258812368
1047034,72.91811059349153
1322050,72.91811059349153
1218824,72.91811059349153
1125271,178.513063500759
1146788,178.513063500759
1290290,178.513063500759
1312333,131.92337591025642
1290649,56.84953417431313
1445173,317.55939570701025
1162336,272.88324961034596
1428418,317.55939570701025
1178671,25.013209964024856
1165681,25.013209964024856
1322633,25.013209964024856
1022676,380.42385538854455
1182203,380.42385538854455
1477854,380.42385538854455
1078258,54.552970886915695
1459447,54.552970886915695
1414710,54.552970886915695
1163586,123.84940510274217
1354271,123.84940510274217
1435587,123.84940510274217
1235730,45.66606664484248
1430653,45.66606664484248
1356816,679.6280553316877
1249459,131.92337591025642
1383696,131.92337591025642
1473273,56.84953417431313
1156239,56.84953417431313
1080833,56.84953417431313
1357643,311.8311780426093
1066858,311.8311780426093
1136298,272.88324961034596
1204001,195.89123127808176
1268214,195.89123127808176
1432435,195.89123127808176
1087869,48.767932021816485
1294285,69.80112009217684
1447542,69.80112009217684
1219752,193.89987933426218
1463585,193.89987933426218
1399354,193.89987933426218
1083258,161.5938818171938
1348027,72.91811059349153
1073296,1041.9174258812368
1218259,212.9814107271406
1055166,1041.9174258812368
1048344,72.91811059349153
1279293,83.72342200515234
1429858,83.72342200515234
1377616,83.72342200515234
1077316,48.767932021816485
1020593,33.151174695801714
1374566,213.62577458661838
1174458,213.62577458661838
1292317,213.62577458661838
1109552,206.88397831927205
1020570,182.86622978738308
1131507,206.88397831927205
1364412,45.66606664484248
1095570,49.13898965994467
1349089,49.13898965994467
1099027,33.064874309659736
1483921,33.151174695801714
1356018,33.151174695801714
1425677,213.62577458661838
1234948,213.62577458661838
1228845,213.62577458661838
1312925,293.2109544210327
1409045,264.80200255916003
1407711,264.80200255916003
1384843,48.767932021816485
1404814,69.80112009217684
1152733,69.80112009217684
1307351,254.25104551803662
1338165,254.25104551803662
1489624,76.45564088850853
1125254,72.91811059349153
1038042,72.91811059349153
1420115,72.91811059349153
1349422,1041.9174258812368
1284712,212.9814107271406
1210696,1041.9174258812368
1412353,72.91811059349153
1392645,72.91811059349153
1384949,83.72342200515234
1188626,83.72342200515234
1066079,48.767932021816485
1162285,48.767932021816485
1492538,33.151174695801714
1402415,212.9814107271406
1019929,213.62577458661838
1459986,212.9814107271406
1451930,25.013209964024856
1221659,254.25104551803662
1070154,254.25104551803662
1222153,254.25104551803662
1217690,54.552970886915695
1207164,54.552970886915695
1196535,89.70462824137277
1271370,89.70462824137277
1362696,89.70462824137277
1115930,45.66606664484248
1081422,45.66606664484248
1178109,264.80200255916003
1381479,77.03313137284691
1262482,77.03313137284691
1406669,33.064874309659736
1066635,33.151174695801714
1393223,33.151174695801714
1203426,213.62577458661838
1422405,213.62577458661838
1491431,213.62577458661838
1499374,679.6280553316877
1388656,679.6280553316877
1367962,679.6280553316877
1126025,131.92337591025642
1222999,69.80112009217684
1334149,69.80112009217684
1372970,380.42385538854455
1051921,380.42385538854455
1118718,131.92337591025642
1019197,72.91811059349153
1163736,72.91811059349153
1490537,72.91811059349153
1421037,1041.9174258812368
1369165,317.55939570701025
1479853,1041.9174258812368
1347737,72.91811059349153
1224591,72.91811059349153
1401547,178.513063500759
1003132,178.513063500759
1067886,178.513063500759
1021448,131.92337591025642
1146229,131.92337591025642
1150462,56.84953417431313
1164569,317.55939570701025
1381797,272.88324961034596
1165069,317.55939570701025
1314459,25.013209964024856
1120011,25.013209964024856
1252492,380.42385538854455
1497593,131.92337591025642
1256423,380.42385538854455
1498061,54.552970886915695
1468554,54.552970886915695
1394553,54.552970886915695
1038405,123.84940510274217
1092384,123.84940510274217
1214548,123.84940510274217
1316602,45.66606664484248
1149305,45.66606664484248
1376882,45.66606664484248
1402905,679.6280553316877
1265562,131.92337591025642
1471607,131.92337591025642
1207514,56.84953417431313
1233077,56.84953417431313
1099116,56.84953417431313
1312179,311.8311780426093
1335106,311.8311780426093
1473304,272.88324961034596
1135009,195.95197876648706
1317384,195.89123127808176
1371779,195.95197876648706
1240938,193.96001242441147
1220537,193.96001242441147
1268409,193.96001242441147
1090433,72.91811059349153
1430511,161.5938818171938
1466400,72.91811059349153
1255779,1041.9174258812368
1359285,212.9814107271406
1497401,1041.9174258812368
1158034,83.72342200515234
1175348,48.767932021816485
1398779,48.767932021816485
1416593,213.62577458661838
1117008,1041.9174258812368
1422410,213.62577458661838
1438434,206.88397831927205
1289002,182.86622978738308
1304131,182.86622978738308
1039804,45.66606664484248
1401112,49.13898965994467
1076970,49.13898965994467
1497233,33.151174695801714
1095800,43.97285881075489
1141220,213.62577458661838
1216862,213.62577458661838
1291354,213.62577458661838
1318829,679.6280553316877
1105567,679.6280553316877
1024334,679.6280553316877
1082784,131.92337591025642
1221554,69.80112009217684
1250142,69.80112009217684
1484156,380.42385538854455
1370080,380.42385538854455
1401067,679.6280553316877
1499403,72.91811059349153
1319124,72.91811059349153
1294205,1041.9174258812368
1428427,317.55939570701025
1034494,1041.9174258812368
1012741,72.91811059349153
1222552,72.91811059349153
1176172,72.91811059349153
1180274,178.513063500759
1006679,178.513063500759
1321317,131.92337591025642
1330192,131.92337591025642
1345103,56.84953417431313
1192637,402.99267957661584
1014260,402.99267957661584
1349532,402.99267957661584
1042609,25.013209964024856
1336011,25.013209964024856
1336430,25.013209964024856
1006871,123.84940510274217
1247718,123.84940510274217
1329337,123.84940510274217
1471915,45.66606664484248
1412206,45.66606664484248
1206173,45.66606664484248
1342026,131.92337591025642
1220665,131.92337591025642
1442420,131.92337591025642
1005888,56.84953417431313
1431479,56.84953417431313
1412678,56.84953417431313
1451172,402.99267957661584
1209243,402.99267957661584
1118231,402.99267957661584
1436925,373.37273953705807
1177213,373.37273953705807
1393892,373.37273953705807
1293688,48.767932021816485
1430451,69.80112009217684
1257915,69.80112009217684
1260361,256.0759837508135
1350360,256.0759837508135
1250071,267.02492723476183
1005203,72.91811059349153
1002038,161.5938818171938
1495941,72.91811059349153
1129879,1041.9174258812368
1480310,212.9814107271406
1411866,1041.9174258812368
1476353,83.72342200515234
1308065,83.72342200515234
1036112,83.72342200515234
1470282,48.767932021816485
1202024,48.767932021816485
1083569,213.62577458661838
1469153,213.62577458661838
1449624,213.62577458661838
1198904,89.70462824137277
1159627,89.70462824137277
1452753,89.70462824137277
1413299,45.66606664484248
1007084,45.66606664484248
1231412,77.03313137284691
1378037,49.13898965994467
1297445,49.13898965994467
1438160,33.151174695801714
1483101,33.151174695801714
1480060,213.62577458661838
1016113,213.62577458661838
1162379,213.62577458661838
1091288,679.6280553316877
1372964,679.6280553316877
1066331,679.6280553316877
1005212,131.92337591025642
1394276,69.80112009217684
1293724,69.80112009217684
1265135,380.42385538854455
1202745,380.42385538854455
1475054,131.92337591025642
1396314,72.91811059349153
1367644,72.91811059349153
1201373,72.91811059349153
1190458,1041.9174258812368
1032122,317.55939570701025
1076725,1041.9174258812368
1064096,72.91811059349153
1163018,72.91811059349153
1375223,178.513063500759
1301717,178.513063500759
1428980,178.513063500759
1100342,131.92337591025642
1343359,131.92337591025642
1423280,317.55939570701025
1169225,402.99267957661584
1465986,317.55939570701025
1270442,25.013209964024856
1265514,25.013209964024856
1177336,25.013209964024856
1429672,380.42385538854455
1257683,131.92337591025642
1045236,54.552970886915695
1427198,54.552970886915695
1363750,54.552970886915695
1354562,123.84940510274217
1361686,123.84940510274217
1403738,123.84940510274217
1223276,45.66606664484248
1346354,45.66606664484248
1090120,45.66606664484248
1131741,679.6280553316877
1170391,131.92337591025642
1396714,131.92337591025642
1476267,56.84953417431313
1239629,56.84953417431313
1209622,56.84953417431313
1045618,402.99267957661584
1095815,402.99267957661584
1091233,402.99267957661584
1398418,373.37273953705807
1179336,373.37273953705807
1358912,373.37273953705807
1079072,48.767932021816485
1117169,69.80112009217684
1368745,69.80112009217684
1303163,256.0759837508135
1049813,256.0759837508135
1188565,267.02492723476183
1457380,161.42500067071174
1218111,72.91811059349153
1102916,161.42500067071174
1097127,1041.9174258812368
1165065,317.55939570701025
1120074,1041.9174258812368
1028018,72.91811059349153
1074971,72.91811059349153
1257808,72.91811059349153
1214676,178.513063500759
1433675,178.513063500759
1175443,33.064874309659736
1175194,48.767932021816485
1099840,33.151174695801714
1466306,309.17571821240165
1440825,270.52414956498524
1486783,270.52414956498524
1322331,25.013209964024856
1036614,269.0524879976676
1069991,307.7369094479718
1198552,45.66606664484248
1033486,45.66606664484248
1161969,45.66606664484248
1181346,77.03313137284691
1019871,49.13898965994467
1370409,49.13898965994467
1090001,43.8592119123437
1395107,33.151174695801714
1329672,309.3246012694244
1493176,309.3246012694244
1010051,270.2766389139939
1194947,373.37273953705807
1195282,373.37273953705807
1393742,373.37273953705807
1490790,48.767932021816485
1296401,69.80112009217684
1143282,69.80112009217684
1257007,256.0759837508135
1198928,256.0759837508135
1415350,267.02492723476183
1034989,161.5938818171938
1470064,161.5938818171938
1485813,72.91811059349153
1216593,1041.9174258812368
1090739,317.55939570701025
1331772,1041.9174258812368
1467724,72.91811059349153
1319892,83.72342200515234
1296548,83.72342200515234
1057687,83.72342200515234
1006400,48.767932021816485
1202321,43.97285881075489
1232693,309.17571821240165
1088390,270.52414956498524
1047164,270.52414956498524
1414441,25.013209964024856
1464530,25.013209964024856
1158989,269.0524879976676
1218556,307.7369094479718
1063924,269.0524879976676
1386823,45.66606664484248
1428090,45.66606664484248
1080853,77.03313137284691
1296610,49.13898965994467
1425926,49.13898965994467
1057655,43.8592119123437
1260202,43.97285881075489
1211375,33.151174695801714
1357283,309.3246012694244
1317270,309.3246012694244
1158796,270.2766389139939
1441531,679.6280553316877
1376392,679.6280553316877
1402391,679.6280553316877
1241852,131.92337591025642
1105602,69.80112009217684
1237714,69.80112009217684
1470264,380.42385538854455
1372047,380.42385538854455
1364017,679.6280553316877
1427606,161.42500067071174
1149679,72.91811059349153
1434019,161.42500067071174
1463479,1041.9174258812368
1160547,317.55939570701025
1476899,1041.9174258812368
1062579,178.513063500759
1167403,178.513063500759
1000831,178.513063500759
1405691,131.92337591025642
1051395,56.84953417431313
1110076,311.8311780426093
1221115,272.88324961034596
1146209,272.88324961034596
1400354,25.013209964024856
1270581,123.84940510274217
1013331,123.84940510274217
1455897,123.84940510274217
1053982,45.66606664484248
1273228,131.92337591025642
1449458,131.92337591025642
1364328,131.92337591025642
1058319,56.84953417431313
1080543,56.84953417431313
1185785,311.8311780426093
1241404,311.8311780426093
1444450,272.88324961034596
1248805,373.37273953705807
1287664,373.37273953705807
1425745,373.37273953705807
1295803,48.767932021816485
1188988,69.80112009217684
1218721,69.80112009217684
1110021,256.0759837508135
1403828,256.0759837508135
1453489,267.02492723476183
1356071,161.42500067071174
1462466,161.42500067071174
1184862,161.5938818171938
1242154,1041.9174258812368
1064732,212.9814107271406
1359636,1041.9174258812368
1273778,72.91811059349153
1034465,72.91811059349153
1047182,72.91811059349153
1279658,83.72342200515234
1068315,83.72342200515234
1002703,83.72342200515234
1192767,48.767932021816485
1153423,48.767932021816485
1104076,309.1097438937725
1372175,270.3361561994475
1484666,270.3361561994475
1074808,25.013209964024856
1499791,89.70462824137277
1012199,89.70462824137277
1371072,89.70462824137277
1337833,45.66606664484248
1499597,45.66606664484248
1152640,45.66606664484248
1152832,77.03313137284691
1248367,49.13898965994467
1311195,49.13898965994467
1003603,33.151174695801714
1491649,33.151174695801714
1275758,33.064874309659736
1145855,309.1097438937725
1128983,309.1097438937725
1358834,270.2189384224288
1050090,198.8408231880495
1258870,198.8408231880495
1498242,198.8408231880495
1265747,48.767932021816485
1320063,69.80112009217684
1440934,69.80112009217684
1375670,196.81963916107793
1468147,196.88067309416985
1335661,76.45564088850853
1203802,72.91811059349153
1287827,72.91811059349153
1151671,72.91811059349153
1198647,1041.9174258812368
1321983,212.9814107271406
1416169,1041.9174258812368
1097142,83.72342200515234
1475252,33.151174695801714
1047283,212.9814107271406
1469473,213.62577458661838
1017174,212.9814107271406
1142069,25.013209964024856
1411642,25.013209964024856
1055911,77.03313137284691
1005047,196.81963916107793
1215030,54.552970886915695
1165272,54.552970886915695
1238585,54.552970886915695
1214927,89.70462824137277
1344687,89.70462824137277
1288267,89.70462824137277
1013447,45.66606664484248
1472670,45.66606664484248
1079013,196.81963916107793
1238444,77.03313137284691
1107036,77.03313137284691
1478036,43.97285881075489
1003011,33.151174695801714
1165858,213.62577458661838
1142725,213.62577458661838
1438722,213.62577458661838
1348564,267.02492723476183
1082397,267.02492723476183
1170464,267.02492723476183
1279071,48.767932021816485
1454242,69.80112009217684
1374880,69.80112009217684
1160529,256.0759837508135
1282205,256.0759837508135
1282979,76.45564088850853
1445857,72.91811059349153
1300957,72.91811059349153
1145685,72.91811059349153
1313316,1041.9174258812368
1107810,212.9814107271406
1027173,1041.9174258812368
1364840,72.91811059349153
1399020,83.72342200515234
1192491,83.72342200515234
1326790,83.72342200515234
1188764,48.767932021816485
1406673,48.767932021816485
1294357,212.9814107271406
1228266,213.62577458661838
1488677,212.9814107271406
1424179,25.013209964024856
1429867,25.013209964024856
1083778,256.0759837508135
1412339,358.0794382407501
1309019,77.03313137284691
1429369,54.552970886915695
1023764,54.552970886915695
1235639,89.70462824137277
1161715,89.70462824137277
1034811,89.70462824137277
1297084,45.66606664484248
1263867,45.66606664484248
1207706,267.02492723476183
1495277,77.03313137284691
1274689,77.03313137284691
1473386,40.139604277765535
1396008,33.151174695801714
1352957,33.151174695801714
1175539,213.62577458661838
1208032,213.62577458661838
1139998,213.62577458661838
1345370,267.02492723476183
1468915,267.02492723476183
1412517,267.02492723476183
1235360,48.767932021816485
1115937,69.80112009217684
1414341,69.80112009217684
1150150,256.0759837508135
1222246,256.0759837508135
1062556,76.45564088850853
1389391,72.91811059349153
1462187,72.91811059349153
1477781,72.91811059349153
1307721,1041.9174258812368
1086764,212.9814107271406
1274608,1041.9174258812368
1385813,72.91811059349153
1152269,72.91811059349153
1293693,83.72342200515234
1079050,83.72342200515234
1268557,83.72342200515234
1028423,48.767932021816485
1354486,48.767932021816485
1439681,33.151174695801714
1100265,212.9814107271406
1288951,270.3361561994475
1050581,212.9814107271406
1115528,25.013209964024856
1294502,256.0759837508135
1337744,49.13898965994467
1430822,256.0759837508135
1367941,54.552970886915695
1088086,54.552970886915695
1022421,54.552970886915695
1065633,89.70462824137277
1475975,89.70462824137277
1301966,89.70462824137277
1179522,45.66606664484248
1452915,45.66606664484248
1337074,267.02492723476183
1411597,77.03313137284691
1485280,77.03313137284691
1228135,33.064874309659736
1123336,33.151174695801714
1452081,33.151174695801714
1434384,309.1097438937725
1377169,309.1097438937725
1417530,270.2189384224288
1468795,198.8408231880495
1425915,198.8408231880495
1448266,198.9024807235865
1103610,48.767932021816485
1443467,69.80112009217684
1431006,69.80112009217684
1249754,196.81963916107793
1456297,196.81963916107793
1143869,196.81963916107793
1402368,161.42500067071174
1480810,161.5938818171938
1235695,72.91811059349153
1126918,1041.9174258812368
1204193,212.9814107271406
1363689,1041.9174258812368
1171147,83.72342200515234
1069813,83.72342200515234
1162341,48.767932021816485
1322932,213.62577458661838
1299021,213.62577458661838
1285582,213.62577458661838
1129549,89.70462824137277
1464589,89.70462824137277
1076755,182.86622978738308
1032540,45.66606664484248
1309956,77.03313137284691
1216773,49.13898965994467
1310608,33.151174695801714
1398185,33.151174695801714
1406628,213.62577458661838
1109214,213.62577458661838
1359148,213.62577458661838
1299390,292.85397451262736
1204365,292.85397451262736
1089056,292.9446382298154
1046942,48.767932021816485
1095830,69.80112009217684
1225650,69.80112009217684
1294270,231.29645933322587
1078691,231.3681305111564
1136158,233.74349948823001
1043837,161.42500067071174
1163684,72.91811059349153
1027819,72.91811059349153
1191824,1041.9174258812368
1308807,212.9814107271406
1328774,1041.9174258812368
1169581,72.91811059349153
1430856,83.72342200515234
1175333,83.72342200515234
1270294,83.72342200515234
1321137,48.767932021816485
1283691,48.767932021816485
1370005,309.17571821240165
1262025,270.52414956498524
1259435,270.39388162851657
1166622,25.013209964024856
1383858,25.013209964024856
1427098,25.013209964024856
1285859,89.70462824137277
1440743,206.88397831927205
1062420,206.88397831927205
1462136,45.66606664484248
1009784,45.66606664484248
1486013,45.66606664484248
1399286,77.03313137284691
1147901,49.13898965994467
1344150,49.13898965994467
1070037,33.064874309659736
1222949,33.151174695801714
1215011,33.151174695801714
1198959,309.3246012694244
1188527,309.3246012694244
1346714,270.2766389139939
1482630,373.37273953705807
1448107,373.37273953705807
1205567,48.767932021816485
1082757,69.80112009217684
1215876,69.80112009217684
1225833,256.0759837508135
1044380,256.0759837508135
1205384,267.02492723476183
1461502,161.42500067071174
1119781,161.5938818171938
1139984,161.5938818171938
1460556,1041.9174258812368
1188459,317.55939570701025
1389266,1041.9174258812368
1108124,72.91811059349153
1491489,72.91811059349153
1049062,83.72342200515234
1075576,83.72342200515234
1477670,83.72342200515234
1272908,48.767932021816485
1038889,48.767932021816485
1028380,33.151174695801714
1107037,309.1097438937725
1334397,270.4663964279498
1457455,270.3361561994475
1058761,25.013209964024856
1130814,307.7369094479718
1044631,123.84940510274217
1344808,269.0524879976676
1038504,45.66606664484248
1329960,45.66606664484248
1296351,45.66606664484248
1019539,77.03313137284691
1387986,49.13898965994467
1476397,49.13898965994467
1167804,33.064874309659736
1136777,33.151174695801714
1035417,33.151174695801714
1064599,309.25859528339623
1499642,309.25859528339623
1416036,270.2189384224288
1458201,198.93980261403385
1474894,198.93980261403385
1306179,199.00149068801363
1002169,69.80112009217684
1240731,69.80112009217684
1308479,195.29333196690015
1430344,195.29333196690015
1427461,195.52984354398447
1180427,161.42500067071174
1084840,161.42500067071174
1339628,161.5938818171938
1483668,1041.9174258812368
1200166,212.9814107271406
1186410,1041.9174258812368
1483138,83.72342200515234
1028424,83.72342200515234
1011434,48.767932021816485
1476698,48.767932021816485
1212467,33.151174695801714
1072033,213.62577458661838
1355242,213.62577458661838
1271881,213.62577458661838
1002006,25.013209964024856
1278449,25.013209964024856
1353206,89.70462824137277
1459848,89.70462824137277
1164315,89.70462824137277
1310332,45.66606664484248
1259442,49.13898965994467
1040715,49.13898965994467
1357297,33.151174695801714
1215083,33.151174695801714
1459079,213.62577458661838
1133258,213.62577458661838
1051624,213.62577458661838
1189364,373.37273953705807
1237197,373.37273953705807
1344039,373.37273953705807
1228340,48.767932021816485
1418384,69.80112009217684
1423901,69.80112009217684
1034918,256.0759837508135
1102692,256.0759837508135
1392759,267.02492723476183
1478254,161.5938818171938
1429232,161.42500067071174
1114780,72.91811059349153
1479658,1041.9174258812368
1080730,544.9287496724291
1455182,1041.9174258812368
1282860,72.91811059349153
1101343,72.91811059349153
1431812,83.72342200515234
1196870,83.72342200515234
1255092,83.72342200515234
1459340,48.767932021816485
1303994,33.151174695801714
1180844,309.1097438937725
1229053,270.4663964279498
1115522,270.3361561994475
1416387,25.013209964024856
1175969,307.7369094479718
1264512,269.0524879976676
1101602,307.7369094479718
1364974,77.03313137284691
1099346,49.13898965994467
1405795,49.13898965994467
1496382,33.151174695801714
1175684,33.151174695801714
1142788,309.25859528339623
1295041,309.25859528339623
1077288,270.2189384224288
1366421,679.6280553316877
1492620,679.6280553316877
1075788,679.6280553316877
1382213,131.92337591025642
1182796,69.80112009217684
1282019,69.80112009217684
1122837,380.42385538854455
1273607,380.42385538854455
1110475,679.6280553316877
1136800,72.91811059349153
1160516,161.42500067071174
1417174,161.42500067071174
1413077,1041.9174258812368
1045457,317.55939570701025
1015514,1041.9174258812368
1013966,72.91811059349153
1429994,72.91811059349153
1119395,178.513063500759
1329624,178.513063500759
1103849,178.513063500759
1345178,131.92337591025642
1155905,131.92337591025642
1294097,56.84953417431313
1343829,402.99267957661584
1266359,402.99267957661584
1207533,402.99267957661584
1138260,25.013209964024856
1112094,25.013209964024856
1323908,123.84940510274217
1085482,123.84940510274217
1409991,123.84940510274217
1492673,45.66606664484248
1175740,131.92337591025642
1395167,131.92337591025642
1199340,131.92337591025642
1418919,56.84953417431313
1377719,56.84953417431313
1194437,402.99267957661584
1130416,402.99267957661584
1280840,402.99267957661584
1004386,679.6280553316877
1184922,679.6280553316877
1100507,679.6280553316877
1252468,131.92337591025642
1477986,69.80112009217684
1214733,69.80112009217684
1339069,380.42385538854455
1496763,380.42385538854455
1104288,131.92337591025642
1448727,72.91811059349153
1109352,72.91811059349153
1064194,72.91811059349153
1442423,1041.9174258812368
1312594,317.55939570701025
1158066,1041.9174258812368
1055289,72.91811059349153
1289858,72.91811059349153
1264890,178.513063500759
1334387,178.513063500759
1240059,178.513063500759
1182924,131.92337591025642
1446920,56.84953417431313
1421718,317.55939570701025
1154848,402.99267957661584
1498872,317.55939570701025
1266223,25.013209964024856
1098357,380.42385538854455
1125038,380.42385538854455
1090346,380.42385538854455
1284544,54.552970886915695
1291460,54.552970886915695
1071892,54.552970886915695
1486367,123.84940510274217
1468541,123.84940510274217
1412731,123.84940510274217
1128321,45.66606664484248
1161914,45.66606664484248
1201367,45.66606664484248
1135041,679.6280553316877
1107151,131.92337591025642
1024822,131.92337591025642
1231986,56.84953417431313
1288363,56.84953417431313
1437468,56.84953417431313
1440190,402.99267957661584
1408826,402.99267957661584
1370307,402.99267957661584
1054840,288.606101623183
1202900,288.606101623183
1095838,288.51677607585594
1367860,48.767932021816485
1327389,69.80112009217684
1022457,69.80112009217684
1149165,227.93844508974954
1233718,227.86783175737463
1247242,230.2787543177377
1402904,72.91811059349153
1142998,72.91811059349153
1092728,72.91811059349153
1045267,1041.9174258812368
1116525,212.9814107271406
1309132,1041.9174258812368
1181514,72.91811059349153
1378577,72.91811059349153
1135287,72.91811059349153
1175471,83.72342200515234
1088756,83.72342200515234
1043794,83.72342200515234
1322864,48.767932021816485
1315562,48.767932021816485
1448323,33.151174695801714
1228726,309.1097438937725
1086519,270.3361561994475
1092587,270.3361561994475
1070040,25.013209964024856
1414811,89.70462824137277
1066536,212.9814107271406
1042837,89.70462824137277
1168535,45.66606664484248
1100363,45.66606664484248
1364685,45.66606664484248
1089247,77.03313137284691
1002289,49.13898965994467
1472093,49.13898965994467
1277054,33.151174695801714
1215476,33.151174695801714
1228546,33.151174695801714
1348404,309.1097438937725
1384611,309.1097438937725
1034430,270.2189384224288
1350989,201.99767683142636
1066808,201.93506461957222
1430557,201.93506461957222
1353854,48.767932021816485
1097979,69.80112009217684
1238938,69.80112009217684
1245351,198.23396685547178
1059707,198.2954371556617
1053781,198.47402156969744
1066626,161.42500067071174
1134734,72.91811059349153
1353313,161.42500067071174
1435817,1041.9174258812368
1452660,317.55939570701025
1019982,1041.9174258812368
1240782,72.91811059349153
1350135,83.72342200515234
1451801,83.72342200515234
1454486,48.767932021816485
1164094,48.767932021816485
1297617,309.17571821240165
1061133,1041.9174258812368
1141705,1041.9174258812368
1424399,25.013209964024856
1384912,25.013209964024856
1140677,25.013209964024856
1311021,123.84940510274217
1091445,123.84940510274217
1272773,123.84940510274217
1297638,45.66606664484248
1226628,77.03313137284691
1115404,49.13898965994467
1064371,33.151174695801714
1166572,33.151174695801714
1123612,33.151174695801714
1359515,309.17571821240165
1164565,309.17571821240165
1224519,270.2766389139939
1158272,373.37273953705807
1268541,373.37273953705807
1145683,373.37273953705807
1328451,48.767932021816485
1074082,69.80112009217684
1003704,69.80112009217684
1113641,256.0759837508135
1290576,256.0759837508135
1135907,267.02492723476183
1082279,161.5938818171938
1290141,161.42500067071174
1139728,161.42500067071174
1453733,1041.9174258812368
1002232,212.9814107271406
1270725,1041.9174258812368
1233905,83.72342200515234
1230053,83.72342200515234
1472644,83.72342200515234
1454734,48.767932021816485
1225700,48.767932021816485
1110838,309.17571821240165
1061668,270.39388162851657
1063075,270.39388162851657
1208304,25.013209964024856
1349760,89.70462824137277
1302694,89.70462824137277
1493476,89.70462824137277
1362461,45.66606664484248
1411389,45.66606664484248
1351136,45.66606664484248
1225400,77.03313137284691
1377213,49.13898965994467
1125415,49.13898965994467
1043869,33.151174695801714
1356946,33.151174695801714
1217777,33.151174695801714
1476749,309.17571821240165
1206410,309.17571821240165
1219775,270.2766389139939
1178390,267.02492723476183
1442492,267.02492723476183
1037900,267.02492723476183
1013732,48.767932021816485
1421863,69.80112009217684
1429149,69.80112009217684
1282157,256.0759837508135
1211603,256.0759837508135
1083920,76.45564088850853
1460475,72.91811059349153
1362845,72.91811059349153
1020749,72.91811059349153
1158899,1041.9174258812368
1479026,212.9814107271406
1264189,1041.9174258812368
1125550,72.91811059349153
1274650,72.91811059349153
1095654,72.91811059349153
1196904,83.72342200515234
1071193,83.72342200515234
1408576,83.72342200515234
1414454,48.767932021816485
1388607,48.767932021816485
1273431,33.151174695801714
1452892,212.9814107271406
1433782,270.4663964279498
1422861,212.9814107271406
1358884,77.03313137284691
1374456,256.0759837508135
1140646,256.0759837508135
1465544,54.552970886915695
1069495,54.552970886915695
1209537,54.552970886915695
1420346,89.70462824137277
1393333,89.70462824137277
1075794,89.70462824137277
1087010,45.66606664484248
1318684,267.02492723476183
1438307,77.03313137284691
1369685,77.03313137284691
1280197,33.151174695801714
1035293,33.151174695801714
1159948,309.1097438937725
1314173,309.1097438937725
1040051,270.2189384224288
1106975,201.93506461957222
1159863,201.93506461957222
1233212,200.51210892999336
1400709,48.767932021816485
1171028,69.80112009217684
1340130,69.80112009217684
1494618,198.2954371556617
1130731,198.2954371556617
1462364,76.45564088850853
1009223,72.91811059349153
1201493,72.91811059349153
1410422,72.91811059349153
1419099,1041.9174258812368
1216159,212.9814107271406
1094661,1041.9174258812368
1131852,83.72342200515234
1240781,83.72342200515234
1259603,83.72342200515234
1020079,48.767932021816485
1289847,48.767932021816485
1409175,212.9814107271406
1302003,270.39388162851657
1182340,212.9814107271406
1475668,25.013209964024856
1195244,77.03313137284691
1320276,201.75338161485206
1433963,54.552970886915695
1061545,54.552970886915695
1123342,54.552970886915695
1499088,89.70462824137277
1304737,89.70462824137277
1191484,89.70462824137277
1268631,45.66606664484248
1435213,45.66606664484248
1358960,45.66606664484248
1159038,198.47402156969744
1167774,77.03313137284691
1276231,77.03313137284691
1193203,40.139604277765535
1086235,33.151174695801714
1443957,33.151174695801714
1144315,309.17571821240165
1170143,309.17571821240165
1456750,270.2766389139939
1178106,679.6280553316877
1478799,679.6280553316877
1441691,679.6280553316877
1072387,131.92337591025642
1296374,69.80112009217684
1452022,69.80112009217684
1202770,380.42385538854455
1292462,380.42385538854455
1283801,131.92337591025642
1172837,72.91811059349153
1061530,72.91811059349153
1132421,72.91811059349153
1207821,1041.9174258812368
1425955,317.55939570701025
1177798,1041.9174258812368
1206668,72.91811059349153
1083512,72.91811059349153
1032899,72.91811059349153
1419409,178.513063500759
1313011,178.513063500759
1450249,178.513063500759
1332124,131.92337591025642
1342545,131.92337591025642
1189165,56.84953417431313
1298632,317.55939570701025
1483839,1041.9174258812368
1194554,317.55939570701025
1246235,25.013209964024856
1394658,25.013209964024856
1083939,25.013209964024856
1389275,380.42385538854455
1040684,380.42385538854455
1214462,380.42385538854455
1230965,54.552970886915695
1379530,54.552970886915695
1212610,54.552970886915695
1304455,123.84940510274217
1412631,123.84940510274217
1317530,123.84940510274217
1426262,45.66606664484248
1239465,45.66606664484248
1416084,45.66606664484248
1279695,679.6280553316877
1441734,131.92337591025642
1103357,131.92337591025642
1198182,56.84953417431313
1025834,56.84953417431313
1181097,56.84953417431313
1161018,402.99267957661584
1309392,402.99267957661584
1455063,402.99267957661584
1158632,679.6280553316877
1091121,679.6280553316877
1088945,679.6280553316877
1489209,131.92337591025642
1023300,69.80112009217684
1439667,69.80112009217684
1293881,380.42385538854455
1485195,380.42385538854455
1153454,131.92337591025642
1069020,72.91811059349153
1213921,72.91811059349153
1305234,72.91811059349153
1291485,1041.9174258812368
1387465,317.55939570701025
1256817,1041.9174258812368
1224265,72.91811059349153
1334010,72.91811059349153
1467939,72.91811059349153
1180074,178.513063500759
1074049,178.513063500759
1302893,178.513063500759
1394784,131.92337591025642
1408505,131.92337591025642
1345794,56.84953417431313
1051255,317.55939570701025
1142160,402.99267957661584
1107967,317.55939570701025
1067301,25.013209964024856
1492121,25.013209964024856
1067044,25.013209964024856
1481158,131.92337591025642
1195466,380.42385538854455
1256199,380.42385538854455
1122945,54.552970886915695
1028988,54.552970886915695
1499206,54.552970886915695
1319595,123.84940510274217
1150029,123.84940510274217
1194693,123.84940510274217
1111675,45.66606664484248
1031321,45.66606664484248
1292810,45.66606664484248
1471715,679.6280553316877
1442310,131.92337591025642
1104258,131.92337591025642
1494852,56.84953417431313
1255232,56.84953417431313
1210758,56.84953417431313
1154462,402.99267957661584
1301242,402.99267957661584
1230914,402.99267957661584
1379139,198.93980261403385
1042036,199.00149068801363
1094777,198.93980261403385
1018091,48.767932021816485
1303118,69.80112009217684
1491185,69.80112009217684
1295788,195.35389498349699
1259106,195.35389498349699
1238736,195.59047953226295
1458641,161.42500067071174
1311052,161.5938818171938
1169917,72.91811059349153
1287052,1041.9174258812368
1395336,317.55939570701025
1190637,1041.9174258812368
1084617,72.91811059349153
1458882,72.91811059349153
1337676,72.91811059349153
1131529,83.72342200515234
1492888,83.72342200515234
1315303,48.767932021816485
1495511,33.151174695801714
1033654,309.1097438937725
1241673,270.4663964279498
1171101,270.3361561994475
1208622,25.013209964024856
1312726,25.013209964024856
1038199,307.7369094479718
1125955,123.84940510274217
1191952,123.84940510274217
1101241,45.66606664484248
1066302,77.03313137284691
1360048,49.13898965994467
1413086,49.13898965994467
1101295,43.8592119123437
1244418,43.97285881075489
1060936,33.151174695801714
1210023,309.25859528339623
1415291,309.25859528339623
1475531,270.2189384224288
1301467,373.37273953705807
1385854,373.37273953705807
1363852,373.37273953705807
1162850,48.767932021816485
1432549,69.80112009217684
1189551,69.80112009217684
1038816,256.0759837508135
1480033,256.0759837508135
1439508,267.02492723476183
1288387,161.42500067071174
1002856,72.91811059349153
1235062,1041.9174258812368
1256663,212.9814107271406
1257953,1041.9174258812368
1372244,83.72342200515234
1354738,83.72342200515234
1082827,48.767932021816485
1060476,309.17571821240165
1212359,270.52414956498524
1445136,270.39388162851657
1086420,25.013209964024856
1416779,25.013209964024856
1459993,206.88397831927205
1083469,89.70462824137277
1301576,182.86622978738308
1432401,45.66606664484248
1425354,77.03313137284691
1030592,49.13898965994467
1190493,49.13898965994467
1025415,33.064874309659736
1266382,33.151174695801714
1063358,33.151174695801714
1460874,309.3246012694244
1389985,309.3246012694244
1282001,270.2766389139939
1281477,195.95197876648706
1192441,195.1244002063272
1410275,195.06390797465693
1234421,48.767932021816485
1459159,193.89987933426218
1070644,193.96001242441147
1166141,76.45564088850853
1187242,72.91811059349153
1226046,72.91811059349153
1479494,72.91811059349153
1395552,1041.9174258812368
1144343,212.9814107271406
1423217,1041.9174258812368
1343976,83.72342200515234
1285359,48.767932021816485
1083044,212.9814107271406
1209421,213.62577458661838
1330416,212.9814107271406
1353281,54.552970886915695
1357260,89.70462824137277
1390060,89.70462824137277
1361611,89.70462824137277
1323071,193.89987933426218
1257128,77.03313137284691
1070053,77.03313137284691
1453716,33.151174695801714
1208237,33.151174695801714
1087231,213.62577458661838
1198739,213.62577458661838
1146521,213.62577458661838
1468705,267.02492723476183
1057220,267.02492723476183
1279856,267.02492723476183
1090792,48.767932021816485
1178960,69.80112009217684
1117896,69.80112009217684
1397015,256.0759837508135
1418689,256.0759837508135
1228164,267.02492723476183
1029940,72.91811059349153
1328781,72.91811059349153
1065461,72.91811059349153
1243839,1041.9174258812368
1471318,212.9814107271406
1363829,1041.9174258812368
1441756,72.91811059349153
1228411,72.91811059349153
1358172,83.72342200515234
1200656,83.72342200515234
1134918,83.72342200515234
1347464,48.767932021816485
1193522,212.9814107271406
1204196,270.39388162851657
1406890,212.9814107271406
1030025,25.013209964024856
1219364,25.013209964024856
1161599,25.013209964024856
1250988,256.0759837508135
1171474,256.0759837508135
1125554,256.0759837508135
1298954,54.552970886915695
1040458,54.552970886915695
1460940,54.552970886915695
1357262,89.70462824137277
1156851,89.70462824137277
1114185,89.70462824137277
1274272,45.66606664484248
1247132,45.66606664484248
1470240,45.66606664484248
1099379,267.02492723476183
1197638,77.03313137284691
1007842,77.03313137284691
1354636,43.8592119123437
1214395,33.151174695801714
1267738,33.151174695801714
1062104,309.17571821240165
1417525,309.17571821240165
1009375,270.2766389139939
1250371,267.02492723476183
1460051,267.02492723476183
1073366,267.02492723476183
1411707,48.767932021816485
1018726,69.80112009217684
1466565,69.80112009217684
1093106,256.0759837508135
1482584,256.0759837508135
1349917,76.45564088850853
1126206,72.91811059349153
1062592,72.91811059349153
1057767,72.91811059349153
1383977,1041.9174258812368
1105382,212.9814107271406
1488019,1041.9174258812368
1310708,83.72342200515234
1224959,83.72342200515234
1198619,83.72342200515234
1109243,48.767932021816485
1286106,48.767932021816485
1211354,33.151174695801714
1212519,212.9814107271406
1309748,213.62577458661838
1292773,212.9814107271406
1085197,25.013209964024856
1161921,77.03313137284691
1285669,77.03313137284691
1094658,54.552970886915695
1076525,54.552970886915695
1450450,54.552970886915695
1372636,89.70462824137277
1406546,89.70462824137277
1348460,89.70462824137277
1240846,267.02492723476183
1015804,77.03313137284691
1248501,77.03313137284691
1121701,33.064874309659736
1337720,33.151174695801714
1422209,213.62577458661838
1003447,213.62577458661838
1061263,213.62577458661838
1145373,552.1082667017112
1132636,552.1082667017112
1201156,552.1082667017112
1078058,131.92337591025642
1151079,69.80112009217684
1189941,69.80112009217684
1475951,345.98465481657826
1184448,345.98465481657826
1391925,131.92337591025642
1476929,72.91811059349153
1231386,72.91811059349153
1404911,72.91811059349153
1114758,1041.9174258812368
1144461,317.55939570701025
1066415,1041.9174258812368
1008743,72.91811059349153
1189950,72.91811059349153
1219400,178.513063500759
1419847,178.513063500759
1114649,178.513063500759
1216349,131.92337591025642
1244754,131.92337591025642
1331326,33.151174695801714
1120815,317.55939570701025
1462648,270.3361561994475
1126592,317.55939570701025
1055426,25.013209964024856
1384255,25.013209964024856
1306205,25.013209964024856
1019043,345.98465481657826
1408089,345.98465481657826
1146767,345.98465481657826
1259805,54.552970886915695
1497120,54.552970886915695
1292298,54.552970886915695
1405377,123.84940510274217
1426151,123.84940510274217
1116946,123.84940510274217
1133414,45.66606664484248
1062761,45.66606664484248
1061634,45.66606664484248
1305049,552.1082667017112
1116333,131.92337591025642
1191349,131.92337591025642
1159771,33.151174695801714
1251864,33.151174695801714
1083765,309.1097438937725
1228552,309.1097438937725
1430516,270.2189384224288
1151845,373.37273953705807
1294699,373.37273953705807
1135850,373.37273953705807
1180421,48.767932021816485
1123301,69.80112009217684
1300287,69.80112009217684
1168400,256.0759837508135
1097503,256.0759837508135
1408518,267.02492723476183
1444957,72.91811059349153
1399997,72.91811059349153
1014758,72.91811059349153
1095122,1041.9174258812368
1489921,317.55939570701025
1209256,1041.9174258812368
1016153,72.91811059349153
1085266,178.513063500759
1143854,178.513063500759
1312916,178.513063500759
1175396,48.767932021816485
1074206,48.767932021816485
1248416,33.151174695801714
1453080,309.1097438937725
1192024,270.4663964279498
1141206,270.3361561994475
1355728,25.013209964024856
1299237,25.013209964024856
1307772,123.84940510274217
1400665,123.84940510274217
1004645,123.84940510274217
1210413,45.66606664484248
1436680,77.03313137284691
1470215,49.13898965994467
1324163,49.13898965994467
1339559,43.8592119123437
1497250,33.151174695801714
1365093,33.151174695801714
1027940,309.25859528339623
1209765,309.25859528339623
1450040,270.2189384224288
1214298,288.606101623183
1382875,288.51677607585594
1253739,288.606101623183
1193984,48.767932021816485
1097871,69.80112009217684
1224457,69.80112009217684
1136765,227.86783175737463
1229203,227.86783175737463
1219292,230.20741914489903
1146575,161.42500067071174
1423852,161.42500067071174
1297702,161.42500067071174
1161437,1041.9174258812368
1125330,212.9814107271406
1360747,1041.9174258812368
1029594,72.91811059349153
1020884,72.91811059349153
1306594,72.91811059349153
1457994,83.72342200515234
1043255,83.72342200515234
1013503,83.72342200515234
1435938,48.767932021816485
1220416,48.767932021816485
1442117,309.1097438937725
1029656,270.3361561994475
1435147,270.3361561994475
1472716,25.013209964024856
1226697,25.013209964024856
1141281,25.013209964024856
1190516,89.70462824137277
1008247,89.70462824137277
1418093,89.70462824137277
1075398,45.66606664484248
1064800,45.66606664484248
1492791,45.66606664484248
1205053,77.03313137284691
1090692,49.13898965994467
1103070,49.13898965994467
1365090,33.151174695801714
1195960,43.97285881075489
1427004,33.151174695801714
1178338,309.1097438937725
1040396,309.1097438937725
1391592,270.2189384224288
1208134,201.93506461957222
1489281,201.93506461957222
1158712,201.99767683142636
1313348,48.767932021816485
1348022,69.80112009217684
1304904,69.80112009217684
1384166,198.23396685547178
1448485,198.23396685547178
1392836,198.5355659347451
1490612,161.42500067071174
1281225,72.91811059349153
1147987,161.42500067071174
1325439,1041.9174258812368
1160732,212.9814107271406
1394137,1041.9174258812368
1015427,72.91811059349153
1492109,72.91811059349153
1104909,83.72342200515234
1312658,83.72342200515234
1265919,83.72342200515234
1168667,48.767932021816485
1498239,48.767932021816485
1056884,309.17571821240165
1428307,270.39388162851657
1215913,270.39388162851657
1159521,25.013209964024856
1059592,89.70462824137277
1373733,89.70462824137277
1308805,89.70462824137277
1238435,77.03313137284691
1488981,49.13898965994467
1157481,49.13898965994467
1043153,33.151174695801714
1284746,43.97285881075489
1467255,33.151174695801714
1343273,309.17571821240165
1137134,309.17571821240165
1092730,270.2766389139939
1448019,679.6280553316877
1231141,679.6280553316877
1040612,679.6280553316877
1113754,131.92337591025642
1185582,69.80112009217684
1057285,69.80112009217684
1203477,380.42385538854455
1158165,380.42385538854455
1419040,131.92337591025642
1285350,72.91811059349153
1157350,72.91811059349153
1262900,72.91811059349153
1052629,1041.9174258812368
1038769,317.55939570701025
1227970,1041.9174258812368
1346637,72.91811059349153
1224017,72.91811059349153
1136861,72.91811059349153
1316119,178.513063500759
1059546,178.513063500759
1043566,178.513063500759
1404159,131.92337591025642
1498846,131.92337591025642
1110118,56.84953417431313
1290480,317.55939570701025
1268614,402.99267957661584
1024354,317.55939570701025
1234416,25.013209964024856
1040435,25.013209964024856
1240915,380.42385538854455
1084025,380.42385538854455
1499604,380.42385538854455
1388767,54.552970886915695
1274715,54.552970886915695
1461469,54.552970886915695
1008292,123.84940510274217
1245361,123.84940510274217
1479849,123.84940510274217
1401490,45.66606664484248
1482761,45.66606664484248
1309393,45.66606664484248
1247648,679.6280553316877
1458403,131.92337591025642
1408082,131.92337591025642
1242344,56.84953417431313
1374742,56.84953417431313
1012940,56.84953417431313
1221568,402.99267957661584
1114301,402.99267957661584
1105342,402.99267957661584
1137633,198.8408231880495
1178329,198.06250435876063
1499858,198.8408231880495
1215907,48.767932021816485
1211478,69.80112009217684
1033546,69.80112009217684
1464245,196.88067309416985
1058371,196.88067309416985
1026616,76.45564088850853
1247355,72.91811059349153
1114236,72.91811059349153
1289229,72.91811059349153
1451604,1041.9174258812368
1379933,212.9814107271406
1372659,1041.9174258812368
1230021,83.72342200515234
1256599,83.72342200515234
1223398,48.767932021816485
1285191,48.767932021816485
1155784,212.9814107271406
1498106,213.62577458661838
1308355,212.9814107271406
1417280,196.88067309416985
1146888,77.03313137284691
1496161,54.552970886915695
1308362,54.552970886915695
1371858,54.552970886915695
1364559,89.70462824137277
1359349,89.70462824137277
1368289,89.70462824137277
1240720,45.66606664484248
1391833,45.66606664484248
1360908,45.66606664484248
1023628,77.03313137284691
1369768,77.03313137284691
1412995,33.064874309659736
1223485,43.97285881075489
1288249,33.151174695801714
1006238,213.62577458661838
1059275,213.62577458661838
1147027,213.62577458661838
1004923,679.6280553316877
1242357,679.6280553316877
1466888,679.6280553316877
1493859,131.92337591025642
1210459,69.80112009217684
1368817,69.80112009217684
1279294,380.42385538854455
1167231,380.42385538854455
1259128,131.92337591025642
1358767,72.91811059349153
1096137,72.91811059349153
1457740,72.91811059349153
1269024,1041.9174258812368
1075647,317.55939570701025
1312036,1041.9174258812368
1008079,72.91811059349153
1204384,72.91811059349153
1119932,178.513063500759
1000399,178.513063500759
1427919,178.513063500759
1375237,131.92337591025642
1296679,317.55939570701025
1168909,402.99267957661584
1269115,317.55939570701025
1338145,25.013209964024856
1128999,25.013209964024856
1220606,380.42385538854455
1241511,380.42385538854455
1104790,131.92337591025642
1425208,54.552970886915695
1199464,54.552970886915695
1050102,54.552970886915695
1336720,123.84940510274217
1213184,123.84940510274217
1076322,123.84940510274217
1321832,45.66606664484248
1373978,679.6280553316877
1081549,131.92337591025642
1240433,131.92337591025642
1387655,56.84953417431313
1350726,56.84953417431313
1496114,56.84953417431313
1432286,402.99267957661584
1385345,402.99267957661584
1170636,402.99267957661584
1230601,679.6280553316877
1041516,679.6280553316877
1173083,679.6280553316877
1450921,131.92337591025642
1496330,69.80112009217684
1255410,69.80112009217684
1170613,380.42385538854455
1247310,380.42385538854455
1177106,131.92337591025642
1326323,72.91811059349153
1394882,72.91811059349153
1182328,72.91811059349153
1174658,1041.9174258812368
1293282,317.55939570701025
1386650,1041.9174258812368
1309704,72.91811059349153
1195327,72.91811059349153
1473452,72.91811059349153
1210879,178.513063500759
1185214,178.513063500759
1066210,178.513063500759
1499625,131.92337591025642
1080267,131.92337591025642
1330955,56.84953417431313
1335465,317.55939570701025
1267998,402.99267957661584
1025909,317.55939570701025
1332594,25.013209964024856
1401858,25.013209964024856
1028364,25.013209964024856
1313113,380.42385538854455
1064070,380.42385538854455
1484042,380.42385538854455
1340756,54.552970886915695
1276173,54.552970886915695
1330803,54.552970886915695
1455753,123.84940510274217
1164898,123.84940510274217
1343584,123.84940510274217
1478559,45.66606664484248
1283300,45.66606664484248
1109985,679.6280553316877
1182370,131.92337591025642
1119237,131.92337591025642
1061216,56.84953417431313
1186970,56.84953417431313
1232710,56.84953417431313
1174524,402.99267957661584
1203994,402.99267957661584
1283754,402.99267957661584
1244061,679.6280553316877
1354740,679.6280553316877
1437784,679.6280553316877
1041281,131.92337591025642
1472538,69.80112009217684
1446011,69.80112009217684
1042253,380.42385538854455
1119080,380.42385538854455
1386957,679.6280553316877
1331353,72.91811059349153
1308975,161.42500067071174
1052339,161.5938818171938
1473719,1041.9174258812368
1149757,317.55939570701025
1309128,1041.9174258812368
1465472,72.91811059349153
1322204,72.91811059349153
1206240,72.91811059349153
1120227,178.513063500759
1258298,178.513063500759
1129006,178.513063500759
1020196,131.92337591025642
1447296,131.92337591025642
1367769,56.84953417431313
1400232,402.99267957661584
1016753,402.99267957661584
1242885,402.99267957661584
1168409,25.013209964024856
1231518,25.013209964024856
1380987,25.013209964024856
1215932,307.7369094479718
1117884,307.7369094479718
1363817,269.0524879976676
1152096,45.66606664484248
1486487,45.66606664484248
1418848,45.66606664484248
1310755,131.92337591025642
1338515,131.92337591025642
1010982,131.92337591025642
1219191,56.84953417431313
1415229,56.84953417431313
1198846,56.84953417431313
1149035,402.99267957661584
1143934,402.99267957661584
1418885,402.99267957661584
1186700,199.00149068801363
1412431,198.93980261403385
1265941,198.93980261403385
1174252,48.767932021816485
1391318,69.80112009217684
1373444,69.80112009217684
1255746,195.35389498349699
1432440,195.29333196690015
1261892,195.52984354398447
1068928,161.5938818171938
1265780,161.42500067071174
1348612,1041.9174258812368
1160642,212.9814107271406
1163720,1041.9174258812368
1305847,72.91811059349153
1274777,83.72342200515234
1390345,83.72342200515234
1080632,48.767932021816485
1362043,48.767932021816485
1379600,33.151174695801714
1178473,309.1097438937725
1441562,270.4663964279498
1045971,270.3361561994475
1399293,25.013209964024856
1306525,89.70462824137277
1495101,206.88397831927205
1189930,89.70462824137277
1320678,45.66606664484248
1491671,49.13898965994467
1285364,43.97285881075489
1288551,33.064874309659736
1457020,309.25859528339623
1087121,309.25859528339623
1308249,270.2189384224288
1068127,367.66451142142944
1108102,367.66451142142944
1294107,367.66451142142944
1280040,48.767932021816485
1435366,254.25104551803662
1498193,254.25104551803662
1483366,264.80200255916003
1458620,161.42500067071174
1316768,161.42500067071174
1279885,161.42500067071174
1397824,1041.9174258812368
1052054,212.9814107271406
1026328,1041.9174258812368
1275190,83.72342200515234
1374425,83.72342200515234
1439872,48.767932021816485
1407466,33.151174695801714
1488816,213.62577458661838
1370281,213.62577458661838
1413701,213.62577458661838
1307828,25.013209964024856
1170147,89.70462824137277
1334448,89.70462824137277
1033182,89.70462824137277
1065230,49.13898965994467
1447947,49.13898965994467
1468251,33.151174695801714
1183920,33.151174695801714
1145327,213.62577458661838
1419745,213.62577458661838
1445638,213.62577458661838
1306558,373.37273953705807
1108134,373.37273953705807
1088320,373.37273953705807
1262779,48.767932021816485
1381709,69.80112009217684
1241273,69.80112009217684
1424447,256.0759837508135
1354383,256.0759837508135
1319128,267.02492723476183
1257115,161.42500067071174
1395094,161.5938818171938
1444861,161.5938818171938
1328290,1041.9174258812368
1178643,212.9814107271406
1342743,1041.9174258812368
1461309,72.91811059349153
1442360,72.91811059349153
1006284,72.91811059349153
1134764,83.72342200515234
1161944,83.72342200515234
1249279,48.767932021816485
1156031,48.767932021816485
1131668,33.151174695801714
1434813,309.1097438937725
1068689,1041.9174258812368
1318738,1041.9174258812368
1432334,25.013209964024856
1475359,182.86622978738308
1087593,89.70462824137277
1083819,89.70462824137277
1341927,45.66606664484248
1234463,49.13898965994467
1016464,49.13898965994467
1358838,49.13898965994467
1477660,33.151174695801714
1148248,33.151174695801714
1039288,33.064874309659736
1059110,309.1097438937725
1473909,309.1097438937725
1068714,270.2189384224288
1089089,373.37273953705807
1356974,373.37273953705807
1346234,267.02492723476183
1315874,48.767932021816485
1262985,69.80112009217684
1260615,69.80112009217684
1060044,256.0759837508135
1356232,256.0759837508135
1357020,76.45564088850853
1209654,72.91811059349153
1427961,72.91811059349153
1369209,72.91811059349153
1225027,1041.9174258812368
1099215,212.9814107271406
1424670,1041.9174258812368
1238679,72.91811059349153
1392104,72.91811059349153
1205977,83.72342200515234
1167315,83.72342200515234
1444210,83.72342200515234
1016117,48.767932021816485
1130081,48.767932021816485
1300651,212.9814107271406
1184868,270.3361561994475
1009874,212.9814107271406
1378506,77.03313137284691
1304918,256.0759837508135
1434845,256.0759837508135
1133760,54.552970886915695
1096748,54.552970886915695
1451740,54.552970886915695
1227978,89.70462824137277
1277125,89.70462824137277
1196150,89.70462824137277
1334489,45.66606664484248
1431014,45.66606664484248
1023140,267.02492723476183
1489036,77.03313137284691
1022069,77.03313137284691
1454833,33.064874309659736
1062563,33.151174695801714
1405958,33.151174695801714
1059406,309.1097438937725
1469078,309.1097438937725
1292707,270.2189384224288
1398644,267.02492723476183
1203716,267.68164500409625
1442542,267.02492723476183
1425213,48.767932021816485
1120872,69.80112009217684
1005457,69.80112009217684
1178195,256.0759837508135
1276208,256.0759837508135
1006772,76.45564088850853
1013636,72.91811059349153
1009256,72.91811059349153
1439011,72.91811059349153
1440035,1041.9174258812368
1498548,212.9814107271406
1416818,1041.9174258812368
1020169,72.91811059349153
1159657,72.91811059349153
1316740,83.72342200515234
1386951,83.72342200515234
1180443,48.767932021816485
1287984,48.767932021816485
1425859,212.9814107271406
1468717,213.62577458661838
1112208,212.9814107271406
1481291,25.013209964024856
1020410,25.013209964024856
1074040,256.0759837508135
1369208,256.0759837508135
1180067,43.8592119123437
1151498,54.552970886915695
1130148,54.552970886915695
1121206,54.552970886915695
1110144,89.70462824137277
1176486,89.70462824137277
1073716,89.70462824137277
1283548,45.66606664484248
1338495,267.02492723476183
1059213,77.03313137284691
1083637,77.03313137284691
1055724,33.064874309659736
1435255,33.151174695801714
1067586,33.151174695801714
1095952,213.62577458661838
1341028,213.62577458661838
1365830,213.62577458661838
1365959,200.51210892999336
1317198,200.57428211272605
1451163,200.57428211272605
1239283,48.767932021816485
1025725,69.80112009217684
1233183,69.80112009217684
1315899,198.2954371556617
1347174,198.23396685547178
1497342,76.45564088850853
1126061,72.91811059349153
1105093,72.91811059349153
1259625,72.91811059349153
1130528,1041.9174258812368
1495708,317.55939570701025
1458963,1041.9174258812368
1469496,72.91811059349153
1176341,83.72342200515234
1145097,83.72342200515234
1428215,83.72342200515234
1041705,48.767932021816485
1081454,317.55939570701025
1125431,270.39388162851657
1470105,317.55939570701025
1311945,77.03313137284691
1234987,77.03313137284691
1420177,54.552970886915695
1022645,54.552970886915695
1078051,54.552970886915695
1175825,123.84940510274217
1331054,123.84940510274217
1470658,123.84940510274217
1297518,45.66606664484248
1347237,198.47402156969744
1256412,77.03313137284691
1032350,77.03313137284691
1277516,33.064874309659736
1342728,33.151174695801714
1438163,309.17571821240165
1156954,309.17571821240165
1272295,270.2766389139939
1107132,292.9446382298154
1334275,292.9446382298154
1209977,292.85397451262736
1459739,48.767932021816485
1291850,69.80112009217684
1379698,69.80112009217684
1432632,231.3681305111564
1122526,231.3681305111564
1404288,233.74349948823001
1400901,161.42500067071174
1323340,161.42500067071174
1292411,161.5938818171938
1482582,1041.9174258812368
1127643,317.55939570701025
1283497,1041.9174258812368
1057636,72.91811059349153
1150235,72.91811059349153
1474289,72.91811059349153
1354025,178.513063500759
1253575,178.513063500759
1299937,178.513063500759
1089000,48.767932021816485
1039852,48.767932021816485
1267675,33.151174695801714
1488207,309.17571821240165
1350692,270.52414956498524
1210781,270.39388162851657
1193951,25.013209964024856
1095002,25.013209964024856
1492945,269.0524879976676
1054104,269.0524879976676
1423493,269.0524879976676
1002941,45.66606664484248
1125618,45.66606664484248
1360006,45.66606664484248
1059761,77.03313137284691
1091221,49.13898965994467
1435805,49.13898965994467
1245279,33.064874309659736
1396283,33.151174695801714
1093919,33.151174695801714
1343778,309.3246012694244
1011146,309.3246012694244
1154102,270.2766389139939
1415730,679.6280553316877
1475935,679.6280553316877
1109571,679.6280553316877
1319787,131.92337591025642
1276137,69.80112009217684
1001227,69.80112009217684
1195293,380.42385538854455
1398730,380.42385538854455
1455484,131.92337591025642
1388600,72.91811059349153
1077390,72.91811059349153
1403233,72.91811059349153
1015880,1041.9174258812368
1241151,317.55939570701025
1172613,1041.9174258812368
1084812,72.91811059349153
1277060,72.91811059349153
1436368,72.91811059349153
1090497,178.513063500759
1280108,178.513063500759
1311137,178.513063500759
1494207,131.92337591025642
1412828,131.92337591025642
1055572,317.55939570701025
1059092,402.99267957661584
1277198,402.99267957661584
1087687,25.013209964024856
1069820,25.013209964024856
1036895,25.013209964024856
1296744,131.92337591025642
1142898,380.42385538854455
1398759,380.42385538854455
1080640,54.552970886915695
1260746,54.552970886915695
1171633,54.552970886915695
1230287,123.84940510274217
1499428,123.84940510274217
1301567,123.84940510274217
1463347,45.66606664484248
1428200,45.66606664484248
1291907,679.6280553316877
1147260,131.92337591025642
1454907,131.92337591025642
1217383,56.84953417431313
1011928,56.84953417431313
1379372,56.84953417431313
1338047,402.99267957661584
1469818,402.99267957661584
1168040,402.99267957661584
1009386,679.6280553316877
1168372,679.6280553316877
1324150,679.6280553316877
1059445,131.92337591025642
1099952,69.80112009217684
1250220,69.80112009217684
1188755,380.42385538854455
1446882,380.42385538854455
1144740,679.6280553316877
1464033,72.91811059349153
1388757,72.91811059349153
1323659,72.91811059349153
1478111,1041.9174258812368
1348933,317.55939570701025
1449756,1041.9174258812368
1230883,178.513063500759
1167420,178.513063500759
1405883,178.513063500759
1175845,131.92337591025642
1117513,56.84953417431313
1024283,402.99267957661584
1492218,1041.9174258812368
1027316,1041.9174258812368
1471485,25.013209964024856
1024988,25.013209964024856
1260453,25.013209964024856
1489141,123.84940510274217
1454232,123.84940510274217
1011226,123.84940510274217
1175256,45.66606664484248
1243108,45.66606664484248
1093088,131.92337591025642
1217703,131.92337591025642
1282607,131.92337591025642
1370140,56.84953417431313
1219713,56.84953417431313
1249198,56.84953417431313
1073611,402.99267957661584
1211587,402.99267957661584
1068406,402.99267957661584
1342607,198.06250435876063
1261077,198.8408231880495
1484727,48.767932021816485
1352470,69.80112009217684
1088236,69.80112009217684
1215183,196.81963916107793
1396786,196.81963916107793
1094702,76.45564088850853
1089745,72.91811059349153
1156482,72.91811059349153
1103642,72.91811059349153
1342267,213.62577458661838
1025372,212.9814107271406
1022495,213.62577458661838
1493813,72.91811059349153
1301621,72.91811059349153
1075950,33.151174695801714
1136679,212.9814107271406
1430125,1041.9174258812368
1016676,1041.9174258812368
1208909,196.81963916107793
1389983,196.81963916107793
1337158,196.88067309416985
1221233,89.70462824137277
1035195,89.70462824137277
1037113,89.70462824137277
1132160,45.66606664484248
1053053,196.88067309416985
1413177,77.03313137284691
1126045,77.03313137284691
1133753,33.064874309659736
1077837,43.97285881075489
1022717,33.151174695801714
1309964,213.62577458661838
1019057,213.62577458661838
1131145,213.62577458661838
1486477,232.56973637727674
1072415,232.56973637727674
1119869,232.6418004034919
1219047,48.767932021816485
1477396,227.86783175737463
1436609,227.86783175737463
1069354,230.2787543177377
1314692,72.91811059349153
1304622,72.91811059349153
1078876,72.91811059349153
1343631,544.9287496724291
1066795,212.9814107271406
1161188,544.9287496724291
1149120,72.91811059349153
1221328,72.91811059349153
1480464,83.72342200515234
1161892,83.72342200515234
1149568,83.72342200515234
1300878,48.767932021816485
1300870,33.064874309659736
1258889,33.151174695801714
1454269,212.9814107271406
1438319,1041.9174258812368
1373998,1041.9174258812368
1012823,25.013209964024856
1156189,25.013209964024856
1140498,77.03313137284691
1091479,77.03313137284691
1353419,227.93844508974954
1457486,54.552970886915695
1144262,54.552970886915695
1052105,54.552970886915695
1415004,89.70462824137277
1453040,89.70462824137277
1239627,89.70462824137277
1381963,45.66606664484248
1467104,45.66606664484248
1105735,45.66606664484248
1382389,230.2787543177377
1164582,77.03313137284691
1231645,77.03313137284691
1046978,33.151174695801714
1462588,33.151174695801714
1124263,309.17571821240165
1099251,309.17571821240165
1162730,270.2766389139939
1274836,267.02492723476183
1410039,267.02492723476183
1269164,267.02492723476183
1028730,48.767932021816485
1495888,69.80112009217684
1069033,69.80112009217684
1006557,256.0759837508135
1112006,256.0759837508135
1167679,76.45564088850853
1328737,72.91811059349153
1405194,72.91811059349153
1452164,72.91811059349153
1116595,544.9287496724291
1064513,212.9814107271406
1490972,544.9287496724291
1217205,72.91811059349153
1465304,72.91811059349153
1443319,83.72342200515234
1485382,83.72342200515234
1321418,48.767932021816485
1380035,33.064874309659736
1373073,33.151174695801714
1347043,212.9814107271406
1147088,1041.9174258812368
1471717,1041.9174258812368
1329642,25.013209964024856
1248124,256.0759837508135
1220181,256.0759837508135
1171914,256.0759837508135
1200910,54.552970886915695
1371309,54.552970886915695
1223144,54.552970886915695
1400065,89.70462824137277
1483448,89.70462824137277
1357587,89.70462824137277
1172707,45.66606664484248
1292242,45.66606664484248
1306117,45.66606664484248
1193498,267.02492723476183
1352621,77.03313137284691
1482712,77.03313137284691
1347302,33.064874309659736
1186701,33.151174695801714
1288728,33.151174695801714
1486530,309.17571821240165
1459193,309.3246012694244
1393759,270.2766389139939
1282203,679.6280553316877
1179891,679.6280553316877
1326973,679.6280553316877
1435221,131.92337591025642
1433727,69.80112009217684
1139483,69.80112009217684
1284565,380.42385538854455
1439856,380.42385538854455
1046211,679.6280553316877
1053778,161.42500067071174
1414578,161.42500067071174
1254839,161.42500067071174
1483761,545.377690469417
1497315,317.55939570701025
1233431,545.377690469417
1393399,72.91811059349153
1242043,72.91811059349153
1424831,72.91811059349153
1134215,178.513063500759
1091267,178.513063500759
1207133,131.92337591025642
1440267,56.84953417431313
1073033,402.99267957661584
1336054,1041.9174258812368
1054489,1041.9174258812368
1111308,25.013209964024856
1247191,25.013209964024856
1388259,123.84940510274217
1064410,123.84940510274217
1265180,123.84940510274217
1139023,45.66606664484248
1146782,45.66606664484248
1222928,45.66606664484248
1168385,131.92337591025642
1012312,131.92337591025642
1021280,131.92337591025642
1042565,56.84953417431313
1244605,56.84953417431313
1189058,402.99267957661584
1274015,402.99267957661584
1352677,402.99267957661584
1383644,373.37273953705807
1305973,373.37273953705807
1101500,373.37273953705807
1475789,48.767932021816485
1282883,69.80112009217684
1191532,69.80112009217684
1281302,256.0759837508135
1443615,256.0759837508135
1332108,267.02492723476183
1222883,72.91811059349153
1123521,72.91811059349153
1373500,161.5938818171938
1093306,544.9287496724291
1452342,212.9814107271406
1077994,544.9287496724291
1069917,72.91811059349153
1167780,72.91811059349153
1266148,72.91811059349153
1046582,83.72342200515234
1419491,83.72342200515234
1209198,83.72342200515234
1321469,48.767932021816485
1322590,43.8592119123437
1461727,33.151174695801714
1321297,309.1097438937725
1308836,1041.9174258812368
1278744,1041.9174258812368
1453972,25.013209964024856
1284961,25.013209964024856
1483945,89.70462824137277
1426428,89.70462824137277
1280345,182.86622978738308
1158328,45.66606664484248
1084749,45.66606664484248
1041291,45.66606664484248
1371085,77.03313137284691
1160800,49.13898965994467
1106091,49.13898965994467
1189443,33.064874309659736
1327465,33.151174695801714
1123207,33.151174695801714
1395535,309.25859528339623
1350862,309.25859528339623
1470638,270.2189384224288
1223757,679.6280553316877
1043364,679.6280553316877
1246275,679.6280553316877
1278666,131.92337591025642
1333706,69.80112009217684
1420309,69.80112009217684
1400253,380.42385538854455
1061474,380.42385538854455
1283830,131.92337591025642
1057534,72.91811059349153
1261642,72.91811059349153
1374187,72.91811059349153
1373463,545.377690469417
1209612,317.55939570701025
1282271,545.377690469417
1049965,72.91811059349153
1371511,72.91811059349153
1389659,72.91811059349153
1222803,178.513063500759
1061931,178.513063500759
1367532,178.513063500759
1370845,131.92337591025642
1459356,56.84953417431313
1117354,56.84953417431313
1232726,317.55939570701025
1093556,1041.9174258812368
1229128,1041.9174258812368
1155992,25.013209964024856
1467469,25.013209964024856
1357985,25.013209964024856
1381446,380.42385538854455
1000649,380.42385538854455
1285242,380.42385538854455
1322481,54.552970886915695
1237322,54.552970886915695
1255347,54.552970886915695
1350477,123.84940510274217
1276985,123.84940510274217
1446621,123.84940510274217
1035515,45.66606664484248
1194463,45.66606664484248
1310908,45.66606664484248
1318247,131.92337591025642
1219733,131.92337591025642
1173723,131.92337591025642
1370097,56.84953417431313
1257959,56.84953417431313
1165749,56.84953417431313
1027375,402.99267957661584
1019661,402.99267957661584
1162772,402.99267957661584
1261333,373.37273953705807
1201647,267.02492723476183
1094506,267.68164500409625
1169782,48.767932021816485
1303129,69.80112009217684
1469136,69.80112009217684
1207782,256.0759837508135
1192653,256.0759837508135
1129462,76.45564088850853
1475116,72.91811059349153
1134125,72.91811059349153
1495295,72.91811059349153
1205276,544.9287496724291
1398775,212.9814107271406
1160729,544.9287496724291
1169282,83.72342200515234
1035696,83.72342200515234
1067289,83.72342200515234
1368955,48.767932021816485
1003827,33.064874309659736
1230515,212.9814107271406
1215558,1041.9174258812368
1273328,1041.9174258812368
1414039,25.013209964024856
1004285,77.03313137284691
1110335,256.0759837508135
1333022,256.0759837508135
1153239,54.552970886915695
1239978,54.552970886915695
1340182,89.70462824137277
1441846,89.70462824137277
1132759,89.70462824137277
1394160,45.66606664484248
1141716,45.66606664484248
1038502,45.66606664484248
1449649,267.02492723476183
1023345,76.80325037275556
1441461,77.03313137284691
1324469,33.064874309659736
1177896,33.151174695801714
1419391,33.151174695801714
1479481,309.17571821240165
1229915,309.17571821240165
1247241,270.2766389139939
1184174,679.6280553316877
1055582,679.6280553316877
1102254,679.6280553316877
1456846,131.92337591025642
1272350,69.80112009217684
1254708,69.80112009217684
1039677,380.42385538854455
1432316,380.42385538854455
1436213,131.92337591025642
1038757,72.91811059349153
1207627,72.91811059349153
1199733,72.91811059349153
1341807,545.377690469417
1216417,317.55939570701025
1195936,545.377690469417
1287436,72.91811059349153
1146127,72.91811059349153
1257501,72.91811059349153
1059717,178.513063500759
1259733,178.513063500759
1197506,178.513063500759
1319999,131.92337591025642
1045566,56.84953417431313
1060380,56.84953417431313
1108374,317.55939570701025
1315927,1041.9174258812368
1233583,1041.9174258812368
1085653,25.013209964024856
1196939,25.013209964024856
1313776,380.42385538854455
1351261,380.42385538854455
1405637,380.42385538854455
1349583,54.552970886915695
1336749,54.552970886915695
1209534,54.552970886915695
1164141,123.84940510274217
1404749,123.84940510274217
1458693,123.84940510274217
1474327,45.66606664484248
1282683,45.66606664484248
1318948,45.66606664484248
1480355,679.6280553316877
1056960,131.92337591025642
1487161,131.92337591025642
1008500,56.84953417431313
1092639,56.84953417431313
1198939,402.99267957661584
1118334,402.99267957661584
1337311,402.99267957661584
1455829,373.37273953705807
1300798,373.37273953705807
1263568,373.37273953705807
1085320,48.767932021816485
1467015,69.80112009217684
1294141,69.80112009217684
1321470,256.0759837508135
1398009,256.0759837508135
1471069,267.02492723476183
1021287,161.42500067071174
1104489,161.42500067071174
1167180,161.5938818171938
1426580,544.9287496724291
1306893,212.9814107271406
1381677,544.9287496724291
1123959,72.91811059349153
1008521,72.91811059349153
1472495,72.91811059349153
1401879,83.72342200515234
1406179,83.72342200515234
1326168,83.72342200515234
1443780,48.767932021816485
1007138,33.064874309659736
1476634,33.151174695801714
1496541,309.1097438937725
1279245,1041.9174258812368
1277454,1041.9174258812368
1130968,25.013209964024856
1223081,25.013209964024856
1127406,182.86622978738308
1012486,89.70462824137277
1079096,206.88397831927205
1181824,45.66606664484248
1351500,45.66606664484248
1386107,45.66606664484248
1184696,77.03313137284691
1180413,49.13898965994467
1192293,49.13898965994467
1445951,33.064874309659736
1327384,33.151174695801714
1174841,33.151174695801714
1305132,309.25859528339623
1285880,309.25859528339623
1273993,270.2189384224288
1239027,373.37273953705807
1113550,373.37273953705807
1084108,373.37273953705807
1404629,48.767932021816485
1434155,69.80112009217684
1348839,69.80112009217684
1477313,256.0759837508135
1089017,256.0759837508135
1124052,267.02492723476183
1452469,161.42500067071174
1063625,161.42500067071174
1208483,161.42500067071174
1395756,213.62577458661838
1487950,212.9814107271406
1263410,213.62577458661838
1472554,72.91811059349153
1157790,83.72342200515234
1380842,83.72342200515234
1396237,33.064874309659736
1408066,33.151174695801714
1029886,213.62577458661838
1360286,1041.9174258812368
1055063,1041.9174258812368
1093786,182.86622978738308
1111575,182.86622978738308
1195946,206.88397831927205
1261731,45.66606664484248
1341838,45.66606664484248
1299687,77.03313137284691
1032225,49.13898965994467
1330234,49.13898965994467
1412550,33.064874309659736
1100095,33.151174695801714
1461775,33.151174695801714
1449523,213.62577458661838
1362777,213.62577458661838
1390732,213.62577458661838
1214244,679.6280553316877
1421486,679.6280553316877
1035903,679.6280553316877
1151461,131.92337591025642
1344236,69.80112009217684
1379760,69.80112009217684
1438925,380.42385538854455
1100432,380.42385538854455
1481693,679.6280553316877
1361864,72.91811059349153
1096667,161.5938818171938
1066661,545.377690469417
1251281,317.55939570701025
1090506,545.377690469417
1046443,72.91811059349153
1177634,72.91811059349153
1331426,72.91811059349153
1488697,178.513063500759
1082947,178.513063500759
1493527,178.513063500759
1064804,131.92337591025642
1064331,56.84953417431313
1321403,56.84953417431313
1443671,402.99267957661584
1126491,1041.9174258812368
1373130,1041.9174258812368
1344470,25.013209964024856
1398619,25.013209964024856
1278926,25.013209964024856
1438934,123.84940510274217
1322492,123.84940510274217
1085442,269.0524879976676
1180036,45.66606664484248
1379305,45.66606664484248
1338236,45.66606664484248
1052419,131.92337591025642
1244347,131.92337591025642
1024324,131.92337591025642
1064488,56.84953417431313
1151739,56.84953417431313
1373391,56.84953417431313
1156082,402.99267957661584
1326829,402.99267957661584
1394265,402.99267957661584
1231613,195.89123127808176
1088866,195.95197876648706
1024895,195.89123127808176
1085905,48.767932021816485
1491788,69.80112009217684
1049512,69.80112009217684
1064086,193.96001242441147
1227862,193.96001242441147
1365491,76.45564088850853
1057633,161.5938818171938
1491066,72.91811059349153
1139202,161.42500067071174
1407912,213.62577458661838
1079856,212.9814107271406
1294843,213.62577458661838
1251241,83.72342200515234
1191230,83.72342200515234
1085656,33.064874309659736
1154657,33.151174695801714
1497882,213.62577458661838
1446165,1041.9174258812368
1054992,1041.9174258812368
1331832,89.70462824137277
1450338,89.70462824137277
1080033,89.70462824137277
1310930,45.66606664484248
1136132,45.66606664484248
1343671,45.66606664484248
1307543,49.13898965994467
1227735,33.151174695801714
1424143,33.151174695801714
1218876,33.151174695801714
1222607,213.62577458661838
1211353,213.62577458661838
1492236,213.62577458661838
1185456,367.66451142142944
1023270,367.66451142142944
1159056,367.66451142142944
1448047,48.767932021816485
1296849,69.80112009217684
1390803,69.80112009217684
1345192,254.25104551803662
1215503,254.25104551803662
1171401,264.80200255916003
1379516,161.42500067071174
1209535,161.42500067071174
1373619,161.42500067071174
1109484,213.62577458661838
1056058,212.9814107271406
1487646,213.62577458661838
1135766,83.72342200515234
1144864,83.72342200515234
1414348,33.064874309659736
1269124,33.151174695801714
1420162,213.62577458661838
1465226,1041.9174258812368
1359971,1041.9174258812368
1146029,25.013209964024856
1305073,89.70462824137277
1483464,89.70462824137277
1324878,89.70462824137277
1438038,49.13898965994467
1424409,33.151174695801714
1283746,33.151174695801714
1196861,213.62577458661838
1180673,213.62577458661838
1473086,213.62577458661838
1435295,679.6280553316877
1395825,679.6280553316877
1481749,679.6280553316877
1376522,25.013209964024856
1457798,69.80112009217684
1083867,69.80112009217684
1492206,380.42385538854455
1285535,380.42385538854455
1356813,131.92337591025642
1058774,72.91811059349153
1250372,72.91811059349153
1448108,72.91811059349153
1340381,545.377690469417
1267263,317.55939570701025
1164863,545.377690469417
1195303,72.91811059349153
1241383,72.91811059349153
1493205,72.91811059349153
1283930,178.513063500759
1237454,131.92337591025642
1003574,56.84953417431313
1305920,56.84953417431313
1272692,317.55939570701025
1322953,1041.9174258812368
1167859,1041.9174258812368
1150337,25.013209964024856
1345390,25.013209964024856
1333504,380.42385538854455
1289569,380.42385538854455
1076655,380.42385538854455
1309929,54.552970886915695
1276527,54.552970886915695
1441997,54.552970886915695
1314991,123.84940510274217
1085344,123.84940510274217
1219907,123.84940510274217
1329344,45.66606664484248
1226086,45.66606664484248
1389451,45.66606664484248
1362664,679.6280553316877
1334332,131.92337591025642
1249789,131.92337591025642
1363690,56.84953417431313
1201392,56.84953417431313
1055317,402.99267957661584
1444516,317.55939570701025
1256809,402.99267957661584
1355558,198.93980261403385
1306725,198.93980261403385
1319511,198.93980261403385
1490438,48.767932021816485
1326348,69.80112009217684
1108059,69.80112009217684
1316409,195.29333196690015
1192944,195.29333196690015
1056537,76.45564088850853
1174467,72.91811059349153
1451444,72.91811059349153
1069438,72.91811059349153
1077818,544.9287496724291
1155889,317.55939570701025
1491947,544.9287496724291
1176683,72.91811059349153
1372827,72.91811059349153
1416822,48.767932021816485
1022522,33.064874309659736
1046072,317.55939570701025
1248212,1041.9174258812368
1100089,1041.9174258812368
1216807,25.013209964024856
1365133,195.35389498349699
1228444,77.03313137284691
1343164,195.35389498349699
1419443,54.552970886915695
1245334,54.552970886915695
1305088,54.552970886915695
1428523,123.84940510274217
1237972,123.84940510274217
1278761,123.84940510274217
1380157,45.66606664484248
1268287,45.66606664484248
1040530,77.03313137284691
1322237,49.13898965994467
1236493,33.4631605902943
1164196,33.151174695801714
1406779,33.151174695801714
1473572,309.1097438937725
1256216,309.1097438937725
1205185,270.2189384224288
1337172,288.51677607585594
1124970,288.51677607585594
1429561,288.51677607585594
1413088,48.767932021816485
1142767,69.80112009217684
1475274,69.80112009217684
1273306,227.86783175737463
1295754,227.86783175737463
1140038,230.2787543177377
1035694,161.5938818171938
1343939,161.5938818171938
1091560,72.91811059349153
1348391,544.9287496724291
1050411,317.55939570701025
1272163,544.9287496724291
1150293,72.91811059349153
1397480,72.91811059349153
1335268,72.91811059349153
1459186,83.72342200515234
1427939,83.72342200515234
1289986,83.72342200515234
1171733,33.064874309659736
1035271,33.151174695801714
1330418,309.1097438937725
1345268,1041.9174258812368
1069534,1041.9174258812368
1180814,25.013209964024856
1066390,269.0524879976676
1246782,123.84940510274217
1144598,307.7369094479718
1054276,45.66606664484248
1308702,45.66606664484248
1048165,45.66606664484248
1026148,77.03313137284691
1356887,49.13898965994467
1261360,49.13898965994467
1370470,33.064874309659736
1158108,33.151174695801714
1310318,33.151174695801714
1169123,309.25859528339623
1284825,309.25859528339623
1419475,270.2189384224288
1015073,679.6280553316877
1050460,679.6280553316877
1062552,679.6280553316877
1442880,131.92337591025642
1056463,69.80112009217684
1092421,69.80112009217684
1466619,380.42385538854455
1499218,380.42385538854455
1147287,679.6280553316877
1405738,161.42500067071174
1105094,161.42500067071174
1337968,161.5938818171938
1336903,545.377690469417
1422895,317.55939570701025
1068952,545.377690469417
1194176,72.91811059349153
1141516,72.91811059349153
1391466,178.513063500759
1444240,178.513063500759
1239251,178.513063500759
1377021,131.92337591025642
1089133,56.84953417431313
1051830,56.84953417431313
1339466,402.99267957661584
1111506,1041.9174258812368
1262202,1041.9174258812368
1317479,25.013209964024856
1052719,25.013209964024856
1460815,25.013209964024856
1095113,123.84940510274217
1228618,123.84940510274217
1359067,123.84940510274217
1352307,45.66606664484248
1069542,45.66606664484248
1121542,45.66606664484248
1401794,131.92337591025642
1290682,131.92337591025642
1118619,131.92337591025642
1348069,56.84953417431313
1216157,56.84953417431313
1133636,402.99267957661584
1124519,402.99267957661584
1422970,402.99267957661584
1000635,367.66451142142944
1247236,367.66451142142944
1287972,367.66451142142944
1476296,48.767932021816485
1101674,69.80112009217684
1051165,69.80112009217684
1035309,254.25104551803662
1385803,254.25104551803662
1160566,264.80200255916003
1442299,161.42500067071174
1457734,72.91811059349153
1214290,72.91811059349153
1189975,213.62577458661838
1353513,212.9814107271406
1444680,213.62577458661838
1190587,72.91811059349153
1320270,72.91811059349153
1196912,83.72342200515234
1254873,83.72342200515234
1438716,48.767932021816485
1226412,33.064874309659736
1238349,213.62577458661838
1179988,1041.9174258812368
1329187,1041.9174258812368
1266107,25.013209964024856
1276154,25.013209964024856
1470294,206.88397831927205
1317808,182.86622978738308
1479793,206.88397831927205
1108815,77.03313137284691
1230866,49.13898965994467
1242958,213.62577458661838
1017675,213.62577458661838
1157912,213.62577458661838
1460838,679.6280553316877
1145349,679.6280553316877
1447886,679.6280553316877
1140546,131.92337591025642
1065479,69.80112009217684
1332949,69.80112009217684
1328800,380.42385538854455
1349906,380.42385538854455
1301940,131.92337591025642
1480277,72.91811059349153
1060615,72.91811059349153
1383879,72.91811059349153
1457640,545.377690469417
1386787,317.55939570701025
1112156,545.377690469417
1106028,72.91811059349153
1381878,72.91811059349153
1352878,178.513063500759
1273271,178.513063500759
1414764,178.513063500759
1416932,131.92337591025642
1324346,56.84953417431313
1317691,56.84953417431313
1420775,317.55939570701025
1156522,1041.9174258812368
1173318,1041.9174258812368
1483231,25.013209964024856
1216877,25.013209964024856
1427174,380.42385538854455
1273324,380.42385538854455
1393208,131.92337591025642
1132673,54.552970886915695
1195290,54.552970886915695
1225162,54.552970886915695
1217013,123.84940510274217
1067336,123.84940510274217
1318084,123.84940510274217
1409495,45.66606664484248
1162475,45.66606664484248
1263657,679.6280553316877
1273195,131.92337591025642
1070791,131.92337591025642
1108277,56.84953417431313
1330573,56.84953417431313
1286582,56.84953417431313
1251025,311.8311780426093
1188609,311.8311780426093
1457607,272.88324961034596
1308326,679.6280553316877
1237926,679.6280553316877
1246248,679.6280553316877
1368739,131.92337591025642
1161565,69.80112009217684
1130233,69.80112009217684
1130092,380.42385538854455
1437101,380.42385538854455
1087168,131.92337591025642
1282035,72.91811059349153
1348562,72.91811059349153
1030911,72.91811059349153
1453288,545.377690469417
1457395,317.55939570701025
1100120,545.377690469417
1038934,72.91811059349153
1278331,72.91811059349153
1277416,178.513063500759
1487581,178.513063500759
1369127,178.513063500759
1129615,131.92337591025642
1402790,56.84953417431313
1405609,56.84953417431313
1268189,317.55939570701025
1465484,1041.9174258812368
1128406,1041.9174258812368
1428535,25.013209964024856
1172447,380.42385538854455
1468167,380.42385538854455
1183307,131.92337591025642
1445758,54.552970886915695
1077552,54.552970886915695
1363674,54.552970886915695
1329499,123.84940510274217
1095222,123.84940510274217
1200472,123.84940510274217
1183298,45.66606664484248
1460059,679.6280553316877
1335600,131.92337591025642
1448665,131.92337591025642
1208445,56.84953417431313
1224577,56.84953417431313
1130480,402.99267957661584
1207212,402.99267957661584
1008040,402.99267957661584
1203123,373.37273953705807
1184976,373.37273953705807
1283670,373.37273953705807
1467272,48.767932021816485
1456597,69.80112009217684
1069357,69.80112009217684
1391855,256.0759837508135
1044843,256.0759837508135
1333252,267.02492723476183
1011812,161.42500067071174
1177757,161.42500067071174
1417742,161.42500067071174
1133607,544.9287496724291
1316610,317.55939570701025
1423052,544.9287496724291
1157343,72.91811059349153
1492483,72.91811059349153
1183500,72.91811059349153
1048256,178.513063500759
1274093,178.513063500759
1072711,178.513063500759
1039477,33.064874309659736
1126466,33.064874309659736
1009353,33.151174695801714
1249006,309.17571821240165
1307672,1041.9174258812368
1133951,1041.9174258812368
1033661,25.013209964024856
1323552,25.013209964024856
1497257,307.7369094479718
1309184,123.84940510274217
1491854,307.7369094479718
1056575,45.66606664484248
1028786,45.66606664484248
1370973,77.03313137284691
1092291,49.13898965994467
1196047,49.13898965994467
1178951,43.8592119123437
1064759,33.151174695801714
1209288,33.151174695801714
1407837,309.3246012694244
1311885,309.3246012694244
1085213,270.2766389139939
1116819,201.93506461957222
1030695,201.93506461957222
1247893,201.99767683142636
1299413,48.767932021816485
1083003,69.80112009217684
1415718,69.80112009217684
1147571,198.23396685547178
1271581,198.2954371556617
1134359,198.47402156969744
1427631,161.5938818171938
1486099,161.42500067071174
1107278,72.91811059349153
1308113,544.9287496724291
1484768,212.9814107271406
1189322,544.9287496724291
1412337,83.72342200515234
1430159,83.72342200515234
1324630,33.064874309659736
1075144,309.17571821240165
1262296,1041.9174258812368
1153581,1041.9174258812368
1295298,182.86622978738308
1366195,89.70462824137277
1320991,89.70462824137277
1331309,45.66606664484248
1123405,77.03313137284691
1008514,49.13898965994467
1463743,49.13898965994467
1142480,33.064874309659736
1282614,33.151174695801714
1060117,33.151174695801714
1398093,309.3246012694244
1213187,309.3246012694244
1119745,1041.9174258812368
1271801,195.1244002063272
1002495,195.89123127808176
1035550,69.80112009217684
1277410,69.80112009217684
1103994,193.89987933426218
1201850,193.89987933426218
1093297,76.45564088850853
1032271,72.91811059349153
1339391,72.91811059349153
1323284,213.62577458661838
1492037,212.9814107271406
1236727,213.62577458661838
1423315,83.72342200515234
1409411,83.72342200515234
1464178,33.064874309659736
1039474,33.151174695801714
1235410,212.9814107271406
1403309,1041.9174258812368
1188811,1041.9174258812368
1310040,77.03313137284691
1488536,89.70462824137277
1407977,89.70462824137277
1481969,89.70462824137277
1397433,45.66606664484248
1356379,45.66606664484248
1057370,77.03313137284691
1114825,33.151174695801714
1119724,33.151174695801714
1094135,213.62577458661838
1220817,213.62577458661838
1380785,213.62577458661838
1040370,267.68164500409625
1097531,267.02492723476183
1407599,267.02492723476183
1348778,48.767932021816485
1216595,69.80112009217684
1084154,69.80112009217684
1338435,256.0759837508135
1453426,256.0759837508135
1448482,76.45564088850853
1125670,72.91811059349153
1293530,72.91811059349153
1498099,72.91811059349153
1393876,544.9287496724291
1190415,317.55939570701025
1127003,544.9287496724291
1160472,72.91811059349153
1482729,72.91811059349153
1340919,72.91811059349153
1214002,83.72342200515234
1493141,83.72342200515234
1344807,83.72342200515234
1067532,48.767932021816485
1260776,33.064874309659736
1189909,33.151174695801714
1196763,317.55939570701025
1452021,1041.9174258812368
1184241,1041.9174258812368
1235797,25.013209964024856
1313008,25.013209964024856
1345861,25.013209964024856
1218091,77.03313137284691
1266794,256.0759837508135
1332984,256.0759837508135
1047818,54.552970886915695
1085415,54.552970886915695
1282300,54.552970886915695
1055383,123.84940510274217
1401921,123.84940510274217
1261913,123.84940510274217
1456193,45.66606664484248
1391624,45.66606664484248
1319625,45.66606664484248
1041709,267.02492723476183
1373742,77.03313137284691
1206279,77.03313137284691
1082440,33.151174695801714
1051713,309.1097438937725
1009958,309.25859528339623
1059036,270.2189384224288
1153098,544.6612396300808
1055703,544.4929369299253
1102204,544.4929369299253
1127373,131.92337591025642
1301125,69.80112009217684
1075374,333.6567896421292
1391373,333.6567896421292
1488304,523.3238485362073
1264903,161.5938818171938
1072570,161.42500067071174
1497528,544.9287496724291
1207501,317.55939570701025
1009379,544.9287496724291
1234301,72.91811059349153
1114903,72.91811059349153
1478066,72.91811059349153
1490043,178.513063500759
1217315,178.513063500759
1227658,178.513063500759
1137145,131.92337591025642
1126583,43.8592119123437
1409649,33.151174695801714
1029390,309.17571821240165
1232890,1041.9174258812368
1199840,1041.9174258812368
1023964,25.013209964024856
1327489,25.013209964024856
1355001,123.84940510274217
1383483,269.0524879976676
1111467,269.0524879976676
1007527,45.66606664484248
1348534,45.66606664484248
1093795,131.92337591025642
1177395,131.92337591025642
1097789,131.92337591025642
1373961,33.151174695801714
1296788,33.151174695801714
1263671,309.3246012694244
1459766,309.3246012694244
1446318,270.2766389139939
1261433,679.6280553316877
1269069,679.6280553316877
1404230,679.6280553316877
1336029,131.92337591025642
1399299,69.80112009217684
1177248,69.80112009217684
1445768,380.42385538854455
1195695,380.42385538854455
1088152,131.92337591025642
1454215,72.91811059349153
1134300,72.91811059349153
1014383,72.91811059349153
1285817,545.377690469417
1138700,317.55939570701025
1461969,545.377690469417
1128200,72.91811059349153
1314452,72.91811059349153
1315250,72.91811059349153
1413674,178.513063500759
1056095,178.513063500759
1036858,178.513063500759
1485353,56.84953417431313
1390837,56.84953417431313
1194190,317.55939570701025
1119487,1041.9174258812368
1339749,1041.9174258812368
1061782,25.013209964024856
1135715,25.013209964024856
1164057,25.013209964024856
1107883,380.42385538854455
1270377,380.42385538854455
1198926,380.42385538854455
1191793,54.552970886915695
1224526,54.552970886915695
1006345,54.552970886915695
1454022,123.84940510274217
1349257,123.84940510274217
1222378,123.84940510274217
1214827,45.66606664484248
1374452,679.6280553316877
1180417,131.92337591025642
1028933,131.92337591025642
1210621,56.84953417431313
1167739,56.84953417431313
1088693,56.84953417431313
1361886,311.8311780426093
1141573,311.8311780426093
1196671,272.88324961034596
1146761,195.89123127808176
1261241,195.95197876648706
1443500,195.89123127808176
1403800,69.80112009217684
1466039,69.80112009217684
1179883,193.89987933426218
1240414,193.96001242441147
1180298,193.89987933426218
1490887,161.42500067071174
1256555,161.5938818171938
1001420,213.62577458661838
1142876,212.9814107271406
1281197,213.62577458661838
1455208,83.72342200515234
1253092,83.72342200515234
1135228,33.064874309659736
1177502,33.151174695801714
1407030,213.62577458661838
1195403,1041.9174258812368
1375107,1041.9174258812368
1429537,25.013209964024856
1381175,89.70462824137277
1137531,182.86622978738308
1109600,89.70462824137277
1421410,49.13898965994467
1486214,33.064874309659736
1395368,33.151174695801714
1397416,33.151174695801714
1359004,213.62577458661838
1421162,213.62577458661838
1398564,213.62577458661838
1089746,264.80200255916003
1410758,264.80200255916003
1002962,264.80200255916003
1351109,48.767932021816485
1428083,69.80112009217684
1484698,69.80112009217684
1028375,254.25104551803662
1206135,254.25104551803662
1436386,76.45564088850853
1367408,72.91811059349153
1053898,72.91811059349153
1382425,72.91811059349153
1292070,213.62577458661838
1480206,212.9814107271406
1120940,213.62577458661838
1468339,72.91811059349153
1136584,72.91811059349153
1211307,83.72342200515234
1369516,83.72342200515234
1184088,83.72342200515234
1105879,48.767932021816485
1143486,33.151174695801714
1026211,212.9814107271406
1050747,1041.9174258812368
1173416,1041.9174258812368
1415526,25.013209964024856
1167608,25.013209964024856
1448873,254.25104551803662
1242415,254.25104551803662
1121953,254.25104551803662
1403412,54.552970886915695
1035471,54.552970886915695
1292202,89.70462824137277
1108945,89.70462824137277
1066731,89.70462824137277
1258400,45.66606664484248
1151588,264.80200255916003
1414898,77.03313137284691
1327710,77.03313137284691
1064923,33.151174695801714
1420107,33.151174695801714
1123527,213.62577458661838
1000907,213.62577458661838
1378334,213.62577458661838
1130038,679.6280553316877
1464836,679.6280553316877
1353492,679.6280553316877
1484689,131.92337591025642
1274850,69.80112009217684
1252107,69.80112009217684
1255664,380.42385538854455
1131960,380.42385538854455
1412625,131.92337591025642
1440115,72.91811059349153
1382021,72.91811059349153
1395998,72.91811059349153
1270843,545.377690469417
1408164,317.55939570701025
1481165,545.377690469417
1437947,72.91811059349153
1439789,72.91811059349153
1275465,178.513063500759
1194753,178.513063500759
1147342,178.513063500759
1103660,131.92337591025642
1247834,56.84953417431313
1422780,56.84953417431313
1108976,317.55939570701025
1182231,1041.9174258812368
1067128,1041.9174258812368
1200620,25.013209964024856
1385060,25.013209964024856
1088753,25.013209964024856
1150452,380.42385538854455
1259844,131.92337591025642
1366093,380.42385538854455
1090724,54.552970886915695
1219034,54.552970886915695
1315638,54.552970886915695
1360974,123.84940510274217
1326611,123.84940510274217
1351077,123.84940510274217
1391976,45.66606664484248
1495438,45.66606664484248
1241681,45.66606664484248
1249355,679.6280553316877
1374023,131.92337591025642
1466744,131.92337591025642
1399018,56.84953417431313
1004548,56.84953417431313
1139669,56.84953417431313
1055616,311.8311780426093
1122846,311.8311780426093
1406454,272.88324961034596
1039371,195.89123127808176
1121211,195.89123127808176
1264908,195.89123127808176
1296533,193.89987933426218
1426208,193.96001242441147
1409006,193.89987933426218
1173379,72.91811059349153
1118431,161.42500067071174
1079464,72.91811059349153
1444017,213.62577458661838
1193489,212.9814107271406
1181755,213.62577458661838
1246156,83.72342200515234
1044415,83.72342200515234
1363391,33.064874309659736
1039041,33.151174695801714
1493857,213.62577458661838
1328770,1041.9174258812368
1345825,1041.9174258812368
1033807,182.86622978738308
1154816,182.86622978738308
1481379,89.70462824137277
1369285,45.66606664484248
1308262,49.13898965994467
1072338,49.13898965994467
1178054,33.151174695801714
1198327,33.151174695801714
1014144,213.62577458661838
1087415,213.62577458661838
1358775,213.62577458661838
1485144,679.6280553316877
1351561,679.6280553316877
1094451,679.6280553316877
1403001,131.92337591025642
1319256,69.80112009217684
1319491,69.80112009217684
1118664,380.42385538854455
1460451,380.42385538854455
1196492,679.6280553316877
1195267,72.91811059349153
1382081,72.91811059349153
1313925,161.5938818171938
1275885,545.377690469417
1483396,317.55939570701025
1491377,545.377690469417
1183714,72.91811059349153
1070954,72.91811059349153
1051931,72.91811059349153
1224290,178.513063500759
1258071,178.513063500759
1044208,56.84953417431313
1446159,56.84953417431313
1246054,56.84953417431313
1467684,402.99267957661584
1481364,1041.9174258812368
1463940,1041.9174258812368
1363332,25.013209964024856
1154879,25.013209964024856
1442863,123.84940510274217
1207734,123.84940510274217
1052063,123.84940510274217
1104983,45.66606664484248
1387722,45.66606664484248
1263095,45.66606664484248
1356728,131.92337591025642
1068227,131.92337591025642
1471794,131.92337591025642
1254577,56.84953417431313
1485687,56.84953417431313
1335177,56.84953417431313
1066128,402.99267957661584
1457115,402.99267957661584
1087099,402.99267957661584
1271835,373.37273953705807
1312239,373.37273953705807
1234576,373.37273953705807
1100724,48.767932021816485
1335989,69.80112009217684
1345160,69.80112009217684
1069628,256.0759837508135
1469630,256.0759837508135
1463021,267.02492723476183
1414175,161.42500067071174
1084662,161.5938818171938
1470501,161.42500067071174
1107382,213.62577458661838
1382879,212.9814107271406
1194304,213.62577458661838
1274988,72.91811059349153
1240654,83.72342200515234
1483648,83.72342200515234
1269302,33.064874309659736
1052405,33.064874309659736
1027289,33.151174695801714
1313290,213.62577458661838
1037102,1041.9174258812368
1484270,1041.9174258812368
1158511,25.013209964024856
1222111,89.70462824137277
1389785,89.70462824137277
1050510,89.70462824137277
1168202,45.66606664484248
1052745,45.66606664484248
1169013,77.03313137284691
1040540,49.13898965994467
1453344,49.13898965994467
1051817,33.151174695801714
1029890,33.151174695801714
1334159,213.62577458661838
1077256,213.62577458661838
1456855,213.62577458661838
1357059,679.6280553316877
1028254,679.6280553316877
1055924,679.6280553316877
1353130,131.92337591025642
1076577,69.80112009217684
1421169,69.80112009217684
1217432,380.42385538854455
1319084,380.42385538854455
1480696,131.92337591025642
1126504,72.91811059349153
1036146,72.91811059349153
1179723,72.91811059349153
1300063,545.377690469417
1165413,317.55939570701025
1488081,545.377690469417
1073773,72.91811059349153
1083750,72.91811059349153
1334811,178.513063500759
1283401,178.513063500759
1307591,178.513063500759
1325050,56.84953417431313
1038388,317.55939570701025
1047892,1041.9174258812368
1221712,1041.9174258812368
1032642,25.013209964024856
1098944,25.013209964024856
1383592,131.92337591025642
1110449,380.42385538854455
1127095,131.92337591025642
1309125,54.552970886915695
1326605,54.552970886915695
1377977,54.552970886915695
1251620,123.84940510274217
1001984,123.84940510274217
1419512,123.84940510274217
1428246,45.66606664484248
1343497,45.66606664484248
1120131,45.66606664484248
1333616,679.6280553316877
1211759,131.92337591025642
1344886,131.92337591025642
1442954,56.84953417431313
1147289,56.84953417431313
1344427,56.84953417431313
1341626,402.99267957661584
1166087,402.99267957661584
1148765,402.99267957661584
1100317,373.37273953705807
1156949,373.37273953705807
1134301,373.37273953705807
1304812,48.767932021816485
1209150,69.80112009217684
1221546,69.80112009217684
1180229,256.0759837508135
1221830,358.0794382407501
1089009,267.02492723476183
1177992,72.91811059349153
1336611,72.91811059349153
1017666,72.91811059349153
1495930,544.9287496724291
1004518,317.55939570701025
1065792,544.9287496724291
1163862,72.91811059349153
1167812,72.91811059349153
1279711,72.91811059349153
1294408,178.513063500759
1301442,178.513063500759
1337742,42.370124291524746
1471675,43.8592119123437
1441363,33.151174695801714
1250420,309.17571821240165
1023350,1041.9174258812368
1460257,1041.9174258812368
1243217,25.013209964024856
1383376,269.0524879976676
1004792,123.84940510274217
1471500,123.84940510274217
1388970,45.66606664484248
1255438,45.66606664484248
1496795,77.03313137284691
1346793,49.13898965994467
1273441,49.13898965994467
1208761,33.064874309659736
1315511,33.151174695801714
1123237,33.151174695801714
1147453,309.3246012694244
1401269,309.3246012694244
1435027,270.2766389139939
1479842,373.37273953705807
1335120,373.37273953705807
1266346,373.37273953705807
1443298,48.767932021816485
1160998,69.80112009217684
1433094,69.80112009217684
1354912,256.0759837508135
1489710,256.0759837508135
1206483,267.02492723476183
1205178,161.42500067071174
1382964,161.42500067071174
1098649,161.5938818171938
1328013,544.9287496724291
1116922,317.55939570701025
1357329,544.9287496724291
1154131,72.91811059349153
1203305,72.91811059349153
1405532,72.91811059349153
1272906,83.72342200515234
1278925,83.72342200515234
1214073,33.064874309659736
1131539,33.064874309659736
1391815,309.17571821240165
1308041,1041.9174258812368
1361501,1041.9174258812368
1359350,25.013209964024856
1167619,123.84940510274217
1411529,307.7369094479718
1209955,307.7369094479718
1285450,77.03313137284691
1323323,49.13898965994467
1293905,49.13898965994467
1159054,33.064874309659736
1478629,33.151174695801714
1401429,33.151174695801714
1194866,309.3246012694244
1123969,309.3246012694244
1313035,270.2766389139939
1201640,679.6280553316877
1471555,679.6280553316877
1172117,679.6280553316877
1283593,131.92337591025642
1007891,69.80112009217684
1464379,69.80112009217684
1187374,380.42385538854455
1386015,380.42385538854455
1451683,679.6280553316877
1339299,161.42500067071174
1357633,72.91811059349153
1111401,161.5938818171938
1196208,545.377690469417
1052664,317.55939570701025
1186550,545.377690469417
1326138,178.513063500759
1427762,178.513063500759
1361966,178.513063500759
1383155,131.92337591025642
1030857,56.84953417431313
1139627,56.84953417431313
1154847,311.8311780426093
1213496,1041.9174258812368
1378286,1041.9174258812368
1460258,25.013209964024856
1186075,25.013209964024856
1017536,25.013209964024856
1450900,123.84940510274217
1224522,123.84940510274217
1127451,123.84940510274217
1318678,45.66606664484248
1106083,131.92337591025642
1482122,131.92337591025642
1436549,131.92337591025642
1093672,56.84953417431313
1469694,56.84953417431313
1276722,56.84953417431313
1481414,311.8311780426093
1004561,311.8311780426093
1002579,272.88324961034596
1365062,373.37273953705807
1101142,373.37273953705807
1273134,373.37273953705807
1134994,69.80112009217684
1154883,69.80112009217684
1277171,256.0759837508135
1249231,256.0759837508135
1038965,267.02492723476183
1101252,161.5938818171938
1114666,72.91811059349153
1096073,161.5938818171938
1271716,544.9287496724291
1141248,212.9814107271406
1108677,544.9287496724291
1270680,72.91811059349153
1131586,72.91811059349153
1407745,83.72342200515234
1234038,83.72342200515234
1349426,83.72342200515234
1281501,33.064874309659736
1357408,33.064874309659736
1442391,33.151174695801714
1172744,309.1097438937725
1272747,1041.9174258812368
1459972,1041.9174258812368
1040817,25.013209964024856
1216412,25.013209964024856
1233243,89.70462824137277
1077136,89.70462824137277
1297231,89.70462824137277
1050850,45.66606664484248
1183320,45.66606664484248
1214420,77.03313137284691
1298875,49.13898965994467
1432084,49.13898965994467
1474249,33.151174695801714
1335742,33.151174695801714
1232971,309.1097438937725
1391564,309.1097438937725
1151399,270.2189384224288
1462159,198.8408231880495
1340640,198.06250435876063
1054399,198.8408231880495
1071053,48.767932021816485
1243523,69.80112009217684
1349753,69.80112009217684
1441077,196.81963916107793
1412754,196.88067309416985
1263819,76.45564088850853
1456889,72.91811059349153
1248108,72.91811059349153
1289400,72.91811059349153
1243803,213.62577458661838
1326115,212.9814107271406
1351029,213.62577458661838
1284951,72.91811059349153
1046968,83.72342200515234
1494739,83.72342200515234
1334284,33.064874309659736
1221331,33.151174695801714
1282357,212.9814107271406
1019938,1041.9174258812368
1339356,1041.9174258812368
1393711,25.013209964024856
1028210,25.013209964024856
1123788,198.9024807235865
1434656,196.81963916107793
1208743,54.552970886915695
1045564,54.552970886915695
1312452,54.552970886915695
1275245,89.70462824137277
1031647,89.70462824137277
1054056,89.70462824137277
1118218,45.66606664484248
1245179,45.66606664484248
1239770,196.81963916107793
1420458,77.03313137284691
1313365,77.03313137284691
1070617,33.4631605902943
1392760,33.151174695801714
1015640,43.97285881075489
1098563,213.62577458661838
1323315,213.62577458661838
1179775,213.62577458661838
1273247,267.02492723476183
1136816,267.02492723476183
1032841,267.02492723476183
1207961,69.80112009217684
1347248,69.80112009217684
1089518,256.0759837508135
1050183,256.0759837508135
1338001,76.45564088850853
1165646,72.91811059349153
1391820,72.91811059349153
1477155,72.91811059349153
1389901,213.62577458661838
1242455,212.9814107271406
1053974,213.62577458661838
1498709,72.91811059349153
1428777,83.72342200515234
1046377,83.72342200515234
1254119,83.72342200515234
1085095,48.767932021816485
1485136,33.064874309659736
1157854,33.151174695801714
1169953,212.9814107271406
1217570,1041.9174258812368
1249972,1041.9174258812368
1169083,25.013209964024856
1475801,25.013209964024856
1359599,256.0759837508135
1039687,256.0759837508135
1498185,77.03313137284691
1131747,54.552970886915695
1403023,54.552970886915695
1108801,89.70462824137277
1397460,89.70462824137277
1121415,89.70462824137277
1282806,45.66606664484248
1051075,267.02492723476183
1367997,77.03313137284691
1041473,77.03313137284691
1315013,33.064874309659736
1041864,43.97285881075489
1171509,33.151174695801714
1331445,213.62577458661838
1089775,213.62577458661838
1472724,213.62577458661838
1361205,267.02492723476183
1396555,267.02492723476183
1358836,267.02492723476183
1331407,48.767932021816485
1452274,69.80112009217684
1390714,69.80112009217684
1228822,256.0759837508135
1452554,256.0759837508135
1029070,76.45564088850853
1228033,72.91811059349153
1478440,72.91811059349153
1043154,72.91811059349153
1478265,544.9287496724291
1470381,212.9814107271406
1222984,544.9287496724291
1052650,72.91811059349153
1372888,72.91811059349153
1293367,83.72342200515234
1165645,83.72342200515234
1154429,83.72342200515234
1021459,48.767932021816485
1422321,33.064874309659736
1366611,33.151174695801714
1350569,212.9814107271406
1312949,1041.9174258812368
1348257,1041.9174258812368
1440671,25.013209964024856
1083790,256.0759837508135
1463499,77.03313137284691
1123111,256.0759837508135
1222993,54.552970886915695
1261754,54.552970886915695
1374992,54.552970886915695
1181948,89.70462824137277
1437293,89.70462824137277
1203616,89.70462824137277
1410350,45.66606664484248
1116914,267.02492723476183
1344894,77.03313137284691
1146264,77.03313137284691
1415887,33.064874309659736
1127683,33.151174695801714
1146258,43.97285881075489
1019990,309.1097438937725
1032774,309.1097438937725
1484259,270.2189384224288
1322980,198.8408231880495
1265570,198.8408231880495
1231701,198.8408231880495
1119849,48.767932021816485
1173395,69.80112009217684
1036045,69.80112009217684
1053779,196.88067309416985
1303542,196.81963916107793
1347349,196.88067309416985
1481384,161.42500067071174
1096564,161.42500067071174
1474850,161.42500067071174
1193654,213.62577458661838
1159117,212.9814107271406
1353804,213.62577458661838
1375433,83.72342200515234
1146173,83.72342200515234
1353342,33.151174695801714
1402445,213.62577458661838
1105415,1041.9174258812368
1402829,1041.9174258812368
1036213,89.70462824137277
1030302,182.86622978738308
1404791,182.86622978738308
1093896,77.03313137284691
1402246,33.151174695801714
1287476,33.151174695801714
1493850,213.62577458661838
1095490,213.62577458661838
1329120,213.62577458661838
1402691,292.85397451262736
1426744,292.85397451262736
1443312,292.85397451262736
1298678,48.767932021816485
1156213,69.80112009217684
1363905,231.29645933322587
1102864,231.3681305111564
1278807,233.67109565607413
1308940,161.42500067071174
1396950,161.5938818171938
1302314,72.91811059349153
1054201,544.9287496724291
1056665,212.9814107271406
1482353,544.9287496724291
1440278,72.91811059349153
1330860,72.91811059349153
1148716,83.72342200515234
1488302,83.72342200515234
1051906,83.72342200515234
1152850,48.767932021816485
1320652,43.8592119123437
1386934,33.151174695801714
1433199,309.17571821240165
1227005,1041.9174258812368
1131938,1041.9174258812368
1120598,89.70462824137277
1355736,182.86622978738308
1037052,89.70462824137277
1329665,45.66606664484248
1055315,45.66606664484248
1088819,45.66606664484248
1277933,77.03313137284691
1166225,49.13898965994467
1293329,49.13898965994467
1349351,33.151174695801714
1054906,309.3246012694244
1004507,309.3246012694244
1191410,270.2766389139939
1237519,373.37273953705807
1101366,373.37273953705807
1063294,373.37273953705807
1417445,48.767932021816485
1315888,69.80112009217684
1392155,69.80112009217684
1158773,256.0759837508135
1303629,256.0759837508135
1262956,267.02492723476183
1143046,72.91811059349153
1084443,161.42500067071174
1131770,161.42500067071174
1425588,544.9287496724291
1254738,317.55939570701025
1418776,544.9287496724291
1041100,72.91811059349153
1433561,83.72342200515234
1195998,83.72342200515234
1356831,83.72342200515234
1431024,33.064874309659736
1229088,33.064874309659736
1490332,33.151174695801714
1173268,309.1097438937725
1460060,1041.9174258812368
1336420,1041.9174258812368
1369493,25.013209964024856
1167595,25.013209964024856
1213428,25.013209964024856
1309558,123.84940510274217
1170333,269.0524879976676
1268761,269.0524879976676
1326400,45.66606664484248
1355420,45.66606664484248
1117059,45.66606664484248
1280259,77.03313137284691
1047301,49.13898965994467
1405693,49.13898965994467
1192141,43.8592119123437
1041377,43.97285881075489
1488435,33.151174695801714
1427131,309.25859528339623
1002220,309.25859528339623
1301771,270.2189384224288
1219875,199.00149068801363
1246237,199.00149068801363
1045704,198.93980261403385
1023309,48.767932021816485
1228393,69.80112009217684
1187353,69.80112009217684
1143421,195.35389498349699
1402925,195.29333196690015
1093785,195.59047953226295
1146882,161.42500067071174
1318929,161.42500067071174
1203442,161.42500067071174
1004420,213.62577458661838
1014090,212.9814107271406
1398042,213.62577458661838
1264681,83.72342200515234
1017526,83.72342200515234
1458262,33.064874309659736
1150678,33.064874309659736
1320376,213.62577458661838
1317677,1041.9174258812368
1352082,1041.9174258812368
1368925,89.70462824137277
1269920,89.70462824137277
1117989,89.70462824137277
1041166,77.03313137284691
1045010,49.13898965994467
1304495,49.13898965994467
1416081,33.151174695801714
1031438,33.151174695801714
1180183,33.151174695801714
1432441,213.62577458661838
1401070,213.62577458661838
1296303,213.62577458661838
1495457,373.37273953705807
1215871,373.37273953705807
1143636,373.37273953705807
1058496,48.767932021816485
1443889,69.80112009217684
1180874,69.80112009217684
1048380,256.0759837508135
1263996,256.0759837508135
1149931,267.02492723476183
1022424,161.5938818171938
1218254,72.91811059349153
1112554,72.91811059349153
1009750,544.9287496724291
1056322,317.55939570701025
1083054,544.9287496724291
1200089,72.91811059349153
1318982,83.72342200515234
1363303,83.72342200515234
1042514,83.72342200515234
1137634,33.064874309659736
1495807,33.064874309659736
1466731,33.151174695801714
1080998,309.1097438937725
1397257,1041.9174258812368
1325299,1041.9174258812368
1205461,25.013209964024856
1386895,25.013209964024856
1170771,25.013209964024856
1381779,269.0524879976676
1136184,123.84940510274217
1389254,269.0524879976676
1162273,45.66606664484248
1490297,45.66606664484248
1198587,77.03313137284691
1006648,49.13898965994467
1357410,49.13898965994467
1066458,33.064874309659736
1126128,33.151174695801714
1481585,33.151174695801714
1081125,309.25859528339623
1316293,309.25859528339623
1233845,270.2189384224288
1395557,679.6280553316877
1175595,679.6280553316877
1462272,679.6280553316877
1168538,131.92337591025642
1096333,69.80112009217684
1200477,69.80112009217684
1101186,380.42385538854455
1030030,380.42385538854455
1151876,679.6280553316877
1404563,161.5938818171938
1224600,161.5938818171938
1386814,161.5938818171938
1329521,545.377690469417
1107904,317.55939570701025
1026288,545.377690469417
1063382,72.91811059349153
1072318,72.91811059349153
1336287,178.513063500759
1388838,178.513063500759
1231318,178.513063500759
1460552,131.92337591025642
1494117,56.84953417431313
1419467,56.84953417431313
1247675,402.99267957661584
1257289,1041.9174258812368
1187581,1041.9174258812368
1250575,25.013209964024856
1355719,25.013209964024856
1322958,123.84940510274217
1110998,123.84940510274217
1026632,123.84940510274217
1468197,45.66606664484248
1429143,45.66606664484248
1110002,131.92337591025642
1353989,131.92337591025642
1368664,131.92337591025642
1233222,56.84953417431313
1483390,56.84953417431313
1025301,56.84953417431313
1348159,402.99267957661584
1404114,402.99267957661584
1137543,402.99267957661584
1315211,679.6280553316877
1153898,679.6280553316877
1281814,679.6280553316877
1416927,131.92337591025642
1128826,69.80112009217684
1471144,69.80112009217684
1049350,380.42385538854455
1131538,380.42385538854455
1163574,131.92337591025642
1208422,72.91811059349153
1494813,72.91811059349153
1166910,72.91811059349153
1400040,545.377690469417
1392051,317.55939570701025
1061242,545.377690469417
1230087,72.91811059349153
1062235,72.91811059349153
1330041,178.513063500759
1250606,178.513063500759
1000748,178.513063500759
1065507,56.84953417431313
1399913,56.84953417431313
1164086,317.55939570701025
1199454,1041.9174258812368
1484932,1041.9174258812368
1057929,25.013209964024856
1318694,380.42385538854455
1244936,380.42385538854455
1103112,380.42385538854455
1198144,54.552970886915695
1454651,54.552970886915695
1125120,54.552970886915695
1367873,123.84940510274217
1152380,123.84940510274217
1425925,123.84940510274217
1387841,45.66606664484248
1325701,45.66606664484248
1297570,679.6280553316877
1193708,131.92337591025642
1216003,131.92337591025642
1189783,56.84953417431313
1009315,56.84953417431313
1333953,56.84953417431313
1036613,402.99267957661584
1134711,402.99267957661584
1053860,402.99267957661584
1438974,288.51677607585594
1095568,288.51677607585594
1369255,288.51677607585594
1370235,48.767932021816485
1055921,69.80112009217684
1104908,69.80112009217684
1323957,227.93844508974954
1067345,227.86783175737463
1483471,230.2787543177377
1376912,161.42500067071174
1078062,161.42500067071174
1443211,161.42500067071174
1083456,544.9287496724291
1100793,212.9814107271406
1290854,544.9287496724291
1089558,72.91811059349153
1100250,72.91811059349153
1420158,83.72342200515234
1267746,83.72342200515234
1283121,83.72342200515234
1422003,48.767932021816485
1228679,33.064874309659736
1399603,33.151174695801714
1133114,309.1097438937725
1213738,1041.9174258812368
1109919,1041.9174258812368
1076832,25.013209964024856
1067896,25.013209964024856
1009282,25.013209964024856
1047239,89.70462824137277
1133053,89.70462824137277
1219095,89.70462824137277
1410114,45.66606664484248
1386771,45.66606664484248
1322930,45.66606664484248
1400695,77.03313137284691
1361334,49.13898965994467
1242163,49.13898965994467
1324093,33.151174695801714
1122716,33.151174695801714
1082302,33.151174695801714
1436025,309.1097438937725
1136040,309.1097438937725
1363491,270.2189384224288
1469698,201.99767683142636
1470409,201.93506461957222
1044051,201.99767683142636
1238870,48.767932021816485
1256441,69.80112009217684
1209146,198.23396685547178
1256407,198.2954371556617
1221582,198.47402156969744
1383790,72.91811059349153
1325056,72.91811059349153
1265434,161.5938818171938
1388704,544.9287496724291
1313545,317.55939570701025
1395631,544.9287496724291
1051001,72.91811059349153
1431352,83.72342200515234
1410965,83.72342200515234
1483756,48.767932021816485
1290899,33.064874309659736
1199703,33.151174695801714
1237610,309.17571821240165
1444912,1041.9174258812368
1420680,1041.9174258812368
1483148,123.84940510274217
1107862,123.84940510274217
1337109,45.66606664484248
1247940,45.66606664484248
1429379,77.03313137284691
1495441,49.13898965994467
1010582,33.151174695801714
1442966,43.97285881075489
1147172,33.151174695801714
1183397,309.17571821240165
1205751,309.17571821240165
1094254,270.2766389139939
1412751,373.37273953705807
1006145,373.37273953705807
1175281,373.37273953705807
1493704,48.767932021816485
1226267,69.80112009217684
1255164,69.80112009217684
1310037,256.0759837508135
1457996,256.0759837508135
1294289,267.02492723476183
1320535,161.42500067071174
1216489,161.5938818171938
1157061,161.42500067071174
1173815,544.9287496724291
1354780,212.9814107271406
1305979,544.9287496724291
1432851,83.72342200515234
1007110,83.72342200515234
1419717,83.72342200515234
1276891,48.767932021816485
1034437,33.064874309659736
1449768,33.151174695801714
1397560,309.17571821240165
1310851,1041.9174258812368
1436856,1041.9174258812368
1265589,25.013209964024856
1445268,89.70462824137277
1075807,89.70462824137277
1109491,89.70462824137277
1018204,45.66606664484248
1469298,45.66606664484248
1345768,45.66606664484248
1087184,77.03313137284691
1325614,49.13898965994467
1005390,49.13898965994467
1381072,33.151174695801714
1372407,33.151174695801714
1472769,33.151174695801714
1089646,309.17571821240165
1490925,309.17571821240165
1175440,270.2766389139939
1232486,267.02492723476183
1426884,267.02492723476183
1018982,267.02492723476183
1024533,48.767932021816485
1423458,69.80112009217684
1256007,69.80112009217684
1072327,256.0759837508135
1200918,256.0759837508135
1031606,76.45564088850853
1171496,72.91811059349153
1125996,72.91811059349153
1283888,72.91811059349153
1418131,544.9287496724291
1400837,212.9814107271406
1471564,544.9287496724291
1348293,72.91811059349153
1360248,72.91811059349153
1037188,72.91811059349153
1275453,83.72342200515234
1153084,83.72342200515234
1476703,83.72342200515234
1214045,48.767932021816485
1339201,43.8592119123437
1430832,212.9814107271406
1429517,1041.9174258812368
1182953,1041.9174258812368
1459302,25.013209964024856
1177955,25.013209964024856
1157643,77.03313137284691
1284388,256.0759837508135
1364451,256.0759837508135
1156252,54.552970886915695
1375220,54.552970886915695
1261074,54.552970886915695
1147021,89.70462824137277
1456278,89.70462824137277
1054169,89.70462824137277
1110323,45.66606664484248
1289831,267.02492723476183
1149805,77.03313137284691
1266061,77.03313137284691
1220931,33.151174695801714
1021717,33.151174695801714
1323802,309.1097438937725
1422028,309.1961820530294
1291601,270.2189384224288
1094087,201.93506461957222
1347974,201.93506461957222
1347782,200.51210892999336
1215159,48.767932021816485
1456299,69.80112009217684
1165289,69.80112009217684
1047535,198.23396685547178
1067260,198.23396685547178
1160219,76.45564088850853
1231638,72.91811059349153
1189643,72.91811059349153
1061333,72.91811059349153
1152031,544.9287496724291
1157645,212.9814107271406
1455353,544.9287496724291
1307614,72.91811059349153
1122805,83.72342200515234
1200378,83.72342200515234
1277405,83.72342200515234
1118213,48.767932021816485
1111285,33.064874309659736
1333036,33.151174695801714
1292612,212.9814107271406
1265026,1041.9174258812368
1063432,1041.9174258812368
1490530,25.013209964024856
1199264,25.013209964024856
1315953,43.8592119123437
1325057,201.75338161485206
1000967,54.552970886915695
1102240,54.552970886915695
1094031,54.552970886915695
1461407,89.70462824137277
1296839,89.70462824137277
1285572,89.70462824137277
1486559,45.66606664484248
1438178,45.66606664484248
1429602,198.5355659347451
1007013,77.03313137284691
1413676,77.03313137284691
1324205,33.064874309659736
1052327,33.151174695801714
1051118,33.151174695801714
1063944,309.17571821240165
1327596,309.17571821240165
1271465,270.2766389139939
1112605,679.6280553316877
1215120,679.6280553316877
1334605,679.6280553316877
1089940,131.92337591025642
1493329,69.80112009217684
1310666,69.80112009217684
1226985,380.42385538854455
1157971,380.42385538854455
1406109,131.92337591025642
1158730,72.91811059349153
1192020,72.91811059349153
1488470,72.91811059349153
1399584,545.377690469417
1186148,317.55939570701025
1295143,545.377690469417
1033644,72.91811059349153
1043832,72.91811059349153
1278865,72.91811059349153
1122933,178.513063500759
1099771,178.513063500759
1342064,178.513063500759
1087115,131.92337591025642
1021203,56.84953417431313
1158238,56.84953417431313
1374260,317.55939570701025
1402324,1041.9174258812368
1412744,1041.9174258812368
1482782,25.013209964024856
1046637,25.013209964024856
1498015,25.013209964024856
1312237,380.42385538854455
1171583,380.42385538854455
1439200,380.42385538854455
1365652,54.552970886915695
1116454,54.552970886915695
1329325,54.552970886915695
1398733,123.84940510274217
1175214,123.84940510274217
1235841,123.84940510274217
1467381,45.66606664484248
1129652,45.66606664484248
1025418,45.66606664484248
1107242,679.6280553316877
1225616,131.92337591025642
1399642,131.92337591025642
1002587,56.84953417431313
1353808,56.84953417431313
1261445,402.99267957661584
1315349,402.99267957661584
1032554,402.99267957661584
1044666,679.6280553316877
1126295,679.6280553316877
1031019,679.6280553316877
1351254,131.92337591025642
1303377,69.80112009217684
1360145,69.80112009217684
1339191,380.42385538854455
1263562,380.42385538854455
1249506,131.92337591025642
1072489,72.91811059349153
1054327,72.91811059349153
1301459,72.91811059349153
1164130,545.377690469417
1292366,317.55939570701025
1227051,545.377690469417
1052043,72.91811059349153
1270293,72.91811059349153
1149914,72.91811059349153
1476554,178.513063500759
1205729,178.513063500759
1211146,178.513063500759
1193406,131.92337591025642
1256086,56.84953417431313
1119492,56.84953417431313
1424001,317.55939570701025
1318873,1041.9174258812368
1497229,1041.9174258812368
1411464,25.013209964024856
1275922,25.013209964024856
1067311,25.013209964024856
1063232,131.92337591025642
1263804,380.42385538854455
1119525,380.42385538854455
1042841,54.552970886915695
1163114,54.552970886915695
1394950,54.552970886915695
1083661,123.84940510274217
1353626,123.84940510274217
1238795,123.84940510274217
1257162,45.66606664484248
1407540,45.66606664484248
1087300,45.66606664484248
1016398,679.6280553316877
1031482,131.92337591025642
1476710,131.92337591025642
1424685,56.84953417431313
1087043,56.84953417431313
1241336,56.84953417431313
1126102,402.99267957661584
1388334,402.99267957661584
1075523,402.99267957661584
1216578,199.00149068801363
1351219,198.93980261403385
1287845,199.00149068801363
1147190,48.767932021816485
1419860,69.80112009217684
1023806,69.80112009217684
1185678,195.29333196690015
1353996,195.35389498349699
1471183,195.52984354398447
1054272,161.42500067071174
1005347,72.91811059349153
1327124,161.42500067071174
1234527,544.9287496724291
1077178,317.55939570701025
1066705,544.9287496724291
1072459,72.91811059349153
1003680,72.91811059349153
1416476,83.72342200515234
1167184,83.72342200515234
1077352,33.064874309659736
1354900,33.151174695801714
1260212,309.1097438937725
1130888,1041.9174258812368
1164137,1041.9174258812368
1047397,25.013209964024856
1497822,307.7369094479718
1366177,307.7369094479718
1235630,307.7369094479718
1161125,45.66606664484248
1214466,77.03313137284691
1379939,49.13898965994467
1397477,49.13898965994467
1490466,33.151174695801714
1402609,33.151174695801714
1254730,309.25859528339623
1025202,309.25859528339623
1373526,270.2189384224288
1203194,373.37273953705807
1364965,373.37273953705807
1403750,373.37273953705807
1205495,48.767932021816485
1399393,69.80112009217684
1114827,69.80112009217684
1209003,256.0759837508135
1068087,256.0759837508135
1157260,267.02492723476183
1286151,72.91811059349153
1287783,161.42500067071174
1246214,161.42500067071174
1103243,544.9287496724291
1412094,212.9814107271406
1435140,544.9287496724291
1246825,72.91811059349153
1159089,83.72342200515234
1049141,83.72342200515234
1246940,83.72342200515234
1378005,48.767932021816485
1433386,33.064874309659736
1207002,33.151174695801714
1051838,309.17571821240165
1376509,1041.9174258812368
1110219,1041.9174258812368
1331890,25.013209964024856
1253163,25.013209964024856
1302373,25.013209964024856
1434614,89.70462824137277
1148001,89.70462824137277
1212594,182.86622978738308
1105749,45.66606664484248
1410871,45.66606664484248
1125176,77.03313137284691
1432030,49.13898965994467
1134077,49.13898965994467
1017556,33.064874309659736
1222099,33.151174695801714
1381777,33.151174695801714
1459975,309.3246012694244
1163173,309.3246012694244
1496357,270.2766389139939
1427545,195.89123127808176
1095607,195.95197876648706
1039372,195.89123127808176
1265219,48.767932021816485
1406375,193.89987933426218
1448552,193.89987933426218
1059119,76.45564088850853
1359625,72.91811059349153
1255874,72.91811059349153
1338420,72.91811059349153
1402396,213.62577458661838
1478102,212.9814107271406
1471087,1041.9174258812368
1284661,83.72342200515234
1420413,33.064874309659736
1364745,33.151174695801714
1019952,212.9814107271406
1387028,1041.9174258812368
1215711,1041.9174258812368
1435910,54.552970886915695
1452281,54.552970886915695
1170208,89.70462824137277
1443567,89.70462824137277
1390206,89.70462824137277
1089737,193.96001242441147
1279096,77.03313137284691
1301192,33.151174695801714
1191560,213.62577458661838
1117758,213.62577458661838
1243690,213.62577458661838
1041884,267.02492723476183
1490464,267.02492723476183
1041468,267.02492723476183
1491705,48.767932021816485
1288797,69.80112009217684
1472568,69.80112009217684
1202662,256.0759837508135
1285966,256.0759837508135
1068045,267.02492723476183
1274550,72.91811059349153
1321002,72.91811059349153
1094705,72.91811059349153
1021807,544.9287496724291
1302798,212.9814107271406
1060391,544.9287496724291
1006816,72.91811059349153
1095767,72.91811059349153
1101734,83.72342200515234
1171313,83.72342200515234
1281698,83.72342200515234
1435552,48.767932021816485
1018032,33.064874309659736
1463075,33.151174695801714
1055113,212.9814107271406
1416492,1041.9174258812368
1357343,1041.9174258812368
1290035,25.013209964024856
1253166,25.013209964024856
1173529,25.013209964024856
1315404,256.0759837508135
1068463,256.0759837508135
1140698,256.0759837508135
1449468,54.552970886915695
1093081,54.552970886915695
1357469,54.552970886915695
1076524,89.70462824137277
1324338,89.70462824137277
1306071,89.70462824137277
1099884,45.66606664484248
1010388,45.66606664484248
1404662,267.02492723476183
1129536,77.03313137284691
1425079,77.03313137284691
1217642,43.97285881075489
1063344,43.97285881075489
1104032,309.17571821240165
1289590,309.17571821240165
1037247,270.2766389139939
1441494,267.02492723476183
1111278,267.02492723476183
1111214,267.02492723476183
1409949,48.767932021816485
1408381,69.80112009217684
1487695,69.80112009217684
1086128,256.0759837508135
1051069,256.0759837508135
1033575,76.45564088850853
1134606,72.91811059349153
1335692,72.91811059349153
1220076,72.91811059349153
1045804,213.62577458661838
1410900,212.9814107271406
1491784,213.62577458661838
1155929,83.72342200515234
1421340,83.72342200515234
1247621,83.72342200515234
1112082,33.064874309659736
1352909,33.151174695801714
1209918,212.9814107271406
1101949,1041.9174258812368
1307199,1041.9174258812368
1340615,25.013209964024856
1265011,77.03313137284691
1349155,256.0759837508135
1295471,77.03313137284691
1465044,54.552970886915695
1122408,54.552970886915695
1357576,54.552970886915695
1395249,89.70462824137277
1167154,89.70462824137277
1338367,89.70462824137277
1335658,45.66606664484248
1259183,267.02492723476183
1380027,77.03313137284691
1291944,77.03313137284691
1066693,33.064874309659736
1463866,33.151174695801714
1496936,33.151174695801714
1083629,213.62577458661838
1458918,213.62577458661838
1181328,213.62577458661838
1381586,552.1082667017112
1011414,552.1082667017112
1474243,552.1082667017112
1394187,131.92337591025642
1196663,69.80112009217684
1088646,69.80112009217684
1342720,345.98465481657826
1102185,345.98465481657826
1333552,131.92337591025642
1410152,72.91811059349153
1372949,72.91811059349153
1131961,72.91811059349153
1318987,544.9287496724291
1309137,317.55939570701025
1358786,544.9287496724291
1032920,72.91811059349153
1262458,72.91811059349153
1327846,178.513063500759
1429378,178.513063500759
1136853,178.513063500759
1274362,131.92337591025642
1455282,33.064874309659736
1201206,33.151174695801714
1484461,317.55939570701025
1229441,1041.9174258812368
1025339,1041.9174258812368
1299332,25.013209964024856
1103612,345.98465481657826
1444918,345.98465481657826
1199571,345.98465481657826
1083814,54.552970886915695
1030045,54.552970886915695
1083856,54.552970886915695
1041927,123.84940510274217
1132474,123.84940510274217
1326550,123.84940510274217
1203590,45.66606664484248
1468345,45.66606664484248
1062614,45.66606664484248
1252301,552.1082667017112
1312450,131.92337591025642
1227321,131.92337591025642
1143199,33.064874309659736
1388818,33.151174695801714
1045336,33.151174695801714
1208100,309.1097438937725
1487438,309.25859528339623
1314619,270.2189384224288
1446773,373.37273953705807
1379642,373.37273953705807
1463434,373.37273953705807
1359547,48.767932021816485
1189931,69.80112009217684
1104414,69.80112009217684
1294658,256.0759837508135
1041008,256.0759837508135
1388157,267.02492723476183
1036924,161.42500067071174
1412783,161.42500067071174
1239271,161.5938818171938
1164460,544.9287496724291
1120076,317.55939570701025
1033560,544.9287496724291
1241991,72.91811059349153
1050973,72.91811059349153
1488516,178.513063500759
1487269,178.513063500759
1494672,178.513063500759
1055343,33.064874309659736
1276086,33.064874309659736
1427992,309.1097438937725
1062785,1041.9174258812368
1393239,1041.9174258812368
1359687,25.013209964024856
1185486,25.013209964024856
1237451,123.84940510274217
1383706,123.84940510274217
1484601,307.7369094479718
1293278,45.66606664484248
1302677,45.66606664484248
1202037,77.03313137284691
1430558,49.13898965994467
1338945,49.13898965994467
1078324,33.064874309659736
1387934,33.151174695801714
1478529,33.151174695801714
1120072,309.25859528339623
1377968,309.25859528339623
1391988,270.2189384224288
1265634,288.51677607585594
1223460,288.51677607585594
1487411,288.51677607585594
1038260,48.767932021816485
1446962,69.80112009217684
1307990,69.80112009217684
1159283,227.93844508974954
1072744,227.93844508974954
1433307,230.2787543177377
1350267,72.91811059349153
1340706,72.91811059349153
1108874,161.42500067071174
1317740,544.9287496724291
1274663,212.9814107271406
1245642,544.9287496724291
1331308,72.91811059349153
1490846,72.91811059349153
1216717,72.91811059349153
1155386,83.72342200515234
1287061,83.72342200515234
1425115,83.72342200515234
1060856,33.064874309659736
1473341,43.8592119123437
1423483,33.151174695801714
1199882,309.1097438937725
1335249,1041.9174258812368
1075399,1041.9174258812368
1485349,25.013209964024856
1346518,25.013209964024856
1180232,89.70462824137277
1180958,89.70462824137277
1268970,89.70462824137277
1438275,45.66606664484248
1252259,45.66606664484248
1293873,45.66606664484248
1372471,77.03313137284691
1207091,49.13898965994467
1191139,49.13898965994467
1464373,33.151174695801714
1342435,33.151174695801714
1481479,309.1097438937725
1265718,309.1097438937725
1330306,270.2189384224288
1088146,201.99767683142636
1230739,201.93506461957222
1479461,201.99767683142636
1119000,48.767932021816485
1253188,69.80112009217684
1420681,69.80112009217684
1497042,198.23396685547178
1075573,198.2954371556617
1283010,198.5355659347451
1248990,161.42500067071174
1076397,161.42500067071174
1295928,161.5938818171938
1072277,544.9287496724291
1334546,212.9814107271406
1293060,544.9287496724291
1358416,72.91811059349153
1040086,72.91811059349153
1465977,83.72342200515234
1130549,83.72342200515234
1039323,33.064874309659736
1440240,33.064874309659736
1362578,309.17571821240165
1142838,1041.9174258812368
1260394,1041.9174258812368
1162316,89.70462824137277
1133943,89.70462824137277
1094696,89.70462824137277
1141999,45.66606664484248
1185462,45.66606664484248
1484087,45.66606664484248
1295267,77.03313137284691
1127473,49.13898965994467
1005070,33.151174695801714
1132370,33.151174695801714
1162807,1041.9174258812368
1410300,1041.9174258812368
1411549,270.2766389139939
1315737,679.6280553316877
1026727,679.6280553316877
1392552,679.6280553316877
1273175,131.92337591025642
1359183,69.80112009217684
1349227,69.80112009217684
1187267,380.42385538854455
1077876,380.42385538854455
1255087,131.92337591025642
1367217,72.91811059349153
1250173,72.91811059349153
1080258,72.91811059349153
1466020,545.377690469417
1103105,317.55939570701025
1411427,545.377690469417
1099736,72.91811059349153
1456472,72.91811059349153
1295531,72.91811059349153
1182553,178.513063500759
1037013,178.513063500759
1071289,178.513063500759
1348850,131.92337591025642
1145843,56.84953417431313
1290610,56.84953417431313
1107751,317.55939570701025
1303680,1041.9174258812368
1106620,1041.9174258812368
1368612,25.013209964024856
1195396,25.013209964024856
1349623,25.013209964024856
1140431,380.42385538854455
1239272,380.42385538854455
1408309,380.42385538854455
1272864,54.552970886915695
1084623,54.552970886915695
1382786,54.552970886915695
1045869,123.84940510274217
1205492,123.84940510274217
1337089,123.84940510274217
1196960,45.66606664484248
1359976,45.66606664484248
1173584,45.66606664484248
1080752,679.6280553316877
1438049,131.92337591025642
1376120,131.92337591025642
1200743,56.84953417431313
1160087,56.84953417431313
1250538,56.84953417431313
1385364,402.99267957661584
1421477,402.99267957661584
1001956,402.99267957661584
1233884,198.9024807235865
1467909,198.00110590391293
1301887,198.8408231880495
1048759,48.767932021816485
1270199,69.80112009217684
1282739,69.80112009217684
1154085,196.81963916107793
1260035,196.88067309416985
1377442,76.45564088850853
1281129,72.91811059349153
1307389,72.91811059349153
1143368,72.91811059349153
1378838,213.62577458661838
1095292,212.9814107271406
1293301,213.62577458661838
1234965,83.72342200515234
1375305,83.72342200515234
1439037,83.72342200515234
1181412,48.767932021816485
1067610,33.064874309659736
1431745,33.151174695801714
1295753,212.9814107271406
1334795,1041.9174258812368
1166147,1041.9174258812368
1431774,25.013209964024856
1177789,196.81963916107793
1407626,196.81963916107793
1344425,77.03313137284691
1499073,54.552970886915695
1096086,54.552970886915695
1356796,54.552970886915695
1368295,89.70462824137277
1186984,89.70462824137277
1334468,89.70462824137277
1024033,45.66606664484248
1177177,45.66606664484248
1070701,45.66606664484248
1210286,196.88067309416985
1190645,77.03313137284691
1109523,77.03313137284691
1384852,33.064874309659736
1140087,33.151174695801714
1381531,213.62577458661838
1029762,213.62577458661838
1387532,213.62577458661838
1429694,679.6280553316877
1344145,679.6280553316877
1021666,679.6280553316877
1460994,69.80112009217684
1496025,69.80112009217684
1223663,380.42385538854455
1166855,380.42385538854455
1159755,131.92337591025642
1078871,72.91811059349153
1343181,72.91811059349153
1251460,72.91811059349153
1167686,545.377690469417
1309041,317.55939570701025
1351501,1041.9174258812368
1411712,72.91811059349153
1389300,72.91811059349153
1043407,178.513063500759
1137195,178.513063500759
1133355,178.513063500759
1382856,56.84953417431313
1117090,56.84953417431313
1152195,317.55939570701025
1124988,1041.9174258812368
1325639,1041.9174258812368
1010613,25.013209964024856
1077074,25.013209964024856
1339373,380.42385538854455
1082030,380.42385538854455
1374234,131.92337591025642
1498214,54.552970886915695
1219081,54.552970886915695
1472375,54.552970886915695
1472124,123.84940510274217
1004268,123.84940510274217
1295832,123.84940510274217
1396477,45.66606664484248
1157026,45.66606664484248
1154504,45.66606664484248
1425009,679.6280553316877
1319225,131.92337591025642
1487214,131.92337591025642
1202811,56.84953417431313
1422934,56.84953417431313
1006749,402.99267957661584
1417732,402.99267957661584
1092905,402.99267957661584
1353563,679.6280553316877
1157213,679.6280553316877
1037186,679.6280553316877
1161156,131.92337591025642
1309382,69.80112009217684
1300405,69.80112009217684
1403354,380.42385538854455
1076251,380.42385538854455
1301531,131.92337591025642
1354098,72.91811059349153
1013097,72.91811059349153
1138810,72.91811059349153
1247295,545.377690469417
1396363,317.55939570701025
1428923,545.377690469417
1392386,72.91811059349153
1310472,72.91811059349153
1310422,72.91811059349153
1496663,178.513063500759
1192395,178.513063500759
1011221,178.513063500759
1336867,131.92337591025642
1063685,56.84953417431313
1208004,56.84953417431313
1444591,317.55939570701025
1093360,1041.9174258812368
1338479,1041.9174258812368
1018381,25.013209964024856
1247641,25.013209964024856
1260258,25.013209964024856
1156774,380.42385538854455
1309278,380.42385538854455
1394148,380.42385538854455
1445687,54.552970886915695
1268572,54.552970886915695
1243616,54.552970886915695
1414107,123.84940510274217
1407146,123.84940510274217
1352012,123.84940510274217
1390158,45.66606664484248
1091996,45.66606664484248
1318802,45.66606664484248
1452309,679.6280553316877
1334101,131.92337591025642
1002773,131.92337591025642
1029414,56.84953417431313
1374360,56.84953417431313
1096139,56.84953417431313
1166020,402.99267957661584
1136726,402.99267957661584
1170441,402.99267957661584
1003197,679.6280553316877
1195560,679.6280553316877
1233590,679.6280553316877
1499053,131.92337591025642
1008764,69.80112009217684
1171263,69.80112009217684
1235632,380.42385538854455
1086505,380.42385538854455
1124751,679.6280553316877
1022768,161.5938818171938
1342069,161.42500067071174
1319985,161.42500067071174
1086535,545.377690469417
1193059,317.55939570701025
1005399,545.377690469417
1217409,72.91811059349153
1388371,72.91811059349153
1240574,72.91811059349153
1296492,178.513063500759
1490920,178.513063500759
1407025,178.513063500759
1349568,56.84953417431313
1150094,56.84953417431313
1234359,56.84953417431313
1487971,402.99267957661584
1061979,1041.9174258812368
1075410,1041.9174258812368
1183464,25.013209964024856
1218599,25.013209964024856
1238332,25.013209964024856
1126306,307.7369094479718
1250167,307.7369094479718
1425272,269.0524879976676
1421359,45.66606664484248
1227369,45.66606664484248
1245910,45.66606664484248
1469390,131.92337591025642
1285058,131.92337591025642
1221848,131.92337591025642
1256714,56.84953417431313
1481494,56.84953417431313
1355892,56.84953417431313
1163601,402.99267957661584
1235352,402.99267957661584
1486990,402.99267957661584
1088403,199.00149068801363
1215826,199.00149068801363
1077243,199.00149068801363
1250701,48.767932021816485
1081976,69.80112009217684
1212321,69.80112009217684
1356165,195.29333196690015
1102468,195.35389498349699
1248921,195.52984354398447
1168286,161.5938818171938
1073998,161.42500067071174
1106972,544.9287496724291
1415496,212.9814107271406
1430286,1041.9174258812368
1058741,72.91811059349153
1305701,83.72342200515234
1063055,83.72342200515234
1129309,33.064874309659736
1190160,43.97285881075489
1275767,309.1097438937725
1370349,1041.9174258812368
1195640,1041.9174258812368
1358027,25.013209964024856
1060469,182.86622978738308
1397621,182.86622978738308
1321235,206.88397831927205
1036985,77.03313137284691
1314238,49.13898965994467
1184897,33.064874309659736
1109511,33.151174695801714
1134380,43.8592119123437
1438318,309.25859528339623
1045978,309.25859528339623
1039535,270.2189384224288
1222762,367.66451142142944
1108547,367.66451142142944
1136233,367.66451142142944
1113557,48.767932021816485
1433288,69.80112009217684
1280956,69.80112009217684
1409185,254.25104551803662
1001062,254.25104551803662
1455302,264.80200255916003
1473716,161.42500067071174
1108944,161.42500067071174
1281283,161.42500067071174
1295121,213.62577458661838
1271387,212.9814107271406
1042450,213.62577458661838
1232986,83.72342200515234
1262098,33.064874309659736
1355822,33.064874309659736
1235127,213.62577458661838
1315725,1041.9174258812368
1105691,1041.9174258812368
1423554,89.70462824137277
1291911,89.70462824137277
1063335,89.70462824137277
1017067,45.66606664484248
1295378,77.03313137284691
1358044,49.13898965994467
1475790,49.13898965994467
1463160,33.151174695801714
1020603,33.151174695801714
1345207,213.62577458661838
1395178,213.62577458661838
1408825,213.62577458661838
1494027,373.37273953705807
1224076,373.37273953705807
1353310,373.37273953705807
1435474,48.767932021816485
1006574,69.80112009217684
1388278,69.80112009217684
1139612,256.0759837508135
1375571,256.0759837508135
1088656,267.02492723476183
1448606,161.42500067071174
1291487,161.42500067071174
1465487,161.42500067071174
1240567,544.9287496724291
1078554,212.9814107271406
1081079,544.9287496724291
1203974,72.91811059349153
1303970,72.91811059349153
1426761,72.91811059349153
1303570,83.72342200515234
1150022,83.72342200515234
1217185,83.72342200515234
1125302,48.767932021816485
1442229,33.151174695801714
1002560,309.1097438937725
1371487,1041.9174258812368
1446799,1041.9174258812368
1036706,25.013209964024856
1491686,25.013209964024856
1399772,89.70462824137277
1494276,206.88397831927205
1217848,182.86622978738308
1092082,45.66606664484248
1126590,45.66606664484248
1010315,77.03313137284691
1303501,49.13898965994467
1290736,77.03313137284691
1027752,33.151174695801714
1386011,33.064874309659736
1204889,309.1097438937725
1114235,309.1097438937725
1034417,270.2189384224288
1082554,267.02492723476183
1290939,267.02492723476183
1177275,267.02492723476183
1291984,48.767932021816485
1489334,69.80112009217684
1312498,69.80112009217684
1237487,256.0759837508135
1017032,256.0759837508135
1226117,76.45564088850853
1282653,72.91811059349153
1363989,72.91811059349153
1359946,72.91811059349153
1319162,544.9287496724291
1402594,212.9814107271406
1217911,544.9287496724291
1464254,72.91811059349153
1341715,72.91811059349153
1349950,83.72342200515234
1162925,83.72342200515234
1270167,83.72342200515234
1057728,48.767932021816485
1058797,33.064874309659736
1403400,212.9814107271406
1302853,1041.9174258812368
1079968,1041.9174258812368
1440844,25.013209964024856
1104148,25.013209964024856
1287932,256.0759837508135
1017601,256.0759837508135
1026204,256.0759837508135
1075937,54.552970886915695
1346881,54.552970886915695
1223669,54.552970886915695
1301241,89.70462824137277
1277374,89.70462824137277
1023855,89.70462824137277
1069619,45.66606664484248
1141140,45.66606664484248
1398600,267.02492723476183
1432032,77.03313137284691
1424160,77.03313137284691
1231250,33.064874309659736
1201874,43.97285881075489
1460942,33.151174695801714
1141667,309.1097438937725
1445891,309.1097438937725
1350725,270.2189384224288
1303762,267.02492723476183
1414123,267.02492723476183
1333339,267.02492723476183
1249853,48.767932021816485
1254272,69.80112009217684
1404012,69.80112009217684
1086893,256.0759837508135
1490001,256.0759837508135
1335737,76.45564088850853
1026870,72.91811059349153
1157723,72.91811059349153
1083428,72.91811059349153
1041969,213.62577458661838
1242079,212.9814107271406
1157372,213.62577458661838
1186919,72.91811059349153
1250645,72.91811059349153
1318234,83.72342200515234
1135964,83.72342200515234
1040065,48.767932021816485
1498396,33.064874309659736
1015144,212.9814107271406
1452919,1041.9174258812368
1045583,1041.9174258812368
1230784,25.013209964024856
1078483,25.013209964024856
1223872,256.0759837508135
1399477,256.0759837508135
1245737,77.03313137284691
1217377,54.552970886915695
1055993,54.552970886915695
1032317,54.552970886915695
1442709,89.70462824137277
1341438,89.70462824137277
1045265,89.70462824137277
1081143,45.66606664484248
1241028,45.66606664484248
1487433,267.02492723476183
1344474,77.03313137284691
1249086,33.064874309659736
1167009,33.151174695801714
1001468,33.151174695801714
1056008,213.62577458661838
1352502,213.62577458661838
1138191,213.62577458661838
1195304,200.51210892999336
1485133,200.51210892999336
1230602,200.51210892999336
1246844,48.767932021816485
1420947,69.80112009217684
1073477,69.80112009217684
1174807,198.2954371556617
1101194,198.2954371556617
1479242,76.45564088850853
1163821,72.91811059349153
1053387,72.91811059349153
1030257,72.91811059349153
1066609,544.9287496724291
1104677,317.55939570701025
1145504,544.9287496724291
1058968,72.91811059349153
1029048,83.72342200515234
1341299,83.72342200515234
1233321,33.064874309659736
1155890,317.55939570701025
1412006,1041.9174258812368
1059086,1041.9174258812368
1457634,77.03313137284691
1382023,43.8592119123437
1450781,201.75338161485206
1393398,54.552970886915695
1347554,54.552970886915695
1208168,54.552970886915695
1003353,123.84940510274217
1054844,123.84940510274217
1199186,123.84940510274217
1094514,45.66606664484248
1182396,45.66606664484248
1335483,198.47402156969744
1231690,49.13898965994467
1227412,77.03313137284691
1006640,33.151174695801714
1430130,33.151174695801714
1124497,309.17571821240165
1311902,309.17571821240165
1091585,270.2766389139939
1011846,292.9446382298154
1183235,292.85397451262736
1138279,292.85397451262736
1400961,69.80112009217684
1342320,69.80112009217684
1073456,231.3681305111564
1463003,231.3681305111564
1291939,233.74349948823001
1201023,72.91811059349153
1131342,72.91811059349153
1350514,161.42500067071174
1019288,544.9287496724291
1338351,317.55939570701025
1441003,544.9287496724291
1089983,72.91811059349153
1098314,72.91811059349153
1319200,72.91811059349153
1007242,178.513063500759
1348829,178.513063500759
1356631,178.513063500759
1007766,33.064874309659736
1482800,33.151174695801714
1160805,309.17571821240165
1386804,1041.9174258812368
1291900,1041.9174258812368
1467342,25.013209964024856
1079749,25.013209964024856
1163707,123.84940510274217
1267211,269.0524879976676
1477931,307.7369094479718
1488200,45.66606664484248
1286968,45.66606664484248
1204701,45.66606664484248
1262783,77.03313137284691
1129825,49.13898965994467
1314953,49.13898965994467
1373676,33.064874309659736
1431261,33.151174695801714
1307454,33.151174695801714
1441368,309.3246012694244
1340082,309.3246012694244
1290045,270.2766389139939
1070101,679.6280553316877
1413562,679.6280553316877
1192976,679.6280553316877
1304626,131.92337591025642
1358552,69.80112009217684
1246966,69.80112009217684
1121684,380.42385538854455
1422241,380.42385538854455
1463806,131.92337591025642
1133186,72.91811059349153
1186594,72.91811059349153
1332523,72.91811059349153
1228793,545.377690469417
1106195,317.55939570701025
1149489,545.377690469417
1239648,72.91811059349153
1167480,72.91811059349153
1006634,72.91811059349153
1067884,178.513063500759
1158916,178.513063500759
1392561,178.513063500759
1253660,131.92337591025642
1371428,56.84953417431313
1413435,56.84953417431313
1202213,317.55939570701025
1236134,1041.9174258812368
1285653,1041.9174258812368
1086947,25.013209964024856
1413457,25.013209964024856
1275145,25.013209964024856
1394552,131.92337591025642
1041277,380.42385538854455
1219014,380.42385538854455
1131289,54.552970886915695
1393954,54.552970886915695
1114558,54.552970886915695
1058025,123.84940510274217
1146280,123.84940510274217
1259161,123.84940510274217
1211180,45.66606664484248
1085281,45.66606664484248
1450681,45.66606664484248
1191059,679.6280553316877
1160873,131.92337591025642
1112783,131.92337591025642
1482831,56.84953417431313
1416477,56.84953417431313
1302018,56.84953417431313
1411743,402.99267957661584
1209263,402.99267957661584
1375615,402.99267957661584
1251805,679.6280553316877
1469059,679.6280553316877
1265505,679.6280553316877
1110999,131.92337591025642
1490160,69.80112009217684
1253502,69.80112009217684
1126623,380.42385538854455
1130658,380.42385538854455
1387143,679.6280553316877
1362544,161.42500067071174
1459085,72.91811059349153
1341726,161.42500067071174
1208714,545.377690469417
1473910,317.55939570701025
1113140,545.377690469417
1287268,72.91811059349153
1017414,72.91811059349153
1329315,178.513063500759
1437265,178.513063500759
1441114,178.513063500759
1207802,131.92337591025642
1284532,56.84953417431313
1428659,56.84953417431313
1247559,402.99267957661584
1142595,1041.9174258812368
1221224,1041.9174258812368
1440966,25.013209964024856
1244156,123.84940510274217
1432921,123.84940510274217
1253903,123.84940510274217
1109308,45.66606664484248
1160233,45.66606664484248
1265029,45.66606664484248
1200538,131.92337591025642
1349362,131.92337591025642
1216484,131.92337591025642
1470437,56.84953417431313
1389801,56.84953417431313
1273640,56.84953417431313
1398971,402.99267957661584
1110361,402.99267957661584
1132811,402.99267957661584
1358429,198.8408231880495
1499021,198.06250435876063
1251893,48.767932021816485
1189345,69.80112009217684
1217593,69.80112009217684
1435232,196.88067309416985
1214504,196.88067309416985
1240856,76.45564088850853
1310777,72.91811059349153
1473466,72.91811059349153
1182198,72.91811059349153
1442839,213.62577458661838
1105223,212.9814107271406
1050999,213.62577458661838
1140478,72.91811059349153
1160572,72.91811059349153
1294587,83.72342200515234
1483004,33.064874309659736
1085945,33.151174695801714
1334365,212.9814107271406
1179547,1041.9174258812368
1212768,1041.9174258812368
1075990,25.013209964024856
1248167,196.88067309416985
1261113,196.81963916107793
1429763,196.88067309416985
1151884,89.70462824137277
1313839,89.70462824137277
1216798,89.70462824137277
1492488,45.66606664484248
1180550,49.13898965994467
1300636,49.13898965994467
1111154,33.4631605902943
1329598,33.151174695801714
1170529,213.62577458661838
1450808,213.62577458661838
1258777,213.62577458661838
1195364,232.56973637727674
1469941,232.6418004034919
1070129,232.6418004034919
1259870,48.767932021816485
1489091,227.93844508974954
1253895,227.93844508974954
1245836,76.45564088850853
1493689,72.91811059349153
1301362,72.91811059349153
1426995,72.91811059349153
1185820,544.9287496724291
1170494,212.9814107271406
1315527,544.9287496724291
1284731,72.91811059349153
1233512,83.72342200515234
1229478,83.72342200515234
1118707,83.72342200515234
1483287,48.767932021816485
1483261,33.064874309659736
1218561,33.151174695801714
1228734,212.9814107271406
1100299,1041.9174258812368
1062654,1041.9174258812368
1424258,25.013209964024856
1287339,25.013209964024856
1313588,77.03313137284691
1258153,77.03313137284691
1477668,227.93844508974954
1146680,54.552970886915695
1076977,54.552970886915695
1130360,54.552970886915695
1038432,89.70462824137277
1301753,89.70462824137277
1191627,89.70462824137277
1030017,45.66606664484248
1471259,45.66606664484248
1154260,45.66606664484248
1313142,230.2787543177377
1303136,49.13898965994467
1287870,49.13898965994467
1331178,33.151174695801714
1098622,33.151174695801714
1184587,309.17571821240165
1025379,309.17571821240165
1358189,270.2766389139939
1030333,267.02492723476183
1187463,267.02492723476183
1212464,267.02492723476183
1124574,48.767932021816485
1226727,69.80112009217684
1052272,69.80112009217684
1223406,256.0759837508135
1431890,256.0759837508135
1118042,76.45564088850853
1358230,72.91811059349153
1160706,72.91811059349153
1142445,72.91811059349153
1124659,544.9287496724291
1141542,212.9814107271406
1188019,544.9287496724291
1045061,72.91811059349153
1297612,83.72342200515234
1136555,83.72342200515234
1473948,48.767932021816485
1187248,33.064874309659736
1222655,212.9814107271406
1225845,1041.9174258812368
1147030,1041.9174258812368
1361909,256.0759837508135
1483607,256.0759837508135
1222059,256.0759837508135
1285518,54.552970886915695
1270509,54.552970886915695
1415427,54.552970886915695
1078686,89.70462824137277
1406717,89.70462824137277
1418362,89.70462824137277
1413791,45.66606664484248
1493718,45.66606664484248
1308101,267.02492723476183
1068287,49.13898965994467
1290408,49.13898965994467
1448703,43.8592119123437
1307736,33.151174695801714
1023715,33.151174695801714
1269555,309.17571821240165
1107012,309.17571821240165
1352569,270.2766389139939
1080746,679.6280553316877
1035233,679.6280553316877
1192047,679.6280553316877
1423989,131.92337591025642
1473901,69.80112009217684
1330572,69.80112009217684
1124262,380.42385538854455
1340904,380.42385538854455
1466477,131.92337591025642
1030896,161.5938818171938
1102297,72.91811059349153
1458313,161.42500067071174
1347385,545.377690469417
1349361,317.55939570701025
1036701,545.377690469417
1291765,72.91811059349153
1375038,72.91811059349153
1366075,72.91811059349153
1139550,178.513063500759
1101934,178.513063500759
1106379,178.513063500759
1183999,56.84953417431313
1139782,56.84953417431313
1126514,56.84953417431313
1035826,402.99267957661584
1377724,1041.9174258812368
1164986,1041.9174258812368
1140696,25.013209964024856
1479578,25.013209964024856
1458427,25.013209964024856
1037543,123.84940510274217
1376454,123.84940510274217
1034409,123.84940510274217
1017883,45.66606664484248
1126137,45.66606664484248
1414891,131.92337591025642
1082444,131.92337591025642
1402014,131.92337591025642
1091685,56.84953417431313
1334897,56.84953417431313
1202906,56.84953417431313
1037004,402.99267957661584
1077171,402.99267957661584
1025143,402.99267957661584
1045356,373.37273953705807
1456111,373.37273953705807
1023599,373.37273953705807
1224009,48.767932021816485
1412451,69.80112009217684
1410443,69.80112009217684
1262498,256.0759837508135
1430898,256.0759837508135
1219927,267.02492723476183
1037300,161.42500067071174
1253597,161.42500067071174
1102839,161.5938818171938
1122466,544.9287496724291
1118519,212.9814107271406
1495715,544.9287496724291
1128963,72.91811059349153
1121948,72.91811059349153
1285970,72.91811059349153
1467232,83.72342200515234
1261676,83.72342200515234
1130285,83.72342200515234
1454866,33.064874309659736
1403469,33.064874309659736
1083782,33.151174695801714
1368535,309.1097438937725
1205106,1041.9174258812368
1066418,1041.9174258812368
1147439,25.013209964024856
1143501,25.013209964024856
1396542,25.013209964024856
1280071,182.86622978738308
1342409,89.70462824137277
1022802,206.88397831927205
1444289,45.66606664484248
1436774,45.66606664484248
1254330,77.03313137284691
1112142,49.13898965994467
1409870,49.13898965994467
1338379,33.064874309659736
1242046,33.151174695801714
1494119,43.97285881075489
1031550,309.25859528339623
1374335,309.25859528339623
1202732,270.2189384224288
1090089,679.6280553316877
1390783,679.6280553316877
1336436,679.6280553316877
1300574,131.92337591025642
1334557,69.80112009217684
1262288,69.80112009217684
1290777,380.42385538854455
1132437,380.42385538854455
1242056,131.92337591025642
1323943,72.91811059349153
1395556,72.91811059349153
1021300,72.91811059349153
1256563,545.377690469417
1082880,317.55939570701025
1408615,545.377690469417
1034550,72.91811059349153
1273740,72.91811059349153
1375700,72.91811059349153
1484176,178.513063500759
1188547,178.513063500759
1107386,178.513063500759
1266898,131.92337591025642
1426808,56.84953417431313
1151394,56.84953417431313
1362645,317.55939570701025
1394305,1041.9174258812368
1275233,1041.9174258812368
1287197,25.013209964024856
1120268,25.013209964024856
1341978,25.013209964024856
1005261,380.42385538854455
1356969,380.42385538854455
1429995,380.42385538854455
1231854,54.552970886915695
1004831,54.552970886915695
1196682,54.552970886915695
1110823,123.84940510274217
1050864,123.84940510274217
1453468,123.84940510274217
1386342,45.66606664484248
1304635,45.66606664484248
1374704,45.66606664484248
1304912,131.92337591025642
1399265,131.92337591025642
1430604,131.92337591025642
1020769,56.84953417431313
1124544,56.84953417431313
1230695,56.84953417431313
1022544,402.99267957661584
1392027,402.99267957661584
1227348,402.99267957661584
1427333,373.37273953705807
1207963,267.02492723476183
1358659,267.02492723476183
1017948,48.767932021816485
1470042,69.80112009217684
1302705,69.80112009217684
1107897,256.0759837508135
1025988,256.0759837508135
1146886,267.02492723476183
1214823,72.91811059349153
1097271,72.91811059349153
1403913,72.91811059349153
1153862,544.9287496724291
1177612,212.9814107271406
1105240,544.9287496724291
1368073,83.72342200515234
1021984,83.72342200515234
1114177,83.72342200515234
1012363,48.767932021816485
1145179,33.064874309659736
1161370,43.97285881075489
1167123,212.9814107271406
1095301,1041.9174258812368
1329675,1041.9174258812368
1276937,25.013209964024856
1069331,77.03313137284691
1348050,256.0759837508135
1320534,256.0759837508135
1292579,54.552970886915695
1263128,54.552970886915695
1488407,89.70462824137277
1025243,89.70462824137277
1156703,89.70462824137277
1131763,45.66606664484248
1133958,45.66606664484248
1241310,267.02492723476183
1298978,49.13898965994467
1334203,49.13898965994467
1037484,33.064874309659736
1183511,33.151174695801714
1213380,43.97285881075489
1479982,309.17571821240165
1295433,309.17571821240165
1383868,270.2766389139939
1323560,679.6280553316877
1444798,679.6280553316877
1069100,679.6280553316877
1439256,131.92337591025642
1184813,69.80112009217684
1494605,69.80112009217684
1070775,380.42385538854455
1153718,380.42385538854455
1262471,131.92337591025642
1263194,72.91811059349153
1058052,72.91811059349153
1253782,72.91811059349153
1374690,545.377690469417
1075536,317.55939570701025
1404821,545.377690469417
1390833,72.91811059349153
1007031,72.91811059349153
1054115,72.91811059349153
1120318,178.513063500759
1431813,178.513063500759
1298538,178.513063500759
1448350,131.92337591025642
1137247,56.84953417431313
1378187,56.84953417431313
1313682,317.55939570701025
1390178,1041.9174258812368
1254865,1041.9174258812368
1036898,25.013209964024856
1062100,25.013209964024856
1077395,380.42385538854455
1274271,380.42385538854455
1413868,380.42385538854455
1063439,54.552970886915695
1121493,54.552970886915695
1429093,54.552970886915695
1170897,123.84940510274217
1402018,123.84940510274217
1129849,123.84940510274217
1348414,45.66606664484248
1007581,45.66606664484248
1140044,45.66606664484248
1464692,679.6280553316877
1251999,131.92337591025642
1204026,131.92337591025642
1274820,56.84953417431313
1346088,56.84953417431313
1499150,56.84953417431313
1141237,402.99267957661584
1216971,402.99267957661584
1478789,402.99267957661584
1182896,373.37273953705807
1093179,373.37273953705807
1014154,373.37273953705807
1030496,48.767932021816485
1460483,69.80112009217684
1320980,69.80112009217684
1019808,256.0759837508135
1362163,256.0759837508135
1360746,267.02492723476183
1362049,161.5938818171938
1111825,161.5938818171938
1081167,161.42500067071174
1032184,544.9287496724291
1092132,212.9814107271406
1024838,544.9287496724291
1015959,72.91811059349153
1494129,72.91811059349153
1030352,72.91811059349153
1255183,83.72342200515234
1087358,83.72342200515234
1441485,83.72342200515234
1292750,33.064874309659736
1187461,33.064874309659736
1219150,33.151174695801714
1192877,309.1097438937725
1256438,1041.9174258812368
1480116,1041.9174258812368
1218838,25.013209964024856
1404354,89.70462824137277
1127637,206.88397831927205
1196866,206.88397831927205
1471619,45.66606664484248
1342397,45.66606664484248
1320006,45.66606664484248
1350494,77.03313137284691
1437438,49.13898965994467
1058833,49.13898965994467
1244799,33.151174695801714
1439843,309.25859528339623
1019892,309.25859528339623
1219560,270.2189384224288
1462013,373.37273953705807
1119683,373.37273953705807
1273171,373.37273953705807
1113566,48.767932021816485
1487073,69.80112009217684
1062422,69.80112009217684
1028047,256.0759837508135
1010820,307.53696646081386
1120927,267.02492723476183
1033949,161.42500067071174
1315041,161.42500067071174
1308393,72.91811059349153
1200879,213.62577458661838
1097184,212.9814107271406
1451230,213.62577458661838
1064428,72.91811059349153
1445895,72.91811059349153
1281062,83.72342200515234
1050958,83.72342200515234
1195326,48.767932021816485
1361791,33.064874309659736
1055072,33.151174695801714
1218586,213.62577458661838
1008508,1041.9174258812368
1398646,1041.9174258812368
1174817,89.70462824137277
1343235,206.88397831927205
1033329,89.70462824137277
1401816,45.66606664484248
1471444,45.66606664484248
1298818,45.66606664484248
1274831,77.03313137284691
1383271,49.13898965994467
1165516,49.13898965994467
1096371,43.8592119123437
1302501,33.151174695801714
1204458,213.62577458661838
1205882,213.62577458661838
1318748,213.62577458661838
1307226,679.6280553316877
1320342,679.6280553316877
1016929,679.6280553316877
1043385,131.92337591025642
1264716,69.80112009217684
1486057,69.80112009217684
1389329,380.42385538854455
1154554,380.42385538854455
1277844,679.6280553316877
1302647,72.91811059349153
1443356,161.5938818171938
1385189,545.377690469417
1272811,317.55939570701025
1032054,545.377690469417
1378361,72.91811059349153
1094700,72.91811059349153
1040158,72.91811059349153
1036702,178.513063500759
1238939,178.513063500759
1389102,178.513063500759
1097704,131.92337591025642
1137161,56.84953417431313
1028769,56.84953417431313
1453498,402.99267957661584
1346249,1041.9174258812368
1381535,1041.9174258812368
1252711,25.013209964024856
1178509,25.013209964024856
1220519,307.7369094479718
1309498,307.7369094479718
1196756,123.84940510274217
1478663,45.66606664484248
1216016,45.66606664484248
1328575,45.66606664484248
1373422,131.92337591025642
1324684,131.92337591025642
1066118,131.92337591025642
1079799,56.84953417431313
1045943,56.84953417431313
1318034,56.84953417431313
1014030,402.99267957661584
1343998,402.99267957661584
1162586,402.99267957661584
1164334,195.89123127808176
1194180,195.95197876648706
1046431,195.95197876648706
1074853,48.767932021816485
1017798,69.80112009217684
1278377,69.80112009217684
1183107,195.89123127808176
1105779,193.96001242441147
1355275,193.89987933426218
1075114,161.42500067071174
1163517,161.42500067071174
1049629,161.42500067071174
1446984,213.62577458661838
1166586,212.9814107271406
1308629,213.62577458661838
1054675,83.72342200515234
1209839,83.72342200515234
1350207,33.064874309659736
1294881,33.151174695801714
1104126,213.62577458661838
1234429,1041.9174258812368
1424027,1041.9174258812368
1158324,89.70462824137277
1140085,89.70462824137277
1415642,89.70462824137277
1026843,45.66606664484248
1412237,49.13898965994467
1088888,33.151174695801714
1302670,33.151174695801714
1167285,43.97285881075489
1202378,213.62577458661838
1201369,213.62577458661838
1168750,213.62577458661838
1450862,367.66451142142944
1495450,367.66451142142944
1302378,367.66451142142944
1058173,48.767932021816485
1433596,69.80112009217684
1475741,69.80112009217684
1487792,281.53230974854444
1239569,353.0304477757708
1186923,264.80200255916003
1093013,161.42500067071174
1456302,161.42500067071174
1093145,161.42500067071174
1107714,213.62577458661838
1310662,212.9814107271406
1042342,213.62577458661838
1267957,83.72342200515234
1311445,83.72342200515234
1331177,213.62577458661838
1141860,1041.9174258812368
1368559,1041.9174258812368
1239403,25.013209964024856
1080487,25.013209964024856
1005418,89.70462824137277
1395407,89.70462824137277
1049721,89.70462824137277
1111071,45.66606664484248
1365299,49.13898965994467
1301300,49.13898965994467
1443046,33.151174695801714
1335563,33.151174695801714
1444198,33.151174695801714
1337536,213.62577458661838
1139384,213.62577458661838
1415610,213.62577458661838
1346982,679.6280553316877
1386899,679.6280553316877
1216902,679.6280553316877
1331312,131.92337591025642
1145318,69.80112009217684
1038082,380.42385538854455
1493498,380.42385538854455
1435344,131.92337591025642
1031584,72.91811059349153
1006089,72.91811059349153
1464025,72.91811059349153
1471793,545.377690469417
1055918,317.55939570701025
1392002,545.377690469417
1389536,72.91811059349153
1379284,72.91811059349153
1461580,72.91811059349153
1165506,178.513063500759
1026662,178.513063500759
1307597,131.92337591025642
1136626,56.84953417431313
1402463,56.84953417431313
1026490,317.55939570701025
1485619,1041.9174258812368
1151969,1041.9174258812368
1482885,25.013209964024856
1426546,380.42385538854455
1318211,380.42385538854455
1081706,380.42385538854455
1385475,54.552970886915695
1205823,54.552970886915695
1291316,54.552970886915695
1434599,123.84940510274217
1165006,123.84940510274217
1044361,123.84940510274217
1060659,45.66606664484248
1324219,45.66606664484248
1456024,45.66606664484248
1282704,679.6280553316877
1284319,131.92337591025642
1127161,131.92337591025642
1364496,56.84953417431313
1396538,56.84953417431313
1041425,56.84953417431313
1403310,317.55939570701025
1412875,402.99267957661584
1186105,402.99267957661584
1042282,198.93980261403385
1355897,198.93980261403385
1163430,198.93980261403385
1377459,48.767932021816485
1025298,69.80112009217684
1292720,69.80112009217684
1394640,195.35389498349699
1405148,195.35389498349699
1255064,76.45564088850853
1076674,72.91811059349153
1001753,72.91811059349153
1171702,72.91811059349153
1431835,544.9287496724291
1190568,317.55939570701025
1494597,544.9287496724291
1236232,72.91811059349153
1022366,72.91811059349153
1296198,83.72342200515234
1044644,48.767932021816485
1190225,33.064874309659736
1021330,33.151174695801714
1442812,317.55939570701025
1144793,1041.9174258812368
1316600,1041.9174258812368
1033770,25.013209964024856
1374497,25.013209964024856
1201008,77.03313137284691
1433924,77.03313137284691
1114869,195.35389498349699
1302328,54.552970886915695
1471348,54.552970886915695
1158546,54.552970886915695
1056581,123.84940510274217
1078865,123.84940510274217
1182751,123.84940510274217
1224624,45.66606664484248
1016217,45.66606664484248
1242062,45.66606664484248
1356548,195.52984354398447
1131755,49.13898965994467
1073235,49.13898965994467
1350052,33.064874309659736
1067861,33.151174695801714
1363499,33.151174695801714
1156194,309.1097438937725
1497839,309.1097438937725
1362253,270.2189384224288
1127689,288.606101623183
1131633,288.606101623183
1379641,288.51677607585594
1375547,48.767932021816485
1362483,69.80112009217684
1318787,69.80112009217684
1040504,230.20624470665172
1383355,227.93844508974954
1483664,230.20741914489903
1470238,161.42500067071174
1224754,161.42500067071174
1357578,161.5938818171938
1427610,544.9287496724291
1313326,317.55939570701025
1187745,544.9287496724291
1050718,72.91811059349153
1104924,72.91811059349153
1128265,72.91811059349153
1159770,83.72342200515234
1066486,83.72342200515234
1421436,83.72342200515234
1200066,48.767932021816485
1416057,33.064874309659736
1085183,33.151174695801714
1349506,309.1097438937725
1261549,1041.9174258812368
1292884,1041.9174258812368
1453903,25.013209964024856
1025892,25.013209964024856
1199793,123.84940510274217
1068780,123.84940510274217
1085401,317.55939570701025
1037192,45.66606664484248
1400718,45.66606664484248
1073403,77.03313137284691
1456771,49.13898965994467
1250564,49.13898965994467
1487779,33.064874309659736
1336818,33.151174695801714
1010555,33.151174695801714
1002043,309.25859528339623
1242012,309.25859528339623
1166145,270.2189384224288
1440436,679.6280553316877
1146215,679.6280553316877
1043014,679.6280553316877
1310723,131.92337591025642
1008614,69.80112009217684
1076975,69.80112009217684
1149000,380.42385538854455
1415442,380.42385538854455
1136838,131.92337591025642
1070227,161.42500067071174
1297253,161.5938818171938
1061532,161.5938818171938
1221557,545.377690469417
1213113,317.55939570701025
1101454,545.377690469417
1199855,72.91811059349153
1258187,72.91811059349153
1176775,178.513063500759
1406839,178.513063500759
1016677,178.513063500759
1219958,131.92337591025642
1102306,56.84953417431313
1394484,56.84953417431313
1237611,402.99267957661584
1001680,1041.9174258812368
1408762,1041.9174258812368
1096050,25.013209964024856
1253938,25.013209964024856
1494171,25.013209964024856
1202063,123.84940510274217
1269353,123.84940510274217
1425528,123.84940510274217
1083018,45.66606664484248
1254356,45.66606664484248
1096392,45.66606664484248
1291874,131.92337591025642
1012825,131.92337591025642
1411856,131.92337591025642
1389546,56.84953417431313
1332496,56.84953417431313
1218626,402.99267957661584
1060240,402.99267957661584
1051688,402.99267957661584
1070142,367.66451142142944
1261392,367.66451142142944
1206482,367.66451142142944
1205025,69.80112009217684
1414894,69.80112009217684
1201822,254.25104551803662
1065852,353.0304477757708
1010653,264.80200255916003
1393959,161.5938818171938
1238587,161.42500067071174
1410003,72.91811059349153
1420919,213.62577458661838
1247163,212.9814107271406
1494734,213.62577458661838
1421622,72.91811059349153
1076991,72.91811059349153
1455585,83.72342200515234
1199090,83.72342200515234
1417240,33.064874309659736
1252660,213.62577458661838
1251333,1041.9174258812368
1353734,1041.9174258812368
1107468,25.013209964024856
1173002,206.88397831927205
1329582,89.70462824137277
1144663,89.70462824137277
1107196,45.66606664484248
1144647,45.66606664484248
1161763,77.03313137284691
1091117,49.13898965994467
1327267,33.064874309659736
1214601,33.151174695801714
1136504,33.151174695801714
1221756,213.62577458661838
1394196,213.62577458661838
1376542,213.62577458661838
1377519,679.6280553316877
1373036,679.6280553316877
1414248,679.6280553316877
1303417,131.92337591025642
1374782,69.80112009217684
1119799,69.80112009217684
1238224,380.42385538854455
1368565,380.42385538854455
1209454,131.92337591025642
1465217,72.91811059349153
1326935,72.91811059349153
1418145,72.91811059349153
1496743,545.377690469417
1391503,317.55939570701025
1014063,545.377690469417
1072843,72.91811059349153
1179267,72.91811059349153
1086413,178.513063500759
1379056,178.513063500759
1321694,178.513063500759
1474917,131.92337591025642
1046579,56.84953417431313
1378510,56.84953417431313
1264839,317.55939570701025
1387414,1041.9174258812368
1011628,1041.9174258812368
1361035,25.013209964024856
1288726,25.013209964024856
1063469,380.42385538854455
1153382,380.42385538854455
1437433,131.92337591025642
1448288,54.552970886915695
1001552,54.552970886915695
1375215,54.552970886915695
1257492,123.84940510274217
1112246,123.84940510274217
1484213,123.84940510274217
1427638,45.66606664484248
1327005,45.66606664484248
1315112,45.66606664484248
1354041,679.6280553316877
1388619,131.92337591025642
1284859,131.92337591025642
1123242,56.84953417431313
1093878,56.84953417431313
1201131,56.84953417431313
1134701,311.8311780426093
1351203,311.8311780426093
1167481,272.88324961034596
1242087,679.6280553316877
1492615,679.6280553316877
1200152,679.6280553316877
1126912,131.92337591025642
1106260,69.80112009217684
1461252,69.80112009217684
1098918,380.42385538854455
1029001,380.42385538854455
1367814,131.92337591025642
1302999,72.91811059349153
1144931,72.91811059349153
1248673,72.91811059349153
1313222,545.377690469417
1158067,317.55939570701025
1432675,545.377690469417
1012475,72.91811059349153
1177901,72.91811059349153
1495339,178.513063500759
1476033,178.513063500759
1055591,178.513063500759
1452758,131.92337591025642
1161069,56.84953417431313
1186251,317.55939570701025
1033877,1041.9174258812368
1413258,1041.9174258812368
1211863,25.013209964024856
1498754,25.013209964024856
1119251,56.84953417431313
1305260,380.42385538854455
1219991,131.92337591025642
1120047,54.552970886915695
1488566,54.552970886915695
1449824,54.552970886915695
1433843,123.84940510274217
1061572,123.84940510274217
1309177,123.84940510274217
1174310,45.66606664484248
1450619,45.66606664484248
1110276,45.66606664484248
1327917,679.6280553316877
1028529,131.92337591025642
1229877,131.92337591025642
1303565,56.84953417431313
1094342,56.84953417431313
1424443,56.84953417431313
1444668,402.99267957661584
1484000,402.99267957661584
1280618,402.99267957661584
1480428,373.37273953705807
1455643,373.37273953705807
1285656,373.37273953705807
1372762,48.767932021816485
1432834,69.80112009217684
1237460,69.80112009217684
1295014,256.0759837508135
1244513,284.8980821156078
1385541,267.02492723476183
1035060,161.5938818171938
1121323,161.42500067071174
1085830,72.91811059349153
1462127,544.9287496724291
1295783,317.55939570701025
1326454,544.9287496724291
1055864,72.91811059349153
1234254,72.91811059349153
1041769,72.91811059349153
1160937,178.513063500759
1342313,178.513063500759
1016474,178.513063500759
1110194,48.767932021816485
1251550,33.064874309659736
1431845,33.151174695801714
1353126,309.17571821240165
1056291,1041.9174258812368
1325664,1041.9174258812368
1459553,25.013209964024856
1254297,25.013209964024856
1449312,25.013209964024856
1458496,307.7369094479718
1378698,123.84940510274217
1234170,123.84940510274217
1226667,45.66606664484248
1397179,45.66606664484248
1034705,45.66606664484248
1140008,77.03313137284691
1158536,49.13898965994467
1000316,49.13898965994467
1025702,33.064874309659736
1260965,43.97285881075489
1071743,33.151174695801714
1209313,309.3246012694244
1339877,309.3246012694244
1061709,270.2766389139939
1252003,201.99767683142636
1254045,201.99767683142636
1455149,201.93506461957222
1037986,48.767932021816485
1243872,69.80112009217684
1481039,69.80112009217684
1287198,198.23396685547178
1467395,198.2954371556617
1433692,198.47402156969744
1090565,161.42500067071174
1048727,161.42500067071174
1431670,161.42500067071174
1351526,544.9287496724291
1468658,212.9814107271406
1140102,544.9287496724291
1191743,83.72342200515234
1021450,83.72342200515234
1272459,48.767932021816485
1222494,33.064874309659736
1207845,33.151174695801714
1283850,309.17571821240165
1254566,1041.9174258812368
1065743,1041.9174258812368
1293087,25.013209964024856
1211532,182.86622978738308
1336103,89.70462824137277
1248026,206.88397831927205
1334098,45.66606664484248
1354295,45.66606664484248
1335974,45.66606664484248
1277523,49.13898965994467
1178038,49.13898965994467
1108132,33.064874309659736
1476589,33.151174695801714
1095707,43.97285881075489
1342490,309.3246012694244
1112212,309.3246012694244
1251432,270.2766389139939
1345064,195.95197876648706
1365578,195.89123127808176
1430307,195.06390797465693
1097311,69.80112009217684
1179754,69.80112009217684
1093267,193.96001242441147
1268084,193.96001242441147
1027654,76.45564088850853
1304946,72.91811059349153
1308505,72.91811059349153
1355349,213.62577458661838
1151988,212.9814107271406
1066688,213.62577458661838
1265837,83.72342200515234
1451100,83.72342200515234
1129429,33.064874309659736
1360992,212.9814107271406
1092034,1041.9174258812368
1431359,1041.9174258812368
1020389,77.03313137284691
1495262,77.03313137284691
1416203,89.70462824137277
1026691,89.70462824137277
1038947,89.70462824137277
1280856,193.89987933426218
1267098,49.13898965994467
1063760,33.151174695801714
1070558,33.151174695801714
1316514,213.62577458661838
1246990,213.62577458661838
1278694,213.62577458661838
1044833,267.02492723476183
1082537,267.02492723476183
1290623,267.02492723476183
1002960,48.767932021816485
1097353,69.80112009217684
1197924,69.80112009217684
1447615,256.0759837508135
1073580,256.0759837508135
1459132,76.45564088850853
1229468,72.91811059349153
1436975,72.91811059349153
1209334,72.91811059349153
1162245,544.9287496724291
1128432,317.55939570701025
1266348,544.9287496724291
1156193,72.91811059349153
1058895,72.91811059349153
1342347,72.91811059349153
1186897,83.72342200515234
1093559,83.72342200515234
1189431,83.72342200515234
1464252,48.767932021816485
1378898,43.8592119123437
1307236,33.151174695801714
1278502,317.55939570701025
1210378,1041.9174258812368
1274934,1041.9174258812368
1091749,25.013209964024856
1381034,25.013209964024856
1421914,25.013209964024856
1456658,77.03313137284691
1137166,256.0759837508135
1144564,256.0759837508135
1181209,54.552970886915695
1134920,54.552970886915695
1460464,54.552970886915695
1235873,123.84940510274217
1104114,123.84940510274217
1404886,123.84940510274217
1191448,45.66606664484248
1270020,45.66606664484248
1349855,267.02492723476183
1038419,49.13898965994467
1372105,49.13898965994467
1466539,40.139604277765535
1049894,33.151174695801714
1165845,33.151174695801714
1184351,309.1097438937725
1020232,309.1097438937725
1176566,270.2189384224288
1142567,544.4929369299253
1247424,544.6612396300808
1331093,544.6612396300808
1065120,131.92337591025642
1379552,69.80112009217684
1373275,69.80112009217684
1044528,333.7600423838407
1405516,335.759378034153
1480437,523.3238485362073
1116430,72.91811059349153
1094315,72.91811059349153
1115681,72.91811059349153
1487577,544.9287496724291
1206620,317.55939570701025
1006717,544.9287496724291
1455478,72.91811059349153
1473148,72.91811059349153
1108700,72.91811059349153
1494266,178.513063500759
1142552,178.513063500759
1119868,178.513063500759
1112572,33.064874309659736
1001450,33.151174695801714
1035747,309.3246012694244
1426081,1041.9174258812368
1302643,1041.9174258812368
1091771,25.013209964024856
1368796,25.013209964024856
1418344,269.0524879976676
1213867,269.0524879976676
1428614,307.7369094479718
1323445,45.66606664484248
1400294,45.66606664484248
1202102,131.92337591025642
1351443,131.92337591025642
1469614,131.92337591025642
1241717,33.064874309659736
1435336,33.151174695801714
1129632,33.151174695801714
1497604,309.3246012694244
1153131,309.3246012694244
1165802,270.2766389139939
1397430,679.6280553316877
1421700,679.6280553316877
1199301,679.6280553316877
1217162,131.92337591025642
1314371,69.80112009217684
1438430,69.80112009217684
1161906,380.42385538854455
1437201,380.42385538854455
1105750,131.92337591025642
1276479,72.91811059349153
1385089,72.91811059349153
1363114,72.91811059349153
1386434,545.377690469417
1009855,317.55939570701025
1456556,545.377690469417
1362834,72.91811059349153
1397380,72.91811059349153
1148711,72.91811059349153
1425133,178.513063500759
1406516,178.513063500759
1410348,178.513063500759
1080589,131.92337591025642
1257696,56.84953417431313
1197163,56.84953417431313
1492896,317.55939570701025
1390966,1041.9174258812368
1300869,1041.9174258812368
1346062,25.013209964024856
1440801,25.013209964024856
1457400,380.42385538854455
1129511,380.42385538854455
1206563,380.42385538854455
1463167,54.552970886915695
1127290,54.552970886915695
1152630,54.552970886915695
1319449,123.84940510274217
1085416,123.84940510274217
1148437,123.84940510274217
1021989,45.66606664484248
1222373,45.66606664484248
1487297,45.66606664484248
1464106,679.6280553316877
1120848,131.92337591025642
1161361,131.92337591025642
1385103,56.84953417431313
1035520,56.84953417431313
1272865,56.84953417431313
1115214,311.8311780426093
1482473,311.8311780426093
1173061,272.88324961034596
1160004,195.95197876648706
1209168,195.95197876648706
1131071,195.89123127808176
1437124,48.767932021816485
1132303,69.80112009217684
1066597,69.80112009217684
1204147,195.89123127808176
1347735,193.96001242441147
1471974,193.89987933426218
1006545,72.91811059349153
1181713,72.91811059349153
1310282,213.62577458661838
1403767,212.9814107271406
1142620,213.62577458661838
1101218,83.72342200515234
1064390,83.72342200515234
1302997,33.064874309659736
1394499,213.62577458661838
1220035,1041.9174258812368
1301610,1041.9174258812368
1192894,206.88397831927205
1086367,89.70462824137277
1024610,89.70462824137277
1066449,45.66606664484248
1014622,45.66606664484248
1102434,33.064874309659736
1094038,33.151174695801714
1024198,33.151174695801714
1480962,213.62577458661838
1058212,213.62577458661838
1034193,213.62577458661838
1133734,264.80200255916003
1368841,264.80200255916003
1307976,264.80200255916003
1353818,48.767932021816485
1203717,69.80112009217684
1261194,69.80112009217684
1429330,254.25104551803662
1093502,254.25104551803662
1396514,76.45564088850853
1164080,72.91811059349153
1496571,72.91811059349153
1456487,72.91811059349153
1124122,213.62577458661838
1344652,212.9814107271406
1045314,213.62577458661838
1313065,72.91811059349153
1453858,72.91811059349153
1391383,83.72342200515234
1386732,83.72342200515234
1131958,83.72342200515234
1411353,48.767932021816485
1183217,43.8592119123437
1004907,33.151174695801714
1370612,212.9814107271406
1059227,1041.9174258812368
1044076,1041.9174258812368
1461383,25.013209964024856
1370497,25.013209964024856
1201558,254.25104551803662
1009155,254.25104551803662
1108733,254.25104551803662
1067902,54.552970886915695
1182115,54.552970886915695
1275446,89.70462824137277
1303182,89.70462824137277
1347823,89.70462824137277
1193439,45.66606664484248
1093068,264.80200255916003
1313752,49.13898965994467
1431000,49.13898965994467
1405764,33.064874309659736
1167876,33.151174695801714
1216873,33.151174695801714
1219158,213.62577458661838
1140986,213.62577458661838
1225887,213.62577458661838
1136954,679.6280553316877
1072381,679.6280553316877
1466210,679.6280553316877
1224719,131.92337591025642
1275996,69.80112009217684
1014424,69.80112009217684
1343873,380.42385538854455
1215447,380.42385538854455
1047563,131.92337591025642
1130244,72.91811059349153
1144237,72.91811059349153
1375781,72.91811059349153
1074647,545.377690469417
1266701,317.55939570701025
1022706,545.377690469417
1125457,72.91811059349153
1291420,72.91811059349153
1309030,178.513063500759
1090177,178.513063500759
1027770,178.513063500759
1320976,131.92337591025642
1086618,56.84953417431313
1426062,56.84953417431313
1386393,317.55939570701025
1365708,1041.9174258812368
1296288,1041.9174258812368
1105095,25.013209964024856
1490527,25.013209964024856
1290461,25.013209964024856
1207023,380.42385538854455
1161985,380.42385538854455
1091579,380.42385538854455
1083415,54.552970886915695
1481004,54.552970886915695
1210068,54.552970886915695
1092395,123.84940510274217
1098833,123.84940510274217
1276935,123.84940510274217
1232445,45.66606664484248
1334966,45.66606664484248
1170489,45.66606664484248
1051286,679.6280553316877
1172343,131.92337591025642
1063250,131.92337591025642
1262276,56.84953417431313
1086671,56.84953417431313
1403410,56.84953417431313
1416327,311.8311780426093
1466980,311.8311780426093
1209617,272.88324961034596
1358442,195.89123127808176
1021640,195.89123127808176
1458255,195.95197876648706
1076401,48.767932021816485
1466523,193.96001242441147
1009398,193.96001242441147
1365750,193.89987933426218
1020333,72.91811059349153
1302929,161.5938818171938
1049098,72.91811059349153
1275886,213.62577458661838
1377436,212.9814107271406
1339401,213.62577458661838
1296573,83.72342200515234
1382490,33.064874309659736
1105475,213.62577458661838
1345869,1041.9174258812368
1246051,1041.9174258812368
1395793,89.70462824137277
1161426,206.88397831927205
1169752,206.88397831927205
1075712,77.03313137284691
1396750,49.13898965994467
1369446,33.151174695801714
1250772,43.97285881075489
1228466,213.62577458661838
1363888,213.62577458661838
1346906,213.62577458661838
1440877,679.6280553316877
1284314,679.6280553316877
1469441,679.6280553316877
1434417,131.92337591025642
1137425,69.80112009217684
1043915,69.80112009217684
1470343,380.42385538854455
1348031,380.42385538854455
1153756,131.92337591025642
1236706,72.91811059349153
1140362,161.42500067071174
1385981,72.91811059349153
1479530,545.377690469417
1117421,317.55939570701025
1464250,545.377690469417
1407622,72.91811059349153
1036421,72.91811059349153
1002959,72.91811059349153
1426563,178.513063500759
1247670,178.513063500759
1462768,56.84953417431313
1334259,56.84953417431313
1454376,56.84953417431313
1489795,402.99267957661584
1126940,1041.9174258812368
1067683,1041.9174258812368
1052663,25.013209964024856
1135752,25.013209964024856
1027714,25.013209964024856
1083688,123.84940510274217
1118433,123.84940510274217
1393099,123.84940510274217
1009083,45.66606664484248
1218541,45.66606664484248
1238031,45.66606664484248
1105141,131.92337591025642
1098287,131.92337591025642
1299929,131.92337591025642
1192747,56.84953417431313
1353255,56.84953417431313
1370526,56.84953417431313
1034948,402.99267957661584
1443790,402.99267957661584
1258783,402.99267957661584
1266289,373.37273953705807
1371943,373.37273953705807
1134369,373.37273953705807
1439573,48.767932021816485
1162693,69.80112009217684
1337595,69.80112009217684
1476185,256.0759837508135
1277210,358.0794382407501
1353948,267.02492723476183
1481232,161.5938818171938
1489354,161.42500067071174
1015807,161.5938818171938
1430066,213.62577458661838
1456342,212.9814107271406
1113435,213.62577458661838
1427628,72.91811059349153
1200050,83.72342200515234
1406961,83.72342200515234
1042014,33.064874309659736
1378115,33.151174695801714
1080704,213.62577458661838
1427400,1041.9174258812368
1183169,1041.9174258812368
1337149,25.013209964024856
1147099,25.013209964024856
1082994,25.013209964024856
1438733,89.70462824137277
1105548,89.70462824137277
1115545,89.70462824137277
1331116,77.03313137284691
1146566,49.13898965994467
1211395,49.13898965994467
1499922,33.151174695801714
1491288,213.62577458661838
1417275,213.62577458661838
1248994,213.62577458661838
1258709,679.6280553316877
1394819,679.6280553316877
1135533,679.6280553316877
1051730,131.92337591025642
1165520,69.80112009217684
1197088,69.80112009217684
1465199,380.42385538854455
1401826,380.42385538854455
1392220,679.6280553316877
1021878,72.91811059349153
1400369,72.91811059349153
1021693,72.91811059349153
1483559,545.377690469417
1475544,317.55939570701025
1300625,545.377690469417
1197565,72.91811059349153
1355784,72.91811059349153
1111727,178.513063500759
1376997,178.513063500759
1244359,178.513063500759
1373136,56.84953417431313
1083651,56.84953417431313
1410171,317.55939570701025
1327045,1041.9174258812368
1343053,1041.9174258812368
1499459,25.013209964024856
1381205,25.013209964024856
1308369,25.013209964024856
1236789,131.92337591025642
1322057,380.42385538854455
1402380,131.92337591025642
1495133,54.552970886915695
1135723,54.552970886915695
1177453,54.552970886915695
1237932,123.84940510274217
1265825,123.84940510274217
1407678,123.84940510274217
1166219,45.66606664484248
1472113,45.66606664484248
1149680,679.6280553316877
1280831,131.92337591025642
1099376,131.92337591025642
1310205,56.84953417431313
1100532,56.84953417431313
1232899,56.84953417431313
1231600,402.99267957661584
1116674,402.99267957661584
1422960,402.99267957661584
1050205,373.37273953705807
1416864,373.37273953705807
1337366,373.37273953705807
1125197,48.767932021816485
1086371,69.80112009217684
1341997,256.0759837508135
1032394,358.0794382407501
1447457,267.02492723476183
1243007,161.42500067071174
1303301,161.42500067071174
1106702,161.42500067071174
1385548,544.9287496724291
1216801,317.55939570701025
1313139,1041.9174258812368
1230530,72.91811059349153
1229440,72.91811059349153
1173475,72.91811059349153
1361085,178.513063500759
1012153,178.513063500759
1010245,42.370124291524746
1425334,33.064874309659736
1009825,33.151174695801714
1271945,309.17571821240165
1084568,1041.9174258812368
1021535,1041.9174258812368
1011457,25.013209964024856
1429661,25.013209964024856
1429395,269.0524879976676
1391550,269.0524879976676
1476176,123.84940510274217
1346514,45.66606664484248
1257642,45.66606664484248
1437428,45.66606664484248
1093473,77.03313137284691
1321968,49.13898965994467
1262804,49.13898965994467
1226903,33.064874309659736
1280458,33.151174695801714
1232919,33.151174695801714
1017140,309.3246012694244
1322867,309.3246012694244
1196131,270.2766389139939
1141874,373.37273953705807
1377332,373.37273953705807
1377521,373.37273953705807
1292453,48.767932021816485
1056097,69.80112009217684
1271999,69.80112009217684
1036445,256.0759837508135
1469373,256.0759837508135
1339817,267.02492723476183
1210375,161.42500067071174
1041090,161.42500067071174
1299861,72.91811059349153
1439928,544.9287496724291
1174553,317.55939570701025
1084641,544.9287496724291
1172007,72.91811059349153
1276111,72.91811059349153
1222758,83.72342200515234
1123142,83.72342200515234
1200813,83.72342200515234
1058764,33.064874309659736
1105638,33.151174695801714
1386900,309.17571821240165
1090223,1041.9174258812368
1168500,1041.9174258812368
1478388,25.013209964024856
1018488,25.013209964024856
1365428,307.7369094479718
1354563,123.84940510274217
1074154,269.0524879976676
1012293,45.66606664484248
1317898,45.66606664484248
1326234,77.03313137284691
1231970,49.13898965994467
1462420,49.13898965994467
1356535,33.064874309659736
1282500,33.151174695801714
1234238,33.151174695801714
1287568,309.3246012694244
1336390,309.3246012694244
1416376,270.2766389139939
1412072,679.6280553316877
1157631,679.6280553316877
1460512,679.6280553316877
1238865,131.92337591025642
1077300,69.80112009217684
1247292,380.42385538854455
1015227,380.42385538854455
1029269,679.6280553316877
1074211,161.5938818171938
1069951,161.5938818171938
1455666,72.91811059349153
1369533,545.377690469417
1221494,317.55939570701025
1030934,545.377690469417
1454801,178.513063500759
1055201,178.513063500759
1228440,178.513063500759
1448901,56.84953417431313
1180107,56.84953417431313
1461549,311.8311780426093
1232809,1041.9174258812368
1356402,1041.9174258812368
1258158,25.013209964024856
1420628,25.013209964024856
1059120,123.84940510274217
1478189,123.84940510274217
1363426,123.84940510274217
1071794,45.66606664484248
1455436,131.92337591025642
1214569,131.92337591025642
1463916,131.92337591025642
1305060,56.84953417431313
1233157,56.84953417431313
1042434,56.84953417431313
1185694,311.8311780426093
1293729,311.8311780426093
1136776,272.88324961034596
1413517,373.37273953705807
1259598,373.37273953705807
1436258,373.37273953705807
1382915,48.767932021816485
1378089,69.80112009217684
1020754,256.0759837508135
1311330,256.0759837508135
1347849,267.02492723476183
1223036,161.42500067071174
1443948,161.42500067071174
1031537,161.42500067071174
1241557,544.9287496724291
1080727,212.9814107271406
1304133,544.9287496724291
1376166,72.91811059349153
1040003,72.91811059349153
1169082,72.91811059349153
1186723,83.72342200515234
1038950,83.72342200515234
1004288,83.72342200515234
1307572,48.767932021816485
1286873,33.064874309659736
1141389,33.151174695801714
1031169,309.1097438937725
1182172,1041.9174258812368
1025645,1041.9174258812368
1109353,25.013209964024856
1310175,25.013209964024856
1241604,25.013209964024856
1149972,89.70462824137277
1119709,89.70462824137277
1016210,89.70462824137277
1143861,77.03313137284691
1448070,49.13898965994467
1180256,49.13898965994467
1028658,33.151174695801714
1385596,33.151174695801714
1224224,309.1097438937725
1321495,309.1097438937725
1044081,270.2189384224288
1262088,198.06250435876063
1165396,198.8408231880495
1030700,198.8408231880495
1260150,48.767932021816485
1443457,69.80112009217684
1249975,69.80112009217684
1325306,196.88067309416985
1032733,196.88067309416985
1307045,76.45564088850853
1478238,72.91811059349153
1403904,72.91811059349153
1159996,72.91811059349153
1393212,213.62577458661838
1144115,212.9814107271406
1231616,213.62577458661838
1175049,72.91811059349153
1073731,83.72342200515234
1133318,83.72342200515234
1025446,83.72342200515234
1029180,33.064874309659736
1072871,33.151174695801714
1019252,212.9814107271406
1231475,1041.9174258812368
1251909,1041.9174258812368
1259666,25.013209964024856
1347514,198.8408231880495
1421537,196.81963916107793
1490547,54.552970886915695
1031512,54.552970886915695
1201497,54.552970886915695
1358702,89.70462824137277
1294819,89.70462824137277
1252270,89.70462824137277
1404874,45.66606664484248
1052619,45.66606664484248
1415070,196.88067309416985
1131404,49.13898965994467
1114748,49.13898965994467
1478278,33.064874309659736
1385580,33.151174695801714
1053602,43.97285881075489
1373446,213.62577458661838
1254188,213.62577458661838
1064722,213.62577458661838
1017611,267.02492723476183
1478736,267.02492723476183
1319448,267.02492723476183
1068050,48.767932021816485
1168512,69.80112009217684
1225854,69.80112009217684
1281168,256.0759837508135
1090747,256.0759837508135
1334066,267.02492723476183
1109736,72.91811059349153
1444828,72.91811059349153
1370445,72.91811059349153
1434316,213.62577458661838
1158124,212.9814107271406
1149325,213.62577458661838
1125965,72.91811059349153
1084734,83.72342200515234
1149415,83.72342200515234
1209328,83.72342200515234
1163249,48.767932021816485
1380450,43.8592119123437
1053981,33.151174695801714
1414115,212.9814107271406
1026120,1041.9174258812368
1096794,1041.9174258812368
1146050,256.0759837508135
1331189,256.0759837508135
1382755,77.03313137284691
1041188,54.552970886915695
1184878,54.552970886915695
1480216,89.70462824137277
1397576,89.70462824137277
1048682,89.70462824137277
1233664,45.66606664484248
1016670,45.66606664484248
1178070,267.02492723476183
1278946,49.13898965994467
1166260,49.13898965994467
1046348,33.064874309659736
1335428,33.151174695801714
1293935,213.62577458661838
1287888,213.62577458661838
1359856,213.62577458661838
1020415,267.02492723476183
1082289,267.02492723476183
1099898,267.02492723476183
1358318,48.767932021816485
1086585,69.80112009217684
1111735,69.80112009217684
1358085,256.0759837508135
1238125,256.0759837508135
1035424,76.45564088850853
1356727,72.91811059349153
1329534,72.91811059349153
1099878,72.91811059349153
1268385,544.9287496724291
1209282,212.9814107271406
1245282,544.9287496724291
1288831,72.91811059349153
1425235,72.91811059349153
1383338,83.72342200515234
1217413,83.72342200515234
1476508,83.72342200515234
1391751,48.767932021816485
1331642,33.064874309659736
1031204,33.151174695801714
1466616,212.9814107271406
1079710,1041.9174258812368
1264375,1041.9174258812368
1042616,25.013209964024856
1240964,256.0759837508135
1160082,77.03313137284691
1039277,256.0759837508135
1353139,54.552970886915695
1333671,54.552970886915695
1290071,54.552970886915695
1403753,89.70462824137277
1243092,89.70462824137277
1280359,89.70462824137277
1087974,45.66606664484248
1239630,45.66606664484248
1234605,267.02492723476183
1340890,49.13898965994467
1163887,49.13898965994467
1426026,40.139604277765535
1427154,33.151174695801714
1044017,33.151174695801714
1279847,309.1097438937725
1456120,309.1097438937725
1253370,270.2189384224288
1278810,198.8408231880495
1117394,198.8408231880495
1012670,198.8408231880495
1025188,48.767932021816485
1332233,69.80112009217684
1323407,69.80112009217684
1034869,196.88067309416985
1376226,196.81963916107793
1309756,196.81963916107793
1303248,161.5938818171938
1298371,161.42500067071174
1228447,161.42500067071174
1392600,213.62577458661838
1210989,212.9814107271406
1224929,213.62577458661838
1006863,83.72342200515234
1046576,83.72342200515234
1131373,33.064874309659736
1099601,33.151174695801714
1165145,213.62577458661838
1243449,1041.9174258812368
1272532,1041.9174258812368
1038824,89.70462824137277
1274071,206.88397831927205
1035671,182.86622978738308
1143118,45.66606664484248
1284066,77.03313137284691
1346299,49.13898965994467
1019250,43.8592119123437
1148436,33.151174695801714
1002446,33.151174695801714
1367571,213.62577458661838
1430226,213.62577458661838
1459893,213.62577458661838
1435663,292.9446382298154
1145434,292.9446382298154
1165874,292.85397451262736
1480615,69.80112009217684
1465173,231.3681305111564
1377131,231.3681305111564
1499074,233.67109565607413
1458855,161.42500067071174
1264284,72.91811059349153
1380981,72.91811059349153
1408379,544.9287496724291
1355328,212.9814107271406
1046966,544.9287496724291
1406927,72.91811059349153
1049031,72.91811059349153
1404257,83.72342200515234
1355175,83.72342200515234
1107709,83.72342200515234
1449044,33.064874309659736
1347707,33.064874309659736
1121174,33.151174695801714
1117633,309.17571821240165
1242523,1041.9174258812368
1415856,1041.9174258812368
1449012,25.013209964024856
1027293,182.86622978738308
1409385,89.70462824137277
1302226,206.88397831927205
1454173,45.66606664484248
1055319,45.66606664484248
1104911,77.03313137284691
1073327,49.13898965994467
1247615,49.13898965994467
1081843,33.064874309659736
1085992,33.151174695801714
1114342,43.97285881075489
1181597,309.3246012694244
1109296,309.3246012694244
1275019,270.2766389139939
1414111,373.37273953705807
1410252,373.37273953705807
1023485,373.37273953705807
1008417,48.767932021816485
1228962,69.80112009217684
1255627,69.80112009217684
1228545,256.0759837508135
1291262,256.0759837508135
1122503,267.02492723476183
1456341,161.42500067071174
1075103,72.91811059349153
1194241,161.42500067071174
1447660,544.9287496724291
1384680,317.55939570701025
1073552,544.9287496724291
1004768,72.91811059349153
1143648,72.91811059349153
1187892,83.72342200515234
1107358,83.72342200515234
1156352,83.72342200515234
1133290,33.064874309659736
1341616,33.064874309659736
1415018,33.151174695801714
1267108,309.1097438937725
1360251,1041.9174258812368
1044036,1041.9174258812368
1231149,25.013209964024856
1030937,307.7369094479718
1436012,269.0524879976676
1092893,123.84940510274217
1026836,45.66606664484248
1311633,45.66606664484248
1026271,77.03313137284691
1367333,49.13898965994467
1087697,49.13898965994467
1402406,33.064874309659736
1007970,33.151174695801714
1110234,33.151174695801714
1042031,309.25859528339623
1354819,309.25859528339623
1088259,270.2189384224288
1085852,198.93980261403385
1468989,198.93980261403385
1403733,198.93980261403385
1344775,48.767932021816485
1442285,69.80112009217684
1250784,69.80112009217684
1408134,196.89486141082867
1323039,197.29892124436049
1066138,76.45564088850853
1256418,161.42500067071174
1077102,161.42500067071174
1061292,161.42500067071174
1077010,213.62577458661838
1477799,212.9814107271406
1146321,213.62577458661838
1086118,83.72342200515234
1329979,83.72342200515234
1108620,213.62577458661838
1314338,1041.9174258812368
1277718,1041.9174258812368
1020303,25.013209964024856
1376133,89.70462824137277
1451917,89.70462824137277
1037515,89.70462824137277
1095876,45.66606664484248
1484068,77.03313137284691
1418055,49.13898965994467
1189836,49.13898965994467
1196248,33.151174695801714
1064741,33.151174695801714
1476995,33.151174695801714
1489210,213.62577458661838
1105338,213.62577458661838
1209310,213.62577458661838
1193672,373.37273953705807
1015109,373.37273953705807
1451337,373.37273953705807
1070810,48.767932021816485
1252731,69.80112009217684
1337324,69.80112009217684
1464476,256.0759837508135
1325073,256.0759837508135
1476644,267.02492723476183
1471167,72.91811059349153
1177828,72.91811059349153
1012132,161.5938818171938
1457332,544.9287496724291
1420723,317.55939570701025
1379716,544.9287496724291
1461586,72.91811059349153
1014910,72.91811059349153
1062544,83.72342200515234
1228539,83.72342200515234
1315305,83.72342200515234
1171787,48.767932021816485
1320329,33.064874309659736
1378417,33.151174695801714
1352952,309.1097438937725
1422386,1041.9174258812368
1203825,1041.9174258812368
1498811,25.013209964024856
1389677,123.84940510274217
1458614,307.7369094479718
1394090,45.66606664484248
1074370,77.03313137284691
1258772,49.13898965994467
1207443,49.13898965994467
1135503,33.064874309659736
1417871,33.151174695801714
1190598,33.151174695801714
1397164,309.25859528339623
1184400,309.25859528339623
1002018,270.2189384224288
1382148,679.6280553316877
1381389,679.6280553316877
1487211,679.6280553316877
1007065,131.92337591025642
1339580,69.80112009217684
1409201,69.80112009217684
1472746,380.42385538854455
1102375,380.42385538854455
1473267,679.6280553316877
1048698,161.42500067071174
1379561,72.91811059349153
1301623,161.5938818171938
1014278,545.377690469417
1330464,317.55939570701025
1342395,545.377690469417
1375806,72.91811059349153
1096741,178.513063500759
1041615,178.513063500759
1342423,178.513063500759
1059627,131.92337591025642
1409682,56.84953417431313
1059549,56.84953417431313
1210915,402.99267957661584
1450042,1041.9174258812368
1210149,1041.9174258812368
1179255,25.013209964024856
1101161,25.013209964024856
1268053,123.84940510274217
1352488,123.84940510274217
1221355,123.84940510274217
1067239,45.66606664484248
1111111,45.66606664484248
1313652,45.66606664484248
1480871,131.92337591025642
1422291,131.92337591025642
1179933,131.92337591025642
1274357,56.84953417431313
1298823,56.84953417431313
1046935,56.84953417431313
1016063,402.99267957661584
1455416,402.99267957661584
1313904,402.99267957661584
1428093,679.6280553316877
1198610,679.6280553316877
1157707,679.6280553316877
1189918,131.92337591025642
1174307,69.80112009217684
1000187,69.80112009217684
1342306,380.42385538854455
1318282,380.42385538854455
1270201,679.6280553316877
1280808,72.91811059349153
1150862,72.91811059349153
1021413,72.91811059349153
1094162,545.377690469417
1118654,317.55939570701025
1429684,545.377690469417
1190688,72.91811059349153
1426016,72.91811059349153
1009331,178.513063500759
1404482,178.513063500759
1320186,178.513063500759
1485305,56.84953417431313
1320053,56.84953417431313
1276724,317.55939570701025
1216781,1041.9174258812368
1403279,1041.9174258812368
1269402,380.42385538854455
1367021,380.42385538854455
1371505,380.42385538854455
1330348,54.552970886915695
1103851,54.552970886915695
1077092,54.552970886915695
1339617,123.84940510274217
1110478,123.84940510274217
1228645,123.84940510274217
1170029,45.66606664484248
1192549,45.66606664484248
1176563,45.66606664484248
1413110,679.6280553316877
1435293,131.92337591025642
1113104,131.92337591025642
1029982,56.84953417431313
1387250,56.84953417431313
1188932,56.84953417431313
1067502,402.99267957661584
1372355,402.99267957661584
1010398,402.99267957661584
1002774,288.51677607585594
1300715,288.51677607585594
1034963,288.606101623183
1450299,48.767932021816485
1101152,69.80112009217684
1225707,69.80112009217684
1280976,227.93844508974954
1272924,227.93844508974954
1157862,76.45564088850853
1308727,72.91811059349153
1396355,161.42500067071174
1319853,161.42500067071174
1025693,544.9287496724291
1174284,212.9814107271406
1127315,544.9287496724291
1365949,72.91811059349153
1217224,72.91811059349153
1380028,72.91811059349153
1171896,83.72342200515234
1232711,83.72342200515234
1101191,83.72342200515234
1261322,48.767932021816485
1015454,33.064874309659736
1496729,33.151174695801714
1388842,309.1097438937725
1241413,1041.9174258812368
1427406,1041.9174258812368
1221106,25.013209964024856
1140020,25.013209964024856
1229693,89.70462824137277
1251379,89.70462824137277
1376260,89.70462824137277
1156319,45.66606664484248
1228144,45.66606664484248
1014899,45.66606664484248
1431873,77.03313137284691
1020355,49.13898965994467
1430423,49.13898965994467
1457210,33.151174695801714
1406481,33.151174695801714
1220988,43.97285881075489
1290134,309.1097438937725
1415673,309.1097438937725
1263946,270.2189384224288
1157662,201.99767683142636
1342442,201.93506461957222
1372892,201.99767683142636
1444251,69.80112009217684
1084196,69.80112009217684
1336601,201.69084475294363
1046867,200.33169986413515
1101521,198.47402156969744
1236459,72.91811059349153
1145992,72.91811059349153
1338064,161.5938818171938
1050100,544.9287496724291
1220899,317.55939570701025
1498515,544.9287496724291
1056902,72.91811059349153
1377760,72.91811059349153
1267745,83.72342200515234
1132536,83.72342200515234
1362590,33.064874309659736
1069068,309.17571821240165
1021121,1041.9174258812368
1487401,1041.9174258812368
1084470,123.84940510274217
1295002,123.84940510274217
1445770,123.84940510274217
1102502,45.66606664484248
1084519,77.03313137284691
1263659,49.13898965994467
1279234,33.151174695801714
1460038,33.151174695801714
1449879,33.151174695801714
1352135,309.17571821240165
1210368,309.17571821240165
1331126,270.2766389139939
1112151,373.37273953705807
1441960,373.37273953705807
1145346,373.37273953705807
1258825,48.767932021816485
1207668,69.80112009217684
1383149,256.0759837508135
1343838,358.0794382407501
1439672,267.02492723476183
1184574,161.42500067071174
1023277,161.42500067071174
1248368,161.5938818171938
1227706,544.9287496724291
1479882,212.9814107271406
1337785,544.9287496724291
1004906,83.72342200515234
1174598,83.72342200515234
1051295,83.72342200515234
1017785,48.767932021816485
1310192,33.064874309659736
1028507,43.97285881075489
1373044,309.17571821240165
1304053,1041.9174258812368
1448738,1041.9174258812368
1071840,25.013209964024856
1313954,25.013209964024856
1309908,89.70462824137277
1342142,89.70462824137277
1473460,89.70462824137277
1370089,45.66606664484248
1004343,45.66606664484248
1222106,45.66606664484248
1002928,77.03313137284691
1058873,49.13898965994467
1044864,49.13898965994467
1486442,33.151174695801714
1425021,33.151174695801714
1008397,309.17571821240165
1391911,309.17571821240165
1182013,270.2766389139939
1165663,267.68164500409625
1223006,267.02492723476183
1206804,267.02492723476183
1027745,48.767932021816485
1314357,69.80112009217684
1288466,69.80112009217684
1358293,256.0759837508135
1489205,256.0759837508135
1133029,76.45564088850853
1341287,72.91811059349153
1015315,72.91811059349153
1218770,72.91811059349153
1011342,544.9287496724291
1386993,212.9814107271406
1207436,544.9287496724291
1188771,72.91811059349153
1205146,83.72342200515234
1154191,83.72342200515234
1138460,83.72342200515234
1039828,48.767932021816485
1255252,33.064874309659736
1481540,212.9814107271406
1211453,1041.9174258812368
1431576,1041.9174258812368
1335487,25.013209964024856
1214871,25.013209964024856
1014275,77.03313137284691
1298741,256.0759837508135
1404202,256.0759837508135
1338188,54.552970886915695
1280709,54.552970886915695
1165109,54.552970886915695
1476298,89.70462824137277
1199618,89.70462824137277
1285808,89.70462824137277
1011785,45.66606664484248
1387575,267.02492723476183
1038249,49.13898965994467
1011495,49.13898965994467
1295212,33.4631605902943
1336050,43.97285881075489
1428648,33.151174695801714
1194854,309.1097438937725
1474301,309.1097438937725
1095188,270.2189384224288
1140825,201.93506461957222
1012491,201.93506461957222
1497644,200.57428211272605
1151991,69.80112009217684
1315803,69.80112009217684
1233071,198.2954371556617
1435116,198.2954371556617
1266694,76.45564088850853
1418807,72.91811059349153
1067946,72.91811059349153
1315882,72.91811059349153
1244420,544.9287496724291
1239651,212.9814107271406
1139412,544.9287496724291
1086494,72.91811059349153
1454318,83.72342200515234
1451628,83.72342200515234
1425203,83.72342200515234
1035969,48.767932021816485
1378876,33.064874309659736
1219684,33.151174695801714
1036703,212.9814107271406
1254847,1041.9174258812368
1367168,1041.9174258812368
1472953,25.013209964024856
1245301,25.013209964024856
1447359,77.03313137284691
1068290,198.23396685547178
1028432,54.552970886915695
1293894,54.552970886915695
1319514,54.552970886915695
1421014,89.70462824137277
1043326,89.70462824137277
1115177,89.70462824137277
1492822,45.66606664484248
1432265,45.66606664484248
1231740,198.5355659347451
1099596,49.13898965994467
1159070,49.13898965994467
1162208,33.151174695801714
1496945,33.151174695801714
1118760,309.17571821240165
1003526,309.17571821240165
1416907,270.2766389139939
1297011,679.6280553316877
1428408,679.6280553316877
1410693,679.6280553316877
1200410,131.92337591025642
1012549,69.80112009217684
1232566,69.80112009217684
1376393,380.42385538854455
1376744,380.42385538854455
1097535,131.92337591025642
1408804,72.91811059349153
1057605,72.91811059349153
1463699,72.91811059349153
1115966,545.377690469417
1381909,317.55939570701025
1347530,545.377690469417
1081570,72.91811059349153
1073718,72.91811059349153
1258520,72.91811059349153
1244035,178.513063500759
1199619,178.513063500759
1181360,178.513063500759
1438920,56.84953417431313
1245281,56.84953417431313
1043910,317.55939570701025
1264747,1041.9174258812368
1046474,1041.9174258812368
1138104,25.013209964024856
1493956,25.013209964024856
1311461,25.013209964024856
1418312,380.42385538854455
1321027,380.42385538854455
1281767,380.42385538854455
1431943,54.552970886915695
1337912,54.552970886915695
1212536,54.552970886915695
1499629,123.84940510274217
1183617,123.84940510274217
1023943,123.84940510274217
1374112,45.66606664484248
1401086,45.66606664484248
1112152,45.66606664484248
1078963,679.6280553316877
1440398,131.92337591025642
1345916,131.92337591025642
1059854,56.84953417431313
1191834,56.84953417431313
1444602,56.84953417431313
1353033,402.99267957661584
1480966,402.99267957661584
1271162,402.99267957661584
1022214,679.6280553316877
1322521,679.6280553316877
1451871,679.6280553316877
1216122,131.92337591025642
1370092,69.80112009217684
1419779,69.80112009217684
1217665,380.42385538854455
1450493,380.42385538854455
1172413,131.92337591025642
1428154,72.91811059349153
1402384,72.91811059349153
1376519,72.91811059349153
1304828,545.377690469417
1050874,317.55939570701025
1191531,545.377690469417
1334827,72.91811059349153
1074290,72.91811059349153
1399635,72.91811059349153
1437531,178.513063500759
1447746,178.513063500759
1286648,131.92337591025642
1471256,56.84953417431313
1111125,56.84953417431313
1280472,317.55939570701025
1405202,1041.9174258812368
1412855,1041.9174258812368
1255011,25.013209964024856
1444429,25.013209964024856
1431689,25.013209964024856
1057013,131.92337591025642
1062879,131.92337591025642
1475701,380.42385538854455
1283397,54.552970886915695
1379872,54.552970886915695
1270313,54.552970886915695
1468982,123.84940510274217
1480847,123.84940510274217
1445130,123.84940510274217
1122641,45.66606664484248
1039587,45.66606664484248
1343012,45.66606664484248
1077222,679.6280553316877
1274961,131.92337591025642
1175881,131.92337591025642
1365452,56.84953417431313
1369894,56.84953417431313
1340262,56.84953417431313
1016428,402.99267957661584
1462301,402.99267957661584
1488572,402.99267957661584
1347909,198.93980261403385
1085203,198.93980261403385
1052223,198.93980261403385
1222718,69.80112009217684
1253183,69.80112009217684
1210461,195.35389498349699
1449409,198.76080119715124
1229870,195.59047953226295
1238139,161.42500067071174
1112819,72.91811059349153
1498591,544.9287496724291
1412257,317.55939570701025
1443612,544.9287496724291
1143336,72.91811059349153
1022823,72.91811059349153
1237795,83.72342200515234
1400097,83.72342200515234
1118613,43.8592119123437
1425005,43.97285881075489
1010680,309.1097438937725
1136512,1041.9174258812368
1321775,1041.9174258812368
1439583,269.0524879976676
1150078,307.7369094479718
1238367,123.84940510274217
1052769,45.66606664484248
1060114,45.66606664484248
1265100,77.03313137284691
1307344,49.13898965994467
1455678,33.064874309659736
1344579,33.151174695801714
1011086,33.151174695801714
1028198,309.25859528339623
1064176,309.25859528339623
1219223,270.2189384224288
1182935,373.37273953705807
1323652,373.37273953705807
1021705,373.37273953705807
1166342,48.767932021816485
1041932,69.80112009217684
1278141,69.80112009217684
1083324,256.0759837508135
1128618,256.0759837508135
1012488,267.02492723476183
1166709,161.42500067071174
1145228,161.42500067071174
1120213,544.9287496724291
1220509,212.9814107271406
1268931,544.9287496724291
1469555,83.72342200515234
1074239,83.72342200515234
1222461,83.72342200515234
1408874,48.767932021816485
1142667,33.151174695801714
1006214,309.17571821240165
1052051,1041.9174258812368
1398603,1041.9174258812368
1335959,206.88397831927205
1458865,182.86622978738308
1026960,206.88397831927205
1179700,45.66606664484248
1162651,45.66606664484248
1427076,77.03313137284691
1119155,49.13898965994467
1379147,49.13898965994467
1017987,33.064874309659736
1289441,33.151174695801714
1137331,33.151174695801714
1214021,309.3246012694244
1174671,309.3246012694244
1461201,270.2766389139939
1398303,195.95197876648706
1367089,195.89123127808176
1256674,195.89123127808176
1199333,48.767932021816485
1254323,193.96001242441147
1438074,193.96001242441147
1344297,76.45564088850853
1185356,72.91811059349153
1480365,72.91811059349153
1234957,72.91811059349153
1215113,213.62577458661838
1025390,212.9814107271406
1049389,213.62577458661838
1008860,83.72342200515234
1016268,48.767932021816485
1342540,33.064874309659736
1217742,33.151174695801714
1310874,212.9814107271406
1061134,1041.9174258812368
1234303,1041.9174258812368
1059861,25.013209964024856
1133468,54.552970886915695
1097908,89.70462824137277
1060435,89.70462824137277
1067572,89.70462824137277
1399894,193.96001242441147
1251454,49.13898965994467
1451676,33.151174695801714
1482243,33.151174695801714
1044549,213.62577458661838
1452199,213.62577458661838
1144351,213.62577458661838
1161571,267.02492723476183
1245748,267.02492723476183
1038351,267.02492723476183
1438548,48.767932021816485
1038899,69.80112009217684
1257054,256.0759837508135
1234568,256.0759837508135
1068382,267.02492723476183
1179351,72.91811059349153
1466438,72.91811059349153
1035017,72.91811059349153
1130037,544.9287496724291
1140942,212.9814107271406
1296093,544.9287496724291
1284992,72.91811059349153
1479107,72.91811059349153
1310017,83.72342200515234
1235880,83.72342200515234
1170505,83.72342200515234
1303906,48.767932021816485
1450217,33.064874309659736
1474709,33.151174695801714
1319063,212.9814107271406
1113253,1041.9174258812368
1415791,1041.9174258812368
1184610,25.013209964024856
1349187,25.013209964024856
1275358,256.0759837508135
1098663,256.0759837508135
1220959,256.0759837508135
1027500,54.552970886915695
1479989,54.552970886915695
1485800,54.552970886915695
1166204,89.70462824137277
1321628,89.70462824137277
1382323,89.70462824137277
1445659,45.66606664484248
1363337,45.66606664484248
1343554,45.66606664484248
1396212,267.02492723476183
1261211,49.13898965994467
1197475,49.13898965994467
1014814,33.064874309659736
1058775,33.151174695801714
1328757,309.17571821240165
1140301,309.17571821240165
1282209,270.2766389139939
1146752,267.02492723476183
1442651,267.02492723476183
1456596,267.02492723476183
1144878,48.767932021816485
1272485,69.80112009217684
1185809,69.80112009217684
1157763,256.0759837508135
1116511,256.0759837508135
1209870,267.02492723476183
1113723,72.91811059349153
1099468,72.91811059349153
1336292,72.91811059349153
1156318,213.62577458661838
1029010,212.9814107271406
1439153,213.62577458661838
1314559,83.72342200515234
1220168,83.72342200515234
1022520,83.72342200515234
1187105,48.767932021816485
1426235,33.064874309659736
1337721,33.151174695801714
1154373,212.9814107271406
1110111,1041.9174258812368
1476894,1041.9174258812368
1033712,25.013209964024856
1287693,25.013209964024856
1133560,256.0759837508135
1454309,256.0759837508135
1078557,77.03313137284691
1288182,54.552970886915695
1382330,54.552970886915695
1065959,54.552970886915695
1037450,89.70462824137277
1476614,89.70462824137277
1393195,89.70462824137277
1377502,45.66606664484248
1038259,45.66606664484248
1060062,45.66606664484248
1070288,267.02492723476183
1114802,49.13898965994467
1436867,49.13898965994467
1379819,33.151174695801714
1009706,43.97285881075489
1368507,213.62577458661838
1101879,213.62577458661838
1102835,213.62577458661838
1486989,552.1082667017112
1368489,552.1082667017112
1017840,552.1082667017112
1348427,131.92337591025642
1124985,69.80112009217684
1392976,69.80112009217684
1306068,345.98465481657826
1015283,345.98465481657826
1303490,552.1082667017112
1220929,72.91811059349153
1095880,72.91811059349153
1243385,72.91811059349153
1397343,544.9287496724291
1237369,317.55939570701025
1090286,544.9287496724291
1138081,72.91811059349153
1449096,72.91811059349153
1203267,178.513063500759
1366456,178.513063500759
1494238,178.513063500759
1029262,131.92337591025642
1496731,33.064874309659736
1284339,317.55939570701025
1423953,1041.9174258812368
1024722,1041.9174258812368
1481106,25.013209964024856
1421779,25.013209964024856
1352223,25.013209964024856
1393402,345.98465481657826
1433357,345.98465481657826
1266900,345.98465481657826
1489761,54.552970886915695
1261209,54.552970886915695
1361332,54.552970886915695
1189301,123.84940510274217
1151371,123.84940510274217
1354092,123.84940510274217
1454122,45.66606664484248
1393161,45.66606664484248
1060096,45.66606664484248
1392558,552.1082667017112
1001732,131.92337591025642
1197558,131.92337591025642
1278126,33.4631605902943
1058809,33.151174695801714
1186000,33.151174695801714
1103916,309.1097438937725
1427474,309.1097438937725
1140198,270.2189384224288
1000259,373.37273953705807
1244589,373.37273953705807
1181187,373.37273953705807
1410710,48.767932021816485
1213578,69.80112009217684
1394387,69.80112009217684
1109580,284.8980821156078
1191686,256.0759837508135
1165523,267.02492723476183
1018734,161.5938818171938
1384724,72.91811059349153
1343596,72.91811059349153
1260186,544.9287496724291
1304941,317.55939570701025
1099076,544.9287496724291
1319873,72.91811059349153
1152002,72.91811059349153
1358467,72.91811059349153
1410651,178.513063500759
1110968,178.513063500759
1288751,178.513063500759
1027386,33.064874309659736
1282178,33.064874309659736
1170610,33.151174695801714
1319455,309.1097438937725
1365356,1041.9174258812368
1496220,1041.9174258812368
1478163,25.013209964024856
1223865,123.84940510274217
1123698,269.0524879976676
1176259,307.7369094479718
1225808,45.66606664484248
1154154,45.66606664484248
1131039,77.03313137284691
1166112,49.13898965994467
1320612,49.13898965994467
1189106,33.064874309659736
1085459,33.151174695801714
1376960,33.151174695801714
1142743,309.25859528339623
1180975,309.25859528339623
1325950,270.2189384224288
1490788,288.51677607585594
1140043,288.606101623183
1332302,288.606101623183
1096751,48.767932021816485
1194289,69.80112009217684
1393706,69.80112009217684
1165972,227.93844508974954
1009271,227.86783175737463
1061618,230.20741914489903
1384048,72.91811059349153
1362799,161.5938818171938
1294741,161.42500067071174
1086077,544.9287496724291
1311575,212.9814107271406
1145973,544.9287496724291
1395057,72.91811059349153
1313483,72.91811059349153
1067885,72.91811059349153
1409690,83.72342200515234
1115066,83.72342200515234
1479423,83.72342200515234
1412869,48.767932021816485
1224761,33.064874309659736
1412050,43.97285881075489
1499647,309.1097438937725
1283680,1041.9174258812368
1215485,1041.9174258812368
1357170,25.013209964024856
1278322,25.013209964024856
1401883,25.013209964024856
1248961,89.70462824137277
1236313,89.70462824137277
1175091,89.70462824137277
1055999,45.66606664484248
1127793,45.66606664484248
1029950,77.03313137284691
1302076,49.13898965994467
1365136,49.13898965994467
1414357,43.97285881075489
1237820,33.151174695801714
1432803,33.151174695801714
1284324,309.1097438937725
1170956,309.1097438937725
1276537,270.2189384224288
1384893,201.99767683142636
1117763,201.93506461957222
1208718,201.93506461957222
1027462,48.767932021816485
1018552,69.80112009217684
1046677,69.80112009217684
1363181,198.2954371556617
1349629,201.69084475294363
1394082,76.45564088850853
1106562,161.42500067071174
1455589,161.42500067071174
1287051,72.91811059349153
1314839,544.9287496724291
1166553,212.9814107271406
1084654,544.9287496724291
1020212,72.91811059349153
1412950,72.91811059349153
1276636,83.72342200515234
1468217,83.72342200515234
1174079,48.767932021816485
1313487,33.064874309659736
1488686,33.151174695801714
1094443,309.17571821240165
1350187,1041.9174258812368
1236784,1041.9174258812368
1473799,25.013209964024856
1158244,89.70462824137277
1134075,89.70462824137277
1268433,89.70462824137277
1040229,45.66606664484248
1459297,77.03313137284691
1133119,49.13898965994467
1171397,49.13898965994467
1456419,33.151174695801714
1019974,33.151174695801714
1087561,43.97285881075489
1212269,309.3246012694244
1101704,1041.9174258812368
1202252,270.2766389139939
1039269,679.6280553316877
1077204,679.6280553316877
1281620,679.6280553316877
1248159,131.92337591025642
1259615,69.80112009217684
1368165,69.80112009217684
1044893,380.42385538854455
1479002,380.42385538854455
1169109,131.92337591025642
1416683,72.91811059349153
1152295,72.91811059349153
1497570,72.91811059349153
1051717,545.377690469417
1360988,317.55939570701025
1033512,545.377690469417
1070940,72.91811059349153
1387675,72.91811059349153
1280308,72.91811059349153
1312899,178.513063500759
1030517,178.513063500759
1230721,178.513063500759
1379341,131.92337591025642
1310857,56.84953417431313
1145669,56.84953417431313
1448045,317.55939570701025
1399880,1041.9174258812368
1277874,1041.9174258812368
1175687,25.013209964024856
1271245,25.013209964024856
1431405,25.013209964024856
1013079,380.42385538854455
1022695,380.42385538854455
1053367,380.42385538854455
1133154,54.552970886915695
1486084,54.552970886915695
1259677,54.552970886915695
1284400,123.84940510274217
1459875,123.84940510274217
1436130,123.84940510274217
1119175,45.66606664484248
1054274,45.66606664484248
1362180,45.66606664484248
1006812,679.6280553316877
1197105,131.92337591025642
1407386,131.92337591025642
1436480,56.84953417431313
1449481,56.84953417431313
1199727,56.84953417431313
1387510,402.99267957661584
1010322,402.99267957661584
1114835,402.99267957661584
1315294,198.8408231880495
1347977,198.8408231880495
1020443,198.9024807235865
1073586,48.767932021816485
1252414,69.80112009217684
1256432,69.80112009217684
1483205,196.88067309416985
1119877,196.88067309416985
1113981,76.45564088850853
1135082,72.91811059349153
1488789,72.91811059349153
1147171,72.91811059349153
1402916,213.62577458661838
1292161,212.9814107271406
1242985,213.62577458661838
1321783,83.72342200515234
1241472,83.72342200515234
1251058,83.72342200515234
1450588,33.064874309659736
1409084,33.151174695801714
1228425,212.9814107271406
1465746,1041.9174258812368
1387365,1041.9174258812368
1259885,25.013209964024856
1314218,196.88067309416985
1499434,196.88067309416985
1205825,77.03313137284691
1201097,54.552970886915695
1215049,54.552970886915695
1414563,54.552970886915695
1371908,89.70462824137277
1171282,89.70462824137277
1227184,89.70462824137277
1197503,45.66606664484248
1239490,45.66606664484248
1097524,196.81963916107793
1461607,49.13898965994467
1365702,49.13898965994467
1012906,43.8592119123437
1012078,33.151174695801714
1389080,33.151174695801714
1032631,213.62577458661838
1489207,213.62577458661838
1337131,213.62577458661838
1029910,679.6280553316877
1430031,679.6280553316877
1283025,679.6280553316877
1165027,131.92337591025642
1440018,69.80112009217684
1158456,69.80112009217684
1285597,380.42385538854455
1316448,380.42385538854455
1061646,131.92337591025642
1031293,72.91811059349153
1488101,72.91811059349153
1073802,72.91811059349153
1361654,545.377690469417
1272308,317.55939570701025
1485680,545.377690469417
1005877,72.91811059349153
1451554,72.91811059349153
1159245,72.91811059349153
1444521,178.513063500759
1469869,178.513063500759
1225464,178.513063500759
1407934,56.84953417431313
1305028,56.84953417431313
1042129,317.55939570701025
1034545,1041.9174258812368
1413444,1041.9174258812368
1066882,25.013209964024856
1152169,380.42385538854455
1307675,380.42385538854455
1488555,131.92337591025642
1059414,54.552970886915695
1189218,54.552970886915695
1320171,54.552970886915695
1146016,123.84940510274217
1136398,123.84940510274217
1059505,123.84940510274217
1293366,45.66606664484248
1182802,45.66606664484248
1253115,45.66606664484248
1159178,679.6280553316877
1446058,131.92337591025642
1064794,131.92337591025642
1141553,56.84953417431313
1006695,56.84953417431313
1272585,56.84953417431313
1070762,402.99267957661584
1106209,402.99267957661584
1102625,402.99267957661584
1460117,679.6280553316877
1168450,679.6280553316877
1174472,679.6280553316877
1091126,131.92337591025642
1327692,69.80112009217684
1369944,69.80112009217684
1076195,380.42385538854455
1230370,380.42385538854455
1219857,131.92337591025642
1392774,72.91811059349153
1490074,72.91811059349153
1142707,72.91811059349153
1256335,545.377690469417
1022752,317.55939570701025
1199404,545.377690469417
1089782,72.91811059349153
1012275,72.91811059349153
1108032,72.91811059349153
1376737,178.513063500759
1095976,178.513063500759
1459794,178.513063500759
1336320,131.92337591025642
1141097,56.84953417431313
1173016,56.84953417431313
1062590,317.55939570701025
1494011,1041.9174258812368
1290319,1041.9174258812368
1255521,25.013209964024856
1323579,25.013209964024856
1118887,25.013209964024856
1020945,380.42385538854455
1208235,380.42385538854455
1241695,380.42385538854455
1001480,54.552970886915695
1179178,54.552970886915695
1356902,54.552970886915695
1108487,123.84940510274217
1123371,123.84940510274217
1115630,123.84940510274217
1494723,45.66606664484248
1276791,45.66606664484248
1264964,679.6280553316877
1339935,131.92337591025642
1142372,131.92337591025642
1456131,56.84953417431313
1376618,56.84953417431313
1460120,56.84953417431313
1180767,402.99267957661584
1298827,402.99267957661584
1373829,402.99267957661584
1289790,679.6280553316877
1000845,679.6280553316877
1175552,679.6280553316877
1034495,131.92337591025642
1095641,69.80112009217684
1116171,69.80112009217684
1045651,380.42385538854455
1494879,380.42385538854455
1340094,679.6280553316877
1380047,72.91811059349153
1451824,161.42500067071174
1118019,161.5938818171938
1319044,545.377690469417
1083302,317.55939570701025
1006498,545.377690469417
1044635,72.91811059349153
1191040,72.91811059349153
1046701,72.91811059349153
1271141,178.513063500759
1064573,178.513063500759
1221491,178.513063500759
1296974,131.92337591025642
1047082,56.84953417431313
1123740,402.99267957661584
1166878,1041.9174258812368
1261158,1041.9174258812368
1372710,25.013209964024856
1414865,25.013209964024856
1343421,25.013209964024856
1339455,123.84940510274217
1284344,307.7369094479718
1331011,317.55939570701025
1316044,45.66606664484248
1417012,45.66606664484248
1335062,45.66606664484248
1479042,131.92337591025642
1281399,131.92337591025642
1445942,131.92337591025642
1426027,56.84953417431313
1103454,56.84953417431313
1354917,56.84953417431313
1181945,402.99267957661584
1068392,402.99267957661584
1094413,402.99267957661584
1133590,198.93980261403385
1198539,198.93980261403385
1228516,198.93980261403385
1470418,48.767932021816485
1282233,69.80112009217684
1119341,69.80112009217684
1350163,195.29333196690015
1446868,197.29892124436049
1117788,195.59047953226295
1084785,72.91811059349153
1027170,161.42500067071174
1256383,544.9287496724291
1111687,212.9814107271406
1161810,544.9287496724291
1108175,72.91811059349153
1291832,83.72342200515234
1363596,83.72342200515234
1344083,83.72342200515234
1165848,48.767932021816485
1167386,33.064874309659736
1488976,43.97285881075489
1110700,309.1097438937725
1180580,1041.9174258812368
1032181,1041.9174258812368
1297855,25.013209964024856
1273681,25.013209964024856
1013479,182.86622978738308
1195397,89.70462824137277
1238309,206.88397831927205
1170347,77.03313137284691
1253863,49.13898965994467
1497076,49.13898965994467
1399955,43.8592119123437
1345131,43.97285881075489
1193006,43.8592119123437
1130482,309.25859528339623
1346635,309.25859528339623
1386232,270.2189384224288
1324076,367.66451142142944
1238197,367.66451142142944
1226958,367.66451142142944
1167651,48.767932021816485
1377265,69.80112009217684
1093956,69.80112009217684
1186891,254.25104551803662
1329524,254.25104551803662
1166094,264.80200255916003
1157852,72.91811059349153
1393643,161.42500067071174
1040223,161.42500067071174
1132197,213.62577458661838
1318938,212.9814107271406
1031516,213.62577458661838
1021553,83.72342200515234
1099673,83.72342200515234
1404951,33.064874309659736
1293997,33.151174695801714
1008418,213.62577458661838
1343984,1041.9174258812368
1055151,1041.9174258812368
1182352,25.013209964024856
1478005,89.70462824137277
1425808,89.70462824137277
1247373,89.70462824137277
1478214,45.66606664484248
1370534,77.03313137284691
1373810,49.13898965994467
1471246,49.13898965994467
1181627,33.151174695801714
1324824,33.151174695801714
1230085,43.97285881075489
1338642,213.62577458661838
1490842,213.62577458661838
1235778,213.62577458661838
1265348,373.37273953705807
1140817,373.37273953705807
1151804,373.37273953705807
1294014,48.767932021816485
1100330,69.80112009217684
1483740,69.80112009217684
1498209,256.0759837508135
1188956,256.0759837508135
1299376,267.02492723476183
1410308,161.5938818171938
1166161,161.42500067071174
1116043,161.42500067071174
1424215,544.9287496724291
1495417,212.9814107271406
1404092,544.9287496724291
1039123,72.91811059349153
1111277,72.91811059349153
1139068,72.91811059349153
1086312,83.72342200515234
1259287,83.72342200515234
1463066,33.064874309659736
1065535,33.151174695801714
1156579,309.1097438937725
1379605,1041.9174258812368
1486944,1041.9174258812368
1173657,25.013209964024856
1180510,25.013209964024856
1044288,182.86622978738308
1004602,206.88397831927205
1298548,182.86622978738308
1227429,45.66606664484248
1017637,45.66606664484248
1374626,77.03313137284691
1176686,49.13898965994467
1259881,49.13898965994467
1374717,33.151174695801714
1286552,43.97285881075489
1143236,33.064874309659736
1169118,309.1097438937725
1035523,309.25859528339623
1153354,270.2189384224288
1353572,267.02492723476183
1401750,267.02492723476183
1379838,267.68164500409625
1364501,48.767932021816485
1272770,69.80112009217684
1136753,69.80112009217684
1445380,256.0759837508135
1074980,256.0759837508135
1018768,267.02492723476183
1425189,72.91811059349153
1410687,72.91811059349153
1311666,72.91811059349153
1196160,544.9287496724291
1180246,212.9814107271406
1445424,544.9287496724291
1140293,72.91811059349153
1459707,72.91811059349153
1340917,83.72342200515234
1129751,83.72342200515234
1040828,83.72342200515234
1269429,48.767932021816485
1296440,33.064874309659736
1156987,33.151174695801714
1084536,212.9814107271406
1011499,1041.9174258812368
1331936,1041.9174258812368
1478284,25.013209964024856
1193669,25.013209964024856
1314601,256.0759837508135
1180813,256.0759837508135
1325430,256.0759837508135
1025820,54.552970886915695
1417343,54.552970886915695
1480159,54.552970886915695
1184839,89.70462824137277
1030600,89.70462824137277
1497263,89.70462824137277
1315618,45.66606664484248
1300190,267.02492723476183
1485473,49.13898965994467
1466699,49.13898965994467
1060841,33.064874309659736
1153088,33.151174695801714
1156794,33.151174695801714
1354571,309.1097438937725
1306540,309.1097438937725
1126286,270.2189384224288
1272724,267.02492723476183
1250749,267.02492723476183
1491136,267.02492723476183
1223675,48.767932021816485
1461596,69.80112009217684
1323173,69.80112009217684
1170114,256.0759837508135
1486353,256.0759837508135
1082713,267.02492723476183
1368359,72.91811059349153
1071832,72.91811059349153
1315271,72.91811059349153
1350903,213.62577458661838
1282712,212.9814107271406
1035677,213.62577458661838
1214037,72.91811059349153
1363943,72.91811059349153
1283246,83.72342200515234
1064678,83.72342200515234
1494499,48.767932021816485
1176996,33.064874309659736
1354566,33.151174695801714
1264805,212.9814107271406
1149490,1041.9174258812368
1052724,1041.9174258812368
1190650,25.013209964024856
1128180,25.013209964024856
1056054,256.0759837508135
1464990,256.0759837508135
1209341,77.03313137284691
1443512,54.552970886915695
1386679,54.552970886915695
1455226,54.552970886915695
1036582,89.70462824137277
1104071,89.70462824137277
1296384,89.70462824137277
1010965,45.66606664484248
1076152,45.66606664484248
1022987,267.02492723476183
1438853,49.13898965994467
1266241,49.13898965994467
1327869,33.064874309659736
1245685,33.151174695801714
1067176,33.151174695801714
1078061,213.62577458661838
1184457,213.62577458661838
1432490,213.62577458661838
1211091,200.51210892999336
1011810,200.51210892999336
1223589,200.57428211272605
1382200,48.767932021816485
1281621,69.80112009217684
1200055,69.80112009217684
1135854,198.2954371556617
1152426,198.2954371556617
1457016,76.45564088850853
1169619,72.91811059349153
1009972,72.91811059349153
1044613,72.91811059349153
1486088,544.9287496724291
1160493,317.55939570701025
1266884,544.9287496724291
1490414,72.91811059349153
1435013,83.72342200515234
1182337,83.72342200515234
1367579,48.767932021816485
1368544,33.064874309659736
1143009,317.55939570701025
1241406,1041.9174258812368
1170745,1041.9174258812368
1103739,25.013209964024856
1210148,25.013209964024856
1270934,33.064874309659736
1162454,43.8592119123437
1254800,201.75338161485206
1127680,54.552970886915695
1036573,54.552970886915695
1041890,54.552970886915695
1286252,123.84940510274217
1053706,123.84940510274217
1042536,123.84940510274217
1148882,45.66606664484248
1002965,45.66606664484248
1201957,198.47402156969744
1253859,49.13898965994467
1022589,49.13898965994467
1303470,33.064874309659736
1046575,43.97285881075489
1488705,33.151174695801714
1035904,309.17571821240165
1442346,309.17571821240165
1153982,270.2766389139939
1036998,292.85397451262736
1278095,292.85397451262736
1411809,292.85397451262736
1020805,48.767932021816485
1328836,69.80112009217684
1181173,231.29645933322587
1025274,231.3681305111564
1470656,233.74349948823001
1164774,72.91811059349153
1380580,72.91811059349153
1326021,72.91811059349153
1413176,544.9287496724291
1301867,317.55939570701025
1386255,544.9287496724291
1234828,72.91811059349153
1159403,72.91811059349153
1468811,72.91811059349153
1053458,178.513063500759
1171409,178.513063500759
1464535,178.513063500759
1069545,33.064874309659736
1454545,33.064874309659736
1306570,33.151174695801714
1049976,309.17571821240165
1153957,1041.9174258812368
1303057,1041.9174258812368
1348621,25.013209964024856
1055667,25.013209964024856
1058365,25.013209964024856
1243932,307.7369094479718
1239395,269.0524879976676
1161696,307.7369094479718
1474139,45.66606664484248
1345464,45.66606664484248
1278245,77.03313137284691
1400537,49.13898965994467
1129714,49.13898965994467
1015578,33.064874309659736
1068792,33.151174695801714
1293285,33.151174695801714
1060968,309.3246012694244
1239108,309.3246012694244
1470601,270.2766389139939
1149110,679.6280553316877
1129712,679.6280553316877
1112770,679.6280553316877
1292616,131.92337591025642
1121022,69.80112009217684
1456174,69.80112009217684
1335302,380.42385538854455
1214165,380.42385538854455
1293785,131.92337591025642
1122416,72.91811059349153
1076876,72.91811059349153
1299844,72.91811059349153
1042610,545.377690469417
1362527,317.55939570701025
1389759,545.377690469417
1320070,72.91811059349153
1218228,72.91811059349153
1226340,72.91811059349153
1072910,178.513063500759
1148925,178.513063500759
1037381,178.513063500759
1410707,131.92337591025642
1218504,56.84953417431313
1311896,56.84953417431313
1112551,317.55939570701025
1420579,1041.9174258812368
1286918,1041.9174258812368
1449835,25.013209964024856
1400554,25.013209964024856
1081878,131.92337591025642
1390925,380.42385538854455
1329042,380.42385538854455
1416439,54.552970886915695
1421839,54.552970886915695
1007921,54.552970886915695
1004209,123.84940510274217
1328949,123.84940510274217
1170392,123.84940510274217
1004884,45.66606664484248
1173989,45.66606664484248
1230794,45.66606664484248
1226492,679.6280553316877
1390275,131.92337591025642
1153201,131.92337591025642
1387153,56.84953417431313
1213176,56.84953417431313
1194770,56.84953417431313
1371064,402.99267957661584
1058889,402.99267957661584
1491239,402.99267957661584
1390565,679.6280553316877
1067430,679.6280553316877
1415266,679.6280553316877
1133144,131.92337591025642
1498026,69.80112009217684
1449527,69.80112009217684
1225608,380.42385538854455
1117216,380.42385538854455
1376447,679.6280553316877
1365100,161.5938818171938
1472642,161.5938818171938
1084459,72.91811059349153
1257730,545.377690469417
1081562,317.55939570701025
1365891,545.377690469417
1090421,178.513063500759
1400908,178.513063500759
1322295,178.513063500759
1217120,131.92337591025642
1151282,56.84953417431313
1236742,56.84953417431313
1012208,402.99267957661584
1341806,1041.9174258812368
1030268,1041.9174258812368
1020768,25.013209964024856
1349171,25.013209964024856
1197199,123.84940510274217
1499865,123.84940510274217
1182041,123.84940510274217
1155018,45.66606664484248
1371818,45.66606664484248
1489037,131.92337591025642
1498376,131.92337591025642
1083050,131.92337591025642
1472579,56.84953417431313
1061995,56.84953417431313
1191159,402.99267957661584
1498310,402.99267957661584
1036698,402.99267957661584
1475006,198.8408231880495
1384202,198.9024807235865
1490265,69.80112009217684
1136291,69.80112009217684
1143903,196.88067309416985
1305039,196.88067309416985
1007680,76.45564088850853
1455214,72.91811059349153
1107803,72.91811059349153
1497051,72.91811059349153
1137292,1041.9174258812368
1119382,212.9814107271406
1481138,213.62577458661838
1110622,72.91811059349153
1156847,83.72342200515234
1294222,43.8592119123437
1465355,33.064874309659736
1424034,212.9814107271406
1432135,213.62577458661838
1401817,212.9814107271406
1177475,25.013209964024856
1392970,196.88067309416985
1387450,196.81963916107793
1092832,196.88067309416985
1187774,89.70462824137277
1230384,89.70462824137277
1413073,89.70462824137277
1057181,196.81963916107793
1384325,49.13898965994467
1197779,33.064874309659736
1246576,33.151174695801714
1281547,33.151174695801714
1273445,213.62577458661838
1298458,213.62577458661838
1159193,213.62577458661838
1301491,232.56973637727674
1288037,232.56973637727674
1394194,232.6418004034919
1342405,48.767932021816485
1485086,227.93844508974954
1165678,227.93844508974954
1275241,76.45564088850853
1039169,72.91811059349153
1232376,72.91811059349153
1310613,72.91811059349153
1356333,1041.9174258812368
1488737,212.9814107271406
1369399,544.9287496724291
1172680,72.91811059349153
1446589,72.91811059349153
1406320,83.72342200515234
1213094,83.72342200515234
1021503,83.72342200515234
1188526,48.767932021816485
1413577,33.064874309659736
1466508,33.151174695801714
1427970,212.9814107271406
1081163,270.39388162851657
1201316,212.9814107271406
1114584,25.013209964024856
1307947,25.013209964024856
1315048,77.03313137284691
1404475,77.03313137284691
1093917,227.93844508974954
1134271,54.552970886915695
1054344,54.552970886915695
1140184,54.552970886915695
1336056,89.70462824137277
1404546,89.70462824137277
1102060,89.70462824137277
1000438,45.66606664484248
1498881,45.66606664484248
1488663,45.66606664484248
1317341,230.20741914489903
1347698,49.13898965994467
1193177,49.13898965994467
1257741,33.151174695801714
1207399,33.151174695801714
1029660,309.17571821240165
1477569,309.17571821240165
1257386,270.2766389139939
1249982,267.02492723476183
1082477,267.02492723476183
1458850,267.02492723476183
1369044,48.767932021816485
1088993,69.80112009217684
1102729,69.80112009217684
1165398,256.0759837508135
1142113,256.0759837508135
1433454,76.45564088850853
1245395,72.91811059349153
1389486,72.91811059349153
1334127,72.91811059349153
1403491,1041.9174258812368
1254313,212.9814107271406
1393545,544.9287496724291
1403443,72.91811059349153
1461030,72.91811059349153
1400194,83.72342200515234
1366087,83.72342200515234
1113434,83.72342200515234
1083699,33.064874309659736
1052075,33.064874309659736
1164383,33.151174695801714
1413603,212.9814107271406
1449493,270.39388162851657
1374174,270.39388162851657
1453386,25.013209964024856
1060343,25.013209964024856
1484093,256.0759837508135
1465019,256.0759837508135
1179976,256.0759837508135
1080615,54.552970886915695
1023956,54.552970886915695
1238698,54.552970886915695
1442361,89.70462824137277
1439670,89.70462824137277
1118797,89.70462824137277
1162264,45.66606664484248
1490069,45.66606664484248
1289654,45.66606664484248
1295480,267.02492723476183
1032470,49.13898965994467
1044002,49.13898965994467
1291242,33.064874309659736
1169772,33.151174695801714
1010857,33.151174695801714
1250542,309.17571821240165
1484291,309.17571821240165
1480595,270.2766389139939
1296937,679.6280553316877
1011404,679.6280553316877
1267180,679.6280553316877
1191319,69.80112009217684
1278620,69.80112009217684
1054665,380.42385538854455
1171791,380.42385538854455
1464177,131.92337591025642
1088431,161.42500067071174
1216870,161.42500067071174
1081002,161.42500067071174
1330482,1041.9174258812368
1168663,317.55939570701025
1492648,545.377690469417
1315398,72.91811059349153
1027496,72.91811059349153
1117973,72.91811059349153
1171872,178.513063500759
1227132,178.513063500759
1398968,178.513063500759
1042446,56.84953417431313
1022113,56.84953417431313
1432466,56.84953417431313
1394665,402.99267957661584
1237631,402.99267957661584
1031723,402.99267957661584
1348589,25.013209964024856
1288087,25.013209964024856
1341137,25.013209964024856
1034628,123.84940510274217
1181980,123.84940510274217
1125602,123.84940510274217
1452460,45.66606664484248
1347859,45.66606664484248
1289761,45.66606664484248
1455705,131.92337591025642
1231667,131.92337591025642
1242573,131.92337591025642
1464998,56.84953417431313
1079864,56.84953417431313
1148817,56.84953417431313
1069941,402.99267957661584
1296692,402.99267957661584
1292861,402.99267957661584
1121593,373.37273953705807
1311369,373.37273953705807
1442172,373.37273953705807
1092076,48.767932021816485
1352136,69.80112009217684
1277208,69.80112009217684
1373759,358.0794382407501
1492660,256.0759837508135
1111265,267.02492723476183
1221223,161.42500067071174
1131618,161.42500067071174
1083225,161.42500067071174
1017266,1041.9174258812368
1327104,212.9814107271406
1399551,544.9287496724291
1094414,72.91811059349153
1021401,72.91811059349153
1347126,72.91811059349153
1023000,83.72342200515234
1377965,83.72342200515234
1350042,83.72342200515234
1101141,33.064874309659736
1432116,33.064874309659736
1318780,33.151174695801714
1437216,309.1097438937725
1101970,270.4663964279498
1410131,270.3361561994475
1441218,25.013209964024856
1345002,206.88397831927205
1003012,89.70462824137277
1166846,182.86622978738308
1211619,45.66606664484248
1442543,45.66606664484248
1385952,77.03313137284691
1343542,49.13898965994467
1419636,49.13898965994467
1069031,43.8592119123437
1410134,43.97285881075489
1405706,33.151174695801714
1058951,309.25859528339623
1055230,309.25859528339623
1091243,270.2189384224288
1128850,679.6280553316877
1083460,679.6280553316877
1432832,679.6280553316877
1207105,131.92337591025642
1243318,69.80112009217684
1069047,69.80112009217684
1287202,380.42385538854455
1115805,380.42385538854455
1129081,131.92337591025642
1064030,72.91811059349153
1005813,72.91811059349153
1490308,72.91811059349153
1123285,1041.9174258812368
1355118,317.55939570701025
1023846,545.377690469417
1050805,72.91811059349153
1181728,72.91811059349153
1089820,72.91811059349153
1028575,178.513063500759
1197855,178.513063500759
1065339,178.513063500759
1151883,131.92337591025642
1296652,56.84953417431313
1287520,56.84953417431313
1418889,317.55939570701025
1180962,402.99267957661584
1238848,317.55939570701025
1290426,25.013209964024856
1346817,25.013209964024856
1017304,25.013209964024856
1252533,380.42385538854455
1305931,380.42385538854455
1118227,380.42385538854455
1219611,54.552970886915695
1153638,54.552970886915695
1175536,54.552970886915695
1211565,123.84940510274217
1438304,123.84940510274217
1361280,123.84940510274217
1143967,45.66606664484248
1205095,45.66606664484248
1285971,45.66606664484248
1116992,131.92337591025642
1458672,131.92337591025642
1263640,131.92337591025642
1400947,56.84953417431313
1079989,56.84953417431313
1242560,56.84953417431313
1022578,402.99267957661584
1316583,402.99267957661584
1255226,402.99267957661584
1157382,373.37273953705807
1224651,267.02492723476183
1465329,267.02492723476183
1155477,48.767932021816485
1425214,69.80112009217684
1017688,69.80112009217684
1355123,256.0759837508135
1092801,256.0759837508135
1075732,76.45564088850853
1395004,72.91811059349153
1341114,72.91811059349153
1493423,72.91811059349153
1026311,1041.9174258812368
1208371,212.9814107271406
1275872,544.9287496724291
1087742,83.72342200515234
1019163,83.72342200515234
1432227,83.72342200515234
1318880,48.767932021816485
1072806,33.064874309659736
1212692,33.151174695801714
1186034,212.9814107271406
1129955,270.39388162851657
1296742,212.9814107271406
1347479,25.013209964024856
1095511,25.013209964024856
1025011,25.013209964024856
1434986,77.03313137284691
1058578,256.0759837508135
1077386,256.0759837508135
1444618,54.552970886915695
1188114,54.552970886915695
1280734,89.70462824137277
1301264,89.70462824137277
1347366,89.70462824137277
1063451,45.66606664484248
1199519,45.66606664484248
1345899,45.66606664484248
1311108,267.02492723476183
1207170,49.13898965994467
1011084,49.13898965994467
1455758,43.8592119123437
1474158,33.151174695801714
1449132,33.151174695801714
1250243,309.17571821240165
1187828,309.3246012694244
1419894,270.2766389139939
1066229,679.6280553316877
1059223,679.6280553316877
1251110,679.6280553316877
1303607,131.92337591025642
1243023,69.80112009217684
1370522,69.80112009217684
1090686,380.42385538854455
1092779,380.42385538854455
1040294,679.6280553316877
1473297,72.91811059349153
1180711,72.91811059349153
1164408,72.91811059349153
1116327,1041.9174258812368
1248608,317.55939570701025
1384273,545.377690469417
1130338,72.91811059349153
1252790,72.91811059349153
1454949,72.91811059349153
1195881,178.513063500759
1244857,178.513063500759
1134036,178.513063500759
1421711,131.92337591025642
1325543,56.84953417431313
1095715,56.84953417431313
1446388,317.55939570701025
1319088,402.99267957661584
1446649,402.99267957661584
1255825,25.013209964024856
1406646,25.013209964024856
1464385,25.013209964024856
1140455,380.42385538854455
1377695,380.42385538854455
1162780,380.42385538854455
1408273,54.552970886915695
1300038,54.552970886915695
1207337,54.552970886915695
1077235,123.84940510274217
1408756,123.84940510274217
1491799,123.84940510274217
1390594,45.66606664484248
1007038,45.66606664484248
1453448,45.66606664484248
1205643,679.6280553316877
1188139,131.92337591025642
1058780,131.92337591025642
1498345,56.84953417431313
1309473,56.84953417431313
1076176,56.84953417431313
1220100,402.99267957661584
1314150,402.99267957661584
1191669,402.99267957661584
1205862,373.37273953705807
1305192,373.37273953705807
1145983,373.37273953705807
1133342,48.767932021816485
1412024,69.80112009217684
1234430,69.80112009217684
1053634,256.0759837508135
1014376,256.0759837508135
1452041,267.02492723476183
1305031,161.42500067071174
1447194,72.91811059349153
1087268,161.5938818171938
1461768,1041.9174258812368
1024168,212.9814107271406
1334533,544.9287496724291
1296737,72.91811059349153
1407133,72.91811059349153
1062484,83.72342200515234
1022671,83.72342200515234
1211721,48.767932021816485
1026257,33.064874309659736
1221066,309.1097438937725
1202794,270.4663964279498
1416723,270.3361561994475
1401330,25.013209964024856
1489408,206.88397831927205
1452181,206.88397831927205
1421929,182.86622978738308
1084847,45.66606664484248
1320336,45.66606664484248
1286910,45.66606664484248
1464443,77.03313137284691
1334218,49.13898965994467
1211291,49.13898965994467
1294628,43.8592119123437
1180905,33.151174695801714
1160861,43.97285881075489
1408670,309.25859528339623
1069139,309.25859528339623
1082763,270.2189384224288
1464784,373.37273953705807
1351878,373.37273953705807
1310686,373.37273953705807
1210002,69.80112009217684
1152761,69.80112009217684
1111646,256.0759837508135
1015441,256.0759837508135
1270649,267.02492723476183
1049040,161.5938818171938
1337564,161.42500067071174
1176480,161.5938818171938
1354961,1041.9174258812368
1140272,212.9814107271406
1204224,213.62577458661838
1044578,72.91811059349153
1493529,72.91811059349153
1128363,83.72342200515234
1105354,83.72342200515234
1142156,33.064874309659736
1295169,33.151174695801714
1305277,213.62577458661838
1390829,213.62577458661838
1124512,213.62577458661838
1054161,25.013209964024856
1486767,206.88397831927205
1409057,89.70462824137277
1214830,89.70462824137277
1088743,45.66606664484248
1443416,45.66606664484248
1179858,45.66606664484248
1202928,77.03313137284691
1178834,49.13898965994467
1232019,49.13898965994467
1414904,33.064874309659736
1007438,33.151174695801714
1222138,33.151174695801714
1349810,213.62577458661838
1370541,213.62577458661838
1417446,213.62577458661838
1425834,679.6280553316877
1021911,679.6280553316877
1100790,679.6280553316877
1154027,131.92337591025642
1145320,69.80112009217684
1108768,380.42385538854455
1197778,380.42385538854455
1327740,679.6280553316877
1441050,161.42500067071174
1021862,161.5938818171938
1394751,161.42500067071174
1327428,1041.9174258812368
1137638,317.55939570701025
1007532,545.377690469417
1047794,72.91811059349153
1010401,72.91811059349153
1255792,72.91811059349153
1098488,178.513063500759
1158689,178.513063500759
1355724,178.513063500759
1017698,56.84953417431313
1037024,56.84953417431313
1313984,56.84953417431313
1107034,402.99267957661584
1329704,402.99267957661584
1069435,402.99267957661584
1066432,25.013209964024856
1266557,25.013209964024856
1168203,269.0524879976676
1137040,269.0524879976676
1173632,123.84940510274217
1312163,45.66606664484248
1228377,45.66606664484248
1281640,45.66606664484248
1420267,131.92337591025642
1044984,131.92337591025642
1389581,131.92337591025642
1427116,56.84953417431313
1070522,56.84953417431313
1066826,56.84953417431313
1335399,402.99267957661584
1052262,402.99267957661584
1058953,402.99267957661584
1300150,195.89123127808176
1474476,195.89123127808176
1068378,195.89123127808176
1078602,69.80112009217684
1048840,69.80112009217684
1111109,195.89123127808176
1376356,193.96001242441147
1152106,76.45564088850853
1055398,72.91811059349153
1474008,161.42500067071174
1495048,72.91811059349153
1183152,1041.9174258812368
1177025,212.9814107271406
1495955,213.62577458661838
1430035,83.72342200515234
1130885,83.72342200515234
1123031,33.064874309659736
1317079,213.62577458661838
1124690,213.62577458661838
1181485,213.62577458661838
1423816,89.70462824137277
1353087,89.70462824137277
1014478,89.70462824137277
1057620,45.66606664484248
1008257,49.13898965994467
1333761,33.151174695801714
1003271,33.151174695801714
1252700,33.151174695801714
1191895,213.62577458661838
1041442,213.62577458661838
1186584,213.62577458661838
1465438,367.66451142142944
1383578,367.66451142142944
1190534,367.66451142142944
1439659,48.767932021816485
1078212,69.80112009217684
1278947,69.80112009217684
1167627,303.19865009999285
1026880,281.53230974854444
1405756,76.45564088850853
1131842,161.42500067071174
1246946,72.91811059349153
1293553,72.91811059349153
1168641,1041.9174258812368
1205504,212.9814107271406
1113528,213.62577458661838
1050543,83.72342200515234
1030912,83.72342200515234
1143714,33.064874309659736
1300935,43.97285881075489
1081036,213.62577458661838
1208459,213.62577458661838
1373869,213.62577458661838
1453860,25.013209964024856
1423957,89.70462824137277
1158140,89.70462824137277
1326657,89.70462824137277
1190765,45.66606664484248
1391378,77.03313137284691
1207357,49.13898965994467
1148002,43.97285881075489
1401836,33.151174695801714
1202765,33.151174695801714
1244907,213.62577458661838
1445987,213.62577458661838
1323180,213.62577458661838
1160970,679.6280553316877
1216036,679.6280553316877
1184723,679.6280553316877
1439245,131.92337591025642
1291779,69.80112009217684
1217287,69.80112009217684
1053057,380.42385538854455
1306863,380.42385538854455
1250601,131.92337591025642
1295532,72.91811059349153
1128300,72.91811059349153
1050487,72.91811059349153
1214188,1041.9174258812368
1087693,317.55939570701025
1150054,545.377690469417
1218017,72.91811059349153
1235705,72.91811059349153
1041777,178.513063500759
1246532,178.513063500759
1366360,178.513063500759
1439838,56.84953417431313
1357905,56.84953417431313
1274256,56.84953417431313
1181159,317.55939570701025
1451702,402.99267957661584
1327497,402.99267957661584
1475694,25.013209964024856
1487694,380.42385538854455
1100972,380.42385538854455
1387906,380.42385538854455
1282871,54.552970886915695
1448426,54.552970886915695
1444966,54.552970886915695
1061560,123.84940510274217
1369299,123.84940510274217
1000595,123.84940510274217
1151124,45.66606664484248
1476914,45.66606664484248
1322287,679.6280553316877
1091082,131.92337591025642
1459424,131.92337591025642
1026523,56.84953417431313
1432230,56.84953417431313
1387685,56.84953417431313
1014083,317.55939570701025
1425330,317.55939570701025
1393199,402.99267957661584
1323969,198.93980261403385
1064394,198.93980261403385
1024275,198.93980261403385
1284858,48.767932021816485
1421003,69.80112009217684
1149871,69.80112009217684
1009777,195.35389498349699
1405071,195.35389498349699
1421744,76.45564088850853
1054235,72.91811059349153
1244369,72.91811059349153
1152361,72.91811059349153
1314817,1041.9174258812368
1429669,317.55939570701025
1401368,544.9287496724291
1043714,72.91811059349153
1247275,72.91811059349153
1091285,83.72342200515234
1400124,33.064874309659736
1173609,33.151174695801714
1345228,317.55939570701025
1361907,270.4663964279498
1133091,270.3361561994475
1044810,25.013209964024856
1038293,25.013209964024856
1221090,49.13898965994467
1371163,77.03313137284691
1399552,195.35389498349699
1455533,54.552970886915695
1155624,54.552970886915695
1323328,54.552970886915695
1447191,123.84940510274217
1319741,123.84940510274217
1494451,123.84940510274217
1401467,45.66606664484248
1087090,195.52984354398447
1492694,49.13898965994467
1314434,49.13898965994467
1396061,40.139604277765535
1286769,33.151174695801714
1308591,33.151174695801714
1420711,309.1097438937725
1056161,309.1097438937725
1263433,270.2189384224288
1321298,288.51677607585594
1414498,288.606101623183
1380619,288.51677607585594
1398482,48.767932021816485
1098955,69.80112009217684
1115387,69.80112009217684
1282341,285.6755780906179
1466509,227.93844508974954
1104312,230.2787543177377
1083401,161.42500067071174
1361200,72.91811059349153
1332402,161.42500067071174
1400131,1041.9174258812368
1457605,317.55939570701025
1156399,544.9287496724291
1187229,72.91811059349153
1168000,72.91811059349153
1136500,72.91811059349153
1477445,83.72342200515234
1185418,83.72342200515234
1379297,83.72342200515234
1290975,48.767932021816485
1195673,33.064874309659736
1107763,309.1097438937725
1220364,270.4663964279498
1133018,270.3361561994475
1281020,25.013209964024856
1168545,25.013209964024856
1295957,25.013209964024856
1285908,269.0524879976676
1147387,269.0524879976676
1230963,307.7369094479718
1026121,45.66606664484248
1032396,45.66606664484248
1296867,77.03313137284691
1005761,49.13898965994467
1412208,49.13898965994467
1141792,33.064874309659736
1433602,33.151174695801714
1467609,33.151174695801714
1358854,309.25859528339623
1166976,309.25859528339623
1291777,270.2189384224288
1488196,679.6280553316877
1419175,679.6280553316877
1219837,679.6280553316877
1493855,131.92337591025642
1356351,69.80112009217684
1072256,69.80112009217684
1113377,380.42385538854455
1279459,380.42385538854455
1326030,679.6280553316877
1125353,161.42500067071174
1255680,161.5938818171938
1031241,161.42500067071174
1117672,1041.9174258812368
1167346,317.55939570701025
1184273,545.377690469417
1478743,72.91811059349153
1459196,72.91811059349153
1026126,178.513063500759
1040908,178.513063500759
1295373,178.513063500759
1480951,56.84953417431313
1131655,56.84953417431313
1465922,402.99267957661584
1290443,402.99267957661584
1095333,402.99267957661584
1118030,25.013209964024856
1380861,25.013209964024856
1442168,25.013209964024856
1444462,123.84940510274217
1130227,123.84940510274217
1453846,123.84940510274217
1168700,45.66606664484248
1220623,45.66606664484248
1345025,45.66606664484248
1383474,131.92337591025642
1306478,131.92337591025642
1130724,131.92337591025642
1283100,56.84953417431313
1249514,56.84953417431313
1219073,56.84953417431313
1273704,402.99267957661584
1213853,402.99267957661584
1167223,402.99267957661584
1158077,367.66451142142944
1489922,367.66451142142944
1212175,367.66451142142944
1107262,48.767932021816485
1365276,69.80112009217684
1460597,69.80112009217684
1498182,254.25104551803662
1354618,254.25104551803662
1229452,264.80200255916003
1251204,72.91811059349153
1176143,161.5938818171938
1268568,72.91811059349153
1050733,1041.9174258812368
1461187,212.9814107271406
1206012,213.62577458661838
1090305,72.91811059349153
1195531,72.91811059349153
1021422,72.91811059349153
1252744,83.72342200515234
1265564,83.72342200515234
1435109,48.767932021816485
1349638,213.62577458661838
1164536,1041.9174258812368
1084794,1041.9174258812368
1208439,25.013209964024856
1215737,89.70462824137277
1414635,182.86622978738308
1103525,206.88397831927205
1416819,77.03313137284691
1182334,49.13898965994467
1222002,49.13898965994467
1245847,33.151174695801714
1463746,213.62577458661838
1004465,213.62577458661838
1409362,213.62577458661838
1310657,679.6280553316877
1309199,679.6280553316877
1071904,679.6280553316877
1154781,131.92337591025642
1064336,69.80112009217684
1357303,69.80112009217684
1445032,380.42385538854455
1056508,380.42385538854455
1280610,131.92337591025642
1284838,72.91811059349153
1421533,72.91811059349153
1400390,72.91811059349153
1439487,1041.9174258812368
1099252,317.55939570701025
1257761,545.377690469417
1074625,72.91811059349153
1103358,72.91811059349153
1174609,178.513063500759
1320666,178.513063500759
1220511,178.513063500759
1232070,56.84953417431313
1197398,56.84953417431313
1131282,317.55939570701025
1134038,272.88324961034596
1449610,317.55939570701025
1042151,25.013209964024856
1006248,25.013209964024856
1348094,25.013209964024856
1284641,380.42385538854455
1262708,380.42385538854455
1083339,131.92337591025642
1469785,54.552970886915695
1207003,54.552970886915695
1152899,54.552970886915695
1166466,123.84940510274217
1128675,123.84940510274217
1383207,123.84940510274217
1047461,45.66606664484248
1303327,45.66606664484248
1278374,45.66606664484248
1270384,679.6280553316877
1433284,131.92337591025642
1000502,131.92337591025642
1294566,56.84953417431313
1170942,56.84953417431313
1253449,56.84953417431313
1225717,311.8311780426093
1121215,311.8311780426093
1471887,272.88324961034596
1043619,679.6280553316877
1006586,679.6280553316877
1183897,679.6280553316877
1331346,131.92337591025642
1410886,69.80112009217684
1474533,69.80112009217684
1208791,380.42385538854455
1121941,380.42385538854455
1271501,679.6280553316877
1344130,72.91811059349153
1206962,72.91811059349153
1117487,72.91811059349153
1179829,1041.9174258812368
1048678,317.55939570701025
1475773,545.377690469417
1138392,72.91811059349153
1439633,72.91811059349153
1269606,178.513063500759
1081813,178.513063500759
1288550,178.513063500759
1256887,56.84953417431313
1145216,317.55939570701025
1377670,402.99267957661584
1356382,317.55939570701025
1476145,25.013209964024856
1113612,131.92337591025642
1440011,380.42385538854455
1361881,131.92337591025642
1132152,54.552970886915695
1184657,54.552970886915695
1353652,54.552970886915695
1068858,123.84940510274217
1165313,123.84940510274217
1410555,123.84940510274217
1487849,45.66606664484248
1085916,45.66606664484248
1452772,679.6280553316877
1408664,131.92337591025642
1213424,131.92337591025642
1421454,56.84953417431313
1166273,56.84953417431313
1137664,56.84953417431313
1194100,402.99267957661584
1466931,402.99267957661584
1225125,402.99267957661584
1420069,373.37273953705807
1054872,373.37273953705807
1399178,373.37273953705807
1070911,48.767932021816485
1104820,69.80112009217684
1154573,69.80112009217684
1077590,256.0759837508135
1075589,256.0759837508135
1436174,267.02492723476183
1225651,161.5938818171938
1259921,161.42500067071174
1125663,161.5938818171938
1005260,1041.9174258812368
1310563,317.55939570701025
1405676,544.9287496724291
1149140,72.91811059349153
1322227,72.91811059349153
1239451,72.91811059349153
1349435,178.513063500759
1455649,178.513063500759
1496045,178.513063500759
1173932,33.064874309659736
1344627,33.064874309659736
1422420,33.151174695801714
1190022,309.17571821240165
1041967,270.52414956498524
1172045,270.39388162851657
1134348,25.013209964024856
1169748,25.013209964024856
1331663,123.84940510274217
1386797,123.84940510274217
1391597,123.84940510274217
1184350,45.66606664484248
1309690,45.66606664484248
1398806,45.66606664484248
1128860,77.03313137284691
1048271,49.13898965994467
1319295,49.13898965994467
1026610,33.064874309659736
1489804,33.151174695801714
1406565,33.151174695801714
1407123,309.3246012694244
1418984,309.3246012694244
1097923,270.2766389139939
1352888,201.99767683142636
1392602,201.99767683142636
1338727,201.93506461957222
1174242,48.767932021816485
1065542,69.80112009217684
1310572,201.75338161485206
1286932,198.2954371556617
1312122,198.5355659347451
1300353,161.42500067071174
1006233,161.5938818171938
1129977,161.42500067071174
1072003,1041.9174258812368
1025677,212.9814107271406
1048802,544.9287496724291
1236936,83.72342200515234
1276823,83.72342200515234
1042371,48.767932021816485
1403403,43.8592119123437
1336688,33.151174695801714
1066268,309.17571821240165
1057706,270.52414956498524
1441830,270.39388162851657
1005103,25.013209964024856
1365024,182.86622978738308
1385647,89.70462824137277
1292318,89.70462824137277
1046455,45.66606664484248
1473427,45.66606664484248
1369584,77.03313137284691
1074310,49.13898965994467
1171185,49.13898965994467
1362940,43.8592119123437
1381427,33.151174695801714
1091182,33.151174695801714
1348533,309.3246012694244
1155253,309.3246012694244
1286984,270.2766389139939
1401294,195.95197876648706
1419626,195.89123127808176
1253049,195.89123127808176
1319597,69.80112009217684
1173814,193.96001242441147
1476536,193.96001242441147
1365653,76.45564088850853
1313934,72.91811059349153
1435633,72.91811059349153
1419613,1041.9174258812368
1044024,212.9814107271406
1050944,213.62577458661838
1356525,83.72342200515234
1074440,83.72342200515234
1282502,33.151174695801714
1069927,212.9814107271406
1236029,213.62577458661838
1022402,212.9814107271406
1397322,33.064874309659736
1472174,77.03313137284691
1394998,89.70462824137277
1024597,89.70462824137277
1396320,89.70462824137277
1217729,193.96001242441147
1374721,49.13898965994467
1256517,33.151174695801714
1205603,213.62577458661838
1149550,213.62577458661838
1460527,213.62577458661838
1350447,267.02492723476183
1484097,267.02492723476183
1359200,267.02492723476183
1489067,48.767932021816485
1212254,69.80112009217684
1337255,69.80112009217684
1409269,256.0759837508135
1125848,256.0759837508135
1442394,267.02492723476183
1347887,72.91811059349153
1122080,72.91811059349153
1135795,72.91811059349153
1274195,1041.9174258812368
1029605,317.55939570701025
1334765,544.9287496724291
1248747,72.91811059349153
1238793,72.91811059349153
1161849,83.72342200515234
1447467,83.72342200515234
1327017,83.72342200515234
1133732,48.767932021816485
1112041,33.064874309659736
1220551,33.151174695801714
1185545,317.55939570701025
1031376,270.3361561994475
1320020,270.4663964279498
1462573,25.013209964024856
1128691,25.013209964024856
1092475,77.03313137284691
1014502,256.0759837508135
1304218,256.0759837508135
1043905,54.552970886915695
1341225,54.552970886915695
1089717,54.552970886915695
1186917,123.84940510274217
1459400,123.84940510274217
1061342,123.84940510274217
1176790,45.66606664484248
1198557,267.02492723476183
1254866,49.13898965994467
1380214,49.13898965994467
1091359,43.8592119123437
1249689,33.151174695801714
1435470,33.151174695801714
1113836,309.1097438937725
1336350,309.1097438937725
1132246,270.2189384224288
1044267,544.4929369299253
1302516,544.4929369299253
1112099,544.4929369299253
1354994,131.92337591025642
1287518,69.80112009217684
1437465,69.80112009217684
1105318,333.7600423838407
1237484,333.7600423838407
1058997,523.3238485362073
1118886,161.5938818171938
1011887,161.42500067071174
1220849,161.42500067071174
1261598,1041.9174258812368
1166459,317.55939570701025
1376856,544.9287496724291
1382910,72.91811059349153
1336352,72.91811059349153
1306433,72.91811059349153
1150869,178.513063500759
1468892,178.513063500759
1152662,178.513063500759
1104172,131.92337591025642
1411848,33.064874309659736
1308291,33.151174695801714
1124009,309.17571821240165
1476284,270.52414956498524
1009642,270.52414956498524
1404076,25.013209964024856
1395219,25.013209964024856
1334087,307.7369094479718
1029199,123.84940510274217
1410589,269.0524879976676
1411845,45.66606664484248
1483373,45.66606664484248
1287371,45.66606664484248
1387050,131.92337591025642
1428011,131.92337591025642
1089927,131.92337591025642
1060354,33.064874309659736
1176491,43.97285881075489
1270431,33.151174695801714
1053653,309.3246012694244
1491472,309.3246012694244
1134201,270.2766389139939
1083089,679.6280553316877
1095834,679.6280553316877
1323295,679.6280553316877
1272790,131.92337591025642
1099354,69.80112009217684
1011649,69.80112009217684
1010865,380.42385538854455
1332203,380.42385538854455
1001499,131.92337591025642
1157583,72.91811059349153
1353835,72.91811059349153
1421040,72.91811059349153
1062686,1041.9174258812368
1375467,317.55939570701025
1186540,545.377690469417
1372825,72.91811059349153
1127289,72.91811059349153
1169207,72.91811059349153
1104431,178.513063500759
1021686,178.513063500759
1330379,178.513063500759
1128383,56.84953417431313
1103602,56.84953417431313
1030401,56.84953417431313
1044219,317.55939570701025
1207032,272.88324961034596
1077843,272.88324961034596
1461113,25.013209964024856
1490055,25.013209964024856
1084848,380.42385538854455
1480157,380.42385538854455
1342655,380.42385538854455
1209802,54.552970886915695
1114943,54.552970886915695
1332072,54.552970886915695
1221686,123.84940510274217
1458913,123.84940510274217
1307388,123.84940510274217
1371009,45.66606664484248
1378911,45.66606664484248
1165966,679.6280553316877
1014416,131.92337591025642
1073713,131.92337591025642
1483936,56.84953417431313
1474882,56.84953417431313
1476491,56.84953417431313
1440633,311.8311780426093
1315422,311.8311780426093
1275935,272.88324961034596
1274185,195.89123127808176
1106716,195.89123127808176
1368660,195.89123127808176
1440286,48.767932021816485
1257856,69.80112009217684
1096629,69.80112009217684
1000796,195.95197876648706
1456243,193.96001242441147
1013299,193.89987933426218
1400409,161.5938818171938
1427360,161.42500067071174
1414766,161.42500067071174
1214363,1041.9174258812368
1232994,212.9814107271406
1392306,213.62577458661838
1335329,83.72342200515234
1374399,83.72342200515234
1102705,33.064874309659736
1456666,213.62577458661838
1462839,213.62577458661838
1150676,213.62577458661838
1417329,25.013209964024856
1378787,25.013209964024856
1001951,182.86622978738308
1316077,182.86622978738308
1404758,89.70462824137277
1008008,45.66606664484248
1005166,45.66606664484248
1167138,77.03313137284691
1090311,49.13898965994467
1105815,33.151174695801714
1069242,33.151174695801714
1323812,213.62577458661838
1103651,213.62577458661838
1340687,1041.9174258812368
1096643,264.80200255916003
1409653,264.80200255916003
1328697,264.80200255916003
1063035,48.767932021816485
1111706,69.80112009217684
1230150,69.80112009217684
1488638,254.25104551803662
1461412,254.25104551803662
1039985,76.45564088850853
1095594,72.91811059349153
1142142,72.91811059349153
1204895,72.91811059349153
1192277,1041.9174258812368
1362439,212.9814107271406
1270338,213.62577458661838
1029171,72.91811059349153
1051248,83.72342200515234
1402801,83.72342200515234
1014626,83.72342200515234
1344949,33.064874309659736
1127961,33.151174695801714
1218651,212.9814107271406
1304119,213.62577458661838
1112081,213.62577458661838
1112961,254.25104551803662
1007348,254.25104551803662
1243875,254.25104551803662
1016818,54.552970886915695
1301690,54.552970886915695
1454082,89.70462824137277
1323756,89.70462824137277
1295629,89.70462824137277
1168925,45.66606664484248
1069584,264.80200255916003
1097004,49.13898965994467
1223860,49.13898965994467
1147888,33.064874309659736
1053807,33.151174695801714
1190133,33.151174695801714
1356081,213.62577458661838
1166061,213.62577458661838
1326777,213.62577458661838
1214539,679.6280553316877
1388909,679.6280553316877
1117823,679.6280553316877
1001894,131.92337591025642
1343377,69.80112009217684
1045929,69.80112009217684
1182906,380.42385538854455
1278933,380.42385538854455
1178879,131.92337591025642
1154927,72.91811059349153
1346381,72.91811059349153
1343300,72.91811059349153
1382460,1041.9174258812368
1335307,317.55939570701025
1332316,545.377690469417
1222122,72.91811059349153
1215295,72.91811059349153
1318453,178.513063500759
1086521,178.513063500759
1086495,178.513063500759
1122586,56.84953417431313
1008385,56.84953417431313
1299613,56.84953417431313
1488071,317.55939570701025
1170204,272.88324961034596
1482384,317.55939570701025
1324608,25.013209964024856
1339397,25.013209964024856
1482128,131.92337591025642
1493763,380.42385538854455
1218417,380.42385538854455
1292299,54.552970886915695
1439152,54.552970886915695
1303043,54.552970886915695
1133574,123.84940510274217
1175421,123.84940510274217
1220000,123.84940510274217
1202382,45.66606664484248
1244264,45.66606664484248
1094898,45.66606664484248
1082555,679.6280553316877
1022093,131.92337591025642
1159917,131.92337591025642
1431194,56.84953417431313
1371703,56.84953417431313
1359459,56.84953417431313
1460374,311.8311780426093
1485499,311.8311780426093
1027031,272.88324961034596
1330108,195.95197876648706
1210569,195.95197876648706
1348866,195.89123127808176
1343116,48.767932021816485
1334815,193.96001242441147
1244519,195.89123127808176
1155946,193.89987933426218
1261895,161.42500067071174
1019797,72.91811059349153
1142848,161.5938818171938
1248091,1041.9174258812368
1487481,212.9814107271406
1098229,213.62577458661838
1185338,83.72342200515234
1190027,83.72342200515234
1493672,83.72342200515234
1498885,33.151174695801714
1449195,213.62577458661838
1071799,213.62577458661838
1090476,213.62577458661838
1185766,25.013209964024856
1383002,25.013209964024856
1038462,206.88397831927205
1425253,182.86622978738308
1302845,89.70462824137277
1005828,45.66606664484248
1054396,45.66606664484248
1103720,45.66606664484248
1318240,77.03313137284691
1324663,49.13898965994467
1284559,33.151174695801714
1160375,33.151174695801714
1235177,213.62577458661838
1353104,213.62577458661838
1013720,213.62577458661838
1259634,679.6280553316877
1119425,679.6280553316877
1148888,679.6280553316877
1413074,131.92337591025642
1029137,69.80112009217684
1221198,69.80112009217684
1198659,380.42385538854455
1044121,380.42385538854455
1257122,131.92337591025642
1340005,72.91811059349153
1093489,72.91811059349153
1446581,161.42500067071174
1208280,1041.9174258812368
1249450,317.55939570701025
1022006,545.377690469417
1278133,72.91811059349153
1448369,72.91811059349153
1298595,178.513063500759
1150813,178.513063500759
1193401,56.84953417431313
1091570,56.84953417431313
1252642,56.84953417431313
1496426,402.99267957661584
1306695,402.99267957661584
1497405,402.99267957661584
1274204,25.013209964024856
1264958,123.84940510274217
1181657,123.84940510274217
1291876,123.84940510274217
1045986,45.66606664484248
1275925,45.66606664484248
1038208,45.66606664484248
1079507,131.92337591025642
1065954,131.92337591025642
1251682,131.92337591025642
1456541,56.84953417431313
1114499,56.84953417431313
1120043,56.84953417431313
1326066,402.99267957661584
1263578,402.99267957661584
1260565,402.99267957661584
1172743,373.37273953705807
1269951,373.37273953705807
1353368,373.37273953705807
1373315,48.767932021816485
1305141,69.80112009217684
1390310,69.80112009217684
1304452,256.0759837508135
1146622,285.56163250010746
1033537,267.02492723476183
1129914,161.42500067071174
1158075,161.42500067071174
1391639,161.5938818171938
1125215,1041.9174258812368
1010920,212.9814107271406
1237466,213.62577458661838
1446591,83.72342200515234
1345355,83.72342200515234
1386811,83.72342200515234
1000162,33.064874309659736
1021057,33.151174695801714
1164623,213.62577458661838
1409674,213.62577458661838
1286878,213.62577458661838
1275118,25.013209964024856
1280847,25.013209964024856
1398572,89.70462824137277
1149460,89.70462824137277
1188052,89.70462824137277
1125203,77.03313137284691
1331389,49.13898965994467
1014021,49.13898965994467
1499384,33.151174695801714
1111061,33.151174695801714
1474722,33.151174695801714
1211269,213.62577458661838
1127001,213.62577458661838
1472655,213.62577458661838
1016250,679.6280553316877
1239193,679.6280553316877
1412599,679.6280553316877
1057003,131.92337591025642
1238261,69.80112009217684
1278646,69.80112009217684
1127418,380.42385538854455
1398001,380.42385538854455
1218477,131.92337591025642
1483622,72.91811059349153
1221061,72.91811059349153
1383719,72.91811059349153
1492798,1041.9174258812368
1387338,317.55939570701025
1457308,545.377690469417
1315474,72.91811059349153
1203809,178.513063500759
1274050,178.513063500759
1309989,178.513063500759
1414505,56.84953417431313
1193931,56.84953417431313
1317093,317.55939570701025
1435007,402.99267957661584
1150330,317.55939570701025
1465076,25.013209964024856
1169740,25.013209964024856
1450849,131.92337591025642
1076835,380.42385538854455
1271788,131.92337591025642
1338580,54.552970886915695
1303003,54.552970886915695
1096484,54.552970886915695
1381017,123.84940510274217
1370764,123.84940510274217
1097909,123.84940510274217
1433812,45.66606664484248
1018121,45.66606664484248
1331429,45.66606664484248
1254249,679.6280553316877
1122865,131.92337591025642
1473464,131.92337591025642
1462837,56.84953417431313
1397074,56.84953417431313
1435021,56.84953417431313
1419408,402.99267957661584
1342580,402.99267957661584
1269068,402.99267957661584
1355831,373.37273953705807
1229607,373.37273953705807
1024231,373.37273953705807
1422466,48.767932021816485
1019692,69.80112009217684
1147960,256.0759837508135
1141538,358.0794382407501
1192636,267.02492723476183
1132306,161.42500067071174
1012579,161.5938818171938
1487597,161.42500067071174
1215768,1041.9174258812368
1167114,317.55939570701025
1400723,544.9287496724291
1131155,72.91811059349153
1414406,72.91811059349153
1142151,72.91811059349153
1487225,178.513063500759
1283463,178.513063500759
1288211,33.064874309659736
1128357,33.064874309659736
1486357,33.151174695801714
1181613,309.17571821240165
1207158,270.52414956498524
1299660,270.39388162851657
1197131,25.013209964024856
1353028,123.84940510274217
1163155,123.84940510274217
1350709,269.0524879976676
1047803,45.66606664484248
1142607,45.66606664484248
1033302,77.03313137284691
1163208,49.13898965994467
1175785,49.13898965994467
1423338,33.064874309659736
1016568,33.151174695801714
1230330,33.151174695801714
1295838,309.3246012694244
1119772,309.3246012694244
1197288,270.2766389139939
1219813,373.37273953705807
1318602,373.37273953705807
1400997,373.37273953705807
1433070,48.767932021816485
1356467,69.80112009217684
1318405,256.0759837508135
1466874,284.8980821156078
1295357,267.02492723476183
1451900,161.5938818171938
1365341,161.5938818171938
1389595,161.42500067071174
1216659,1041.9174258812368
1268473,317.55939570701025
1447721,544.9287496724291
1157530,72.91811059349153
1089354,72.91811059349153
1326527,83.72342200515234
1286263,83.72342200515234
1029236,83.72342200515234
1231939,33.064874309659736
1404957,309.17571821240165
1402826,270.52414956498524
1287087,270.39388162851657
1017068,25.013209964024856
1239986,25.013209964024856
1307258,123.84940510274217
1322625,123.84940510274217
1416019,269.0524879976676
1046847,45.66606664484248
1032701,45.66606664484248
1225413,45.66606664484248
1132323,77.03313137284691
1323329,49.13898965994467
1209830,49.13898965994467
1350253,33.064874309659736
1143492,33.151174695801714
1141019,33.151174695801714
1268488,309.3246012694244
1233276,309.3246012694244
1472372,270.2766389139939
1063733,679.6280553316877
1446675,679.6280553316877
1057481,679.6280553316877
1028109,131.92337591025642
1329141,69.80112009217684
1312387,69.80112009217684
1352064,380.42385538854455
1268228,380.42385538854455
1140303,679.6280553316877
1319989,161.42500067071174
1394657,161.5938818171938
1393896,161.42500067071174
1267353,1041.9174258812368
1029101,317.55939570701025
1262550,545.377690469417
1251730,178.513063500759
1486591,178.513063500759
1222358,178.513063500759
1063345,131.92337591025642
1296889,56.84953417431313
1154617,311.8311780426093
1187479,272.88324961034596
1499223,272.88324961034596
1391288,25.013209964024856
1033467,25.013209964024856
1378120,123.84940510274217
1287261,123.84940510274217
1217809,123.84940510274217
1325393,45.66606664484248
1343891,45.66606664484248
1210472,131.92337591025642
1309837,131.92337591025642
1390277,131.92337591025642
1022178,56.84953417431313
1474573,56.84953417431313
1272062,56.84953417431313
1075073,311.8311780426093
1454012,311.8311780426093
1227062,272.88324961034596
1079468,373.37273953705807
1403541,373.37273953705807
1254725,373.37273953705807
1135823,69.80112009217684
1490445,69.80112009217684
1161508,358.0794382407501
1476081,256.0759837508135
1045776,76.45564088850853
1134987,161.42500067071174
1401506,72.91811059349153
1203109,161.42500067071174
1056516,1041.9174258812368
1487939,212.9814107271406
1485109,544.9287496724291
1164762,72.91811059349153
1065210,72.91811059349153
1470954,83.72342200515234
1444536,83.72342200515234
1444755,83.72342200515234
1456322,48.767932021816485
1402952,43.8592119123437
1242193,309.1097438937725
1026845,270.3361561994475
1253204,270.3361561994475
1487989,25.013209964024856
1134018,25.013209964024856
1345822,25.013209964024856
1014740,89.70462824137277
1046854,89.70462824137277
1210558,89.70462824137277
1457667,45.66606664484248
1343162,45.66606664484248
1223574,77.03313137284691
1179183,49.13898965994467
1421002,49.13898965994467
1409616,33.151174695801714
1491544,33.151174695801714
1062528,309.1097438937725
1210468,309.1097438937725
1466579,270.2189384224288
1059783,198.06250435876063
1460743,198.8408231880495
1460017,198.8408231880495
1467327,48.767932021816485
1091205,69.80112009217684
1056109,69.80112009217684
1215047,196.88067309416985
1213087,196.88067309416985
1023914,76.45564088850853
1049845,72.91811059349153
1021726,72.91811059349153
1223966,72.91811059349153
1413792,1041.9174258812368
1257509,212.9814107271406
1066223,213.62577458661838
1055416,83.72342200515234
1489756,83.72342200515234
1030594,83.72342200515234
1084257,33.064874309659736
1036557,33.151174695801714
1180163,212.9814107271406
1380749,213.62577458661838
1088323,25.013209964024856
1324777,196.81963916107793
1170030,196.88067309416985
1401627,54.552970886915695
1267384,54.552970886915695
1199397,54.552970886915695
1146124,89.70462824137277
1152672,89.70462824137277
1134544,89.70462824137277
1226475,45.66606664484248
1234331,196.81963916107793
1086225,49.13898965994467
1492680,49.13898965994467
1089189,33.064874309659736
1457759,43.97285881075489
1236743,33.151174695801714
1129872,213.62577458661838
1115861,213.62577458661838
1116704,213.62577458661838
1062279,267.02492723476183
1468754,267.02492723476183
1372525,267.02492723476183
1348154,48.767932021816485
1388227,69.80112009217684
1126089,69.80112009217684
1353592,256.0759837508135
1326067,256.0759837508135
1454911,76.45564088850853
1250867,72.91811059349153
1235646,72.91811059349153
1437300,72.91811059349153
1200882,1041.9174258812368
1073879,212.9814107271406
1485355,213.62577458661838
1035490,72.91811059349153
1251697,83.72342200515234
1057610,83.72342200515234
1277966,83.72342200515234
1457409,33.064874309659736
1487585,33.151174695801714
1030541,212.9814107271406
1160422,213.62577458661838
1187668,212.9814107271406
1323747,25.013209964024856
1439793,25.013209964024856
1243817,256.0759837508135
1424339,256.0759837508135
1215093,358.0794382407501
1319940,54.552970886915695
1118194,54.552970886915695
1478575,89.70462824137277
1085214,89.70462824137277
1443052,89.70462824137277
1207621,45.66606664484248
1171413,45.66606664484248
1471943,267.02492723476183
1390076,49.13898965994467
1461337,49.13898965994467
1351338,43.8592119123437
1052206,33.151174695801714
1218549,33.151174695801714
1023451,213.62577458661838
1468614,213.62577458661838
1026021,213.62577458661838
1490702,267.02492723476183
1471863,267.02492723476183
1323584,267.02492723476183
1025989,48.767932021816485
1254545,69.80112009217684
1113139,69.80112009217684
1406245,256.0759837508135
1101607,256.0759837508135
1039304,76.45564088850853
1063529,72.91811059349153
1221070,72.91811059349153
1233810,72.91811059349153
1103038,1041.9174258812368
1475925,212.9814107271406
1419732,544.9287496724291
1338846,72.91811059349153
1446660,72.91811059349153
1003354,83.72342200515234
1092817,83.72342200515234
1234783,83.72342200515234
1058107,43.8592119123437
1030455,33.064874309659736
1483452,33.151174695801714
1379221,212.9814107271406
1402174,270.3361561994475
1489838,270.4663964279498
1455308,25.013209964024856
1353443,256.0759837508135
1370253,77.03313137284691
1148728,256.0759837508135
1386779,54.552970886915695
1318074,54.552970886915695
1360420,54.552970886915695
1242671,89.70462824137277
1369093,89.70462824137277
1105804,89.70462824137277
1360174,45.66606664484248
1040269,267.02492723476183
1294652,49.13898965994467
1050678,49.13898965994467
1362004,33.064874309659736
1374026,33.151174695801714
1006107,33.151174695801714
1089493,309.1097438937725
1210638,309.1097438937725
1018465,270.2189384224288
1286425,198.8408231880495
1131780,198.8408231880495
1240287,198.9024807235865
1042157,69.80112009217684
1071612,69.80112009217684
1429223,196.88067309416985
1124573,198.9024807235865
1462779,196.81963916107793
1493585,161.42500067071174
1482350,161.5938818171938
1128513,72.91811059349153
1007620,1041.9174258812368
1392125,212.9814107271406
1087629,1041.9174258812368
1114839,83.72342200515234
1070359,83.72342200515234
1242070,33.151174695801714
1479434,213.62577458661838
1372564,213.62577458661838
1484749,213.62577458661838
1351129,25.013209964024856
1202518,206.88397831927205
1260736,206.88397831927205
1431880,182.86622978738308
1078767,45.66606664484248
1483726,77.03313137284691
1463665,49.13898965994467
1291968,43.8592119123437
1156317,33.151174695801714
1280812,33.151174695801714
1142375,213.62577458661838
1479522,213.62577458661838
1285114,213.62577458661838
1499834,292.9446382298154
1302570,292.9446382298154
1441628,292.9446382298154
1370968,48.767932021816485
1188126,69.80112009217684
1387823,69.80112009217684
1120799,231.3681305111564
1045486,233.66990362378016
1120923,233.74349948823001
1263616,161.42500067071174
1287395,161.5938818171938
1496803,161.42500067071174
1352836,1041.9174258812368
1033485,212.9814107271406
1276295,544.9287496724291
1108108,72.91811059349153
1426656,83.72342200515234
1190308,83.72342200515234
1322690,83.72342200515234
1293409,48.767932021816485
1024189,43.8592119123437
1323222,33.151174695801714
1357097,309.17571821240165
1212286,270.52414956498524
1452412,270.39388162851657
1312958,25.013209964024856
1345841,182.86622978738308
1412256,206.88397831927205
1005678,182.86622978738308
1230382,45.66606664484248
1433933,45.66606664484248
1483091,77.03313137284691
1428894,49.13898965994467
1230168,49.13898965994467
1091185,33.064874309659736
1402411,33.151174695801714
1174381,33.151174695801714
1468666,309.3246012694244
1045706,309.3246012694244
1250849,270.2766389139939
1290325,373.37273953705807
1412366,373.37273953705807
1253042,373.37273953705807
1094914,48.767932021816485
1218951,69.80112009217684
1131296,69.80112009217684
1144060,256.0759837508135
1348532,256.0759837508135
1151545,267.02492723476183
1035674,161.42500067071174
1430774,161.42500067071174
1065106,161.5938818171938
1204319,1041.9174258812368
1245643,317.55939570701025
1022559,544.9287496724291
1156294,72.91811059349153
1128910,72.91811059349153
1492015,83.72342200515234
1346015,83.72342200515234
1344824,83.72342200515234
1235620,48.767932021816485
1152702,33.151174695801714
1037485,309.1097438937725
1281762,270.4663964279498
1089556,270.3361561994475
1417527,25.013209964024856
1112851,25.013209964024856
1112119,269.0524879976676
1190243,269.0524879976676
1219577,123.84940510274217
1334475,45.66606664484248
1337310,45.66606664484248
1399077,45.66606664484248
1397525,77.03313137284691
1383887,49.13898965994467
1340231,43.8592119123437
1059438,33.151174695801714
1046452,43.97285881075489
1468651,309.25859528339623
1175159,309.25859528339623
1270555,270.2189384224288
1334748,198.93980261403385
1264726,198.93980261403385
1096183,198.93980261403385
1131610,48.767932021816485
1276853,69.80112009217684
1473793,69.80112009217684
1207235,196.46568292529204
1382156,198.69918736097407
1006670,76.45564088850853
1085624,161.5938818171938
1381116,161.42500067071174
1070437,161.42500067071174
1296562,1041.9174258812368
1308074,212.9814107271406
1441295,213.62577458661838
1218843,83.72342200515234
1129897,83.72342200515234
1217302,48.767932021816485
1286496,33.064874309659736
1225175,33.151174695801714
1288665,213.62577458661838
1148815,213.62577458661838
1070188,213.62577458661838
1410979,89.70462824137277
1325398,89.70462824137277
1348845,89.70462824137277
1370856,77.03313137284691
1043212,49.13898965994467
1231775,49.13898965994467
1089249,33.151174695801714
1296913,33.151174695801714
1303459,33.151174695801714
1173974,213.62577458661838
1179101,213.62577458661838
1129508,213.62577458661838
1177716,373.37273953705807
1173440,373.37273953705807
1241407,373.37273953705807
1098200,48.767932021816485
1378709,69.80112009217684
1198550,256.0759837508135
1383672,256.0759837508135
1009485,267.02492723476183
1149469,161.42500067071174
1417973,161.42500067071174
1453182,72.91811059349153
1397423,1041.9174258812368
1184112,317.55939570701025
1475256,544.9287496724291
1174372,72.91811059349153
1225764,83.72342200515234
1312262,83.72342200515234
1364529,83.72342200515234
1039292,33.064874309659736
1419826,33.064874309659736
1161538,309.1097438937725
1127343,270.4663964279498
1408481,270.3361561994475
1386710,25.013209964024856
1182831,123.84940510274217
1167194,269.0524879976676
1422666,307.7369094479718
1112550,45.66606664484248
1038974,45.66606664484248
1330798,77.03313137284691
1148904,49.13898965994467
1452851,49.13898965994467
1040443,33.064874309659736
1381232,43.97285881075489
1404442,43.97285881075489
1412741,309.25859528339623
1264550,309.25859528339623
1397022,270.2189384224288
1066186,679.6280553316877
1252196,679.6280553316877
1278525,679.6280553316877
1436260,131.92337591025642
1030469,69.80112009217684
1481360,380.42385538854455
1014321,380.42385538854455
1388450,131.92337591025642
1379696,161.5938818171938
1221505,72.91811059349153
1427811,161.42500067071174
1322531,1041.9174258812368
1191436,317.55939570701025
1317334,545.377690469417
1072425,72.91811059349153
1023198,72.91811059349153
1414362,178.513063500759
1345269,178.513063500759
1489884,178.513063500759
1452397,131.92337591025642
1278364,56.84953417431313
1003296,56.84953417431313
1106162,402.99267957661584
1408203,402.99267957661584
1239382,402.99267957661584
1391663,25.013209964024856
1248962,25.013209964024856
1343335,25.013209964024856
1305051,123.84940510274217
1287516,123.84940510274217
1247935,123.84940510274217
1194966,45.66606664484248
1118109,45.66606664484248
1233389,45.66606664484248
1364896,131.92337591025642
1298285,131.92337591025642
1150951,131.92337591025642
1033582,56.84953417431313
1173925,56.84953417431313
1452681,56.84953417431313
1465923,402.99267957661584
1445438,402.99267957661584
1255247,402.99267957661584
1163409,679.6280553316877
1079437,679.6280553316877
1063227,679.6280553316877
1408983,131.92337591025642
1100873,69.80112009217684
1133779,69.80112009217684
1246717,380.42385538854455
1363101,380.42385538854455
1395431,679.6280553316877
1010670,72.91811059349153
1491323,72.91811059349153
1486243,72.91811059349153
1285324,1041.9174258812368
1207039,317.55939570701025
1425949,545.377690469417
1284979,72.91811059349153
1128705,72.91811059349153
1052528,178.513063500759
1379887,178.513063500759
1365852,178.513063500759
1317467,56.84953417431313
1051225,56.84953417431313
1256991,317.55939570701025
1089356,402.99267957661584
1336453,402.99267957661584
1321282,25.013209964024856
1345499,25.013209964024856
1100430,380.42385538854455
1441592,380.42385538854455
1362932,380.42385538854455
1255123,54.552970886915695
1405218,54.552970886915695
1333879,54.552970886915695
1067651,123.84940510274217
1358068,123.84940510274217
1076130,123.84940510274217
1426318,45.66606664484248
1463256,45.66606664484248
1158052,679.6280553316877
1271891,131.92337591025642
1250210,131.92337591025642
1014155,56.84953417431313
1375589,56.84953417431313
1284311,56.84953417431313
1122463,402.99267957661584
1267073,402.99267957661584
1264859,402.99267957661584
1159437,288.51677607585594
1376035,288.606101623183
1223053,288.51677607585594
1457399,48.767932021816485
1182646,69.80112009217684
1061460,69.80112009217684
1278113,227.93844508974954
1064613,227.93844508974954
1094134,76.45564088850853
1064523,161.5938818171938
1377697,72.91811059349153
1224204,72.91811059349153
1229151,1041.9174258812368
1054029,212.9814107271406
1441457,544.9287496724291
1441761,72.91811059349153
1255217,72.91811059349153
1163632,72.91811059349153
1340676,83.72342200515234
1457306,83.72342200515234
1415650,83.72342200515234
1361920,43.97285881075489
1217178,33.064874309659736
1298382,33.151174695801714
1069600,309.1097438937725
1217461,270.3361561994475
1211765,270.3361561994475
1134901,25.013209964024856
1224714,89.70462824137277
1100091,89.70462824137277
1463761,89.70462824137277
1197604,45.66606664484248
1456463,45.66606664484248
1024487,45.66606664484248
1057308,77.03313137284691
1342654,49.13898965994467
1489595,49.13898965994467
1374108,33.151174695801714
1373420,33.151174695801714
1488412,33.151174695801714
1033917,309.25859528339623
1036779,309.1097438937725
1030522,270.2189384224288
1365942,201.93506461957222
1139563,201.99767683142636
1120515,201.93506461957222
1102120,48.767932021816485
1213606,69.80112009217684
1442846,69.80112009217684
1229162,201.75338161485206
1336797,201.69084475294363
1464391,76.45564088850853
1158042,161.5938818171938
1049420,72.91811059349153
1391890,161.42500067071174
1447978,1041.9174258812368
1176114,317.55939570701025
1233129,544.9287496724291
1089582,83.72342200515234
1138537,48.767932021816485
1393980,33.151174695801714
1090735,309.17571821240165
1317447,270.39388162851657
1204380,270.39388162851657
1254006,25.013209964024856
1177978,123.84940510274217
1448868,123.84940510274217
1114381,123.84940510274217
1492928,45.66606664484248
1054929,77.03313137284691
1492790,49.13898965994467
1140213,43.97285881075489
1193240,43.97285881075489
1410895,33.151174695801714
1263834,309.17571821240165
1260599,309.17571821240165
1412296,270.2766389139939
1219827,373.37273953705807
1183895,373.37273953705807
1036709,373.37273953705807
1361685,48.767932021816485
1482926,69.80112009217684
1395186,69.80112009217684
1008601,284.8980821156078
1193872,256.0759837508135
1005400,76.45564088850853
1355189,161.42500067071174
1014891,161.42500067071174
1468695,161.42500067071174
1390410,1041.9174258812368
1385985,212.9814107271406
1048223,544.9287496724291
1069511,83.72342200515234
1129172,83.72342200515234
1029297,48.767932021816485
1425307,33.064874309659736
1127166,33.151174695801714
1245969,309.17571821240165
1352827,270.39388162851657
1464317,270.39388162851657
1443431,25.013209964024856
1069778,25.013209964024856
1016495,89.70462824137277
1000429,89.70462824137277
1077871,89.70462824137277
1191951,45.66606664484248
1008761,45.66606664484248
1082837,77.03313137284691
1201538,49.13898965994467
1337110,49.13898965994467
1171071,33.151174695801714
1302946,33.151174695801714
1323453,33.151174695801714
1202688,309.17571821240165
1340955,309.17571821240165
1213041,270.2766389139939
1115081,267.02492723476183
1257596,267.68164500409625
1434708,267.02492723476183
1472011,69.80112009217684
1212811,69.80112009217684
1179258,256.0759837508135
1345123,256.0759837508135
1003561,76.45564088850853
1149009,72.91811059349153
1100625,72.91811059349153
1493085,72.91811059349153
1383378,1041.9174258812368
1024697,212.9814107271406
1117271,544.9287496724291
1313926,72.91811059349153
1195095,83.72342200515234
1319139,83.72342200515234
1455947,83.72342200515234
1093143,33.064874309659736
1405175,212.9814107271406
1148474,270.3361561994475
1336624,270.3361561994475
1483824,25.013209964024856
1071207,25.013209964024856
1273605,256.0759837508135
1361024,256.0759837508135
1196684,256.0759837508135
1475777,54.552970886915695
1363658,54.552970886915695
1008951,54.552970886915695
1209903,89.70462824137277
1207618,89.70462824137277
1010577,45.66606664484248
1187741,45.66606664484248
1364643,267.02492723476183
1288149,49.13898965994467
1298947,49.13898965994467
1120237,33.4631605902943
1299433,43.97285881075489
1437108,43.97285881075489
1470372,309.1097438937725
1421735,309.1097438937725
1073321,270.2189384224288
1340524,201.93506461957222
1373298,201.93506461957222
1397906,200.51210892999336
1298578,48.767932021816485
1401355,69.80112009217684
1087548,69.80112009217684
1255103,198.2954371556617
1238094,198.2954371556617
1495739,198.47402156969744
1286622,72.91811059349153
1090206,72.91811059349153
1020053,72.91811059349153
1016563,1041.9174258812368
1068029,212.9814107271406
1227744,544.9287496724291
1460795,72.91811059349153
1369172,83.72342200515234
1401927,83.72342200515234
1079289,83.72342200515234
1270851,48.767932021816485
1110506,33.064874309659736
1028807,212.9814107271406
1057178,270.39388162851657
1220587,270.52414956498524
1416699,25.013209964024856
1264067,25.013209964024856
1351534,77.03313137284691
1157302,198.23396685547178
1412243,54.552970886915695
1090685,54.552970886915695
1155242,54.552970886915695
1143695,89.70462824137277
1449009,89.70462824137277
1343512,89.70462824137277
1231346,45.66606664484248
1392147,45.66606664484248
1008596,198.47402156969744
1260443,49.13898965994467
1085513,49.13898965994467
1441042,40.139604277765535
1054680,33.151174695801714
1264920,33.151174695801714
1109972,309.17571821240165
1241837,309.17571821240165
1121489,270.2766389139939
1015985,679.6280553316877
1100774,679.6280553316877
1107017,679.6280553316877
1169666,131.92337591025642
1097146,69.80112009217684
1483477,69.80112009217684
1248664,380.42385538854455
1346422,380.42385538854455
1294933,131.92337591025642
1179836,72.91811059349153
1287959,72.91811059349153
1156176,72.91811059349153
1198576,1041.9174258812368
1431593,317.55939570701025
1468567,545.377690469417
1245157,72.91811059349153
1404165,72.91811059349153
1062432,72.91811059349153
1008087,178.513063500759
1095691,178.513063500759
1207317,178.513063500759
1086536,131.92337591025642
1073117,56.84953417431313
1080663,56.84953417431313
1324159,317.55939570701025
1125632,402.99267957661584
1250174,402.99267957661584
1288442,25.013209964024856
1252908,25.013209964024856
1341648,380.42385538854455
1269832,380.42385538854455
1133908,380.42385538854455
1144443,54.552970886915695
1097049,54.552970886915695
1432242,54.552970886915695
1333510,123.84940510274217
1121929,123.84940510274217
1210305,123.84940510274217
1275546,45.66606664484248
1381340,45.66606664484248
1156397,45.66606664484248
1117593,679.6280553316877
1184580,131.92337591025642
1228419,131.92337591025642
1445630,56.84953417431313
1266002,56.84953417431313
1402889,56.84953417431313
1237434,402.99267957661584
1225163,402.99267957661584
1255596,402.99267957661584
1109852,679.6280553316877
1345620,679.6280553316877
1484128,679.6280553316877
1321233,131.92337591025642
1226369,69.80112009217684
1433653,69.80112009217684
1152701,380.42385538854455
1081449,380.42385538854455
1444494,131.92337591025642
1119021,72.91811059349153
1489585,72.91811059349153
1134580,72.91811059349153
1375598,1041.9174258812368
1305270,317.55939570701025
1284327,545.377690469417
1073391,72.91811059349153
1041760,72.91811059349153
1316356,178.513063500759
1214154,178.513063500759
1279444,178.513063500759
1422458,56.84953417431313
1046971,56.84953417431313
1412767,56.84953417431313
1294818,317.55939570701025
1483332,402.99267957661584
1176830,402.99267957661584
1405681,25.013209964024856
1028719,25.013209964024856
1272650,25.013209964024856
1367340,131.92337591025642
1008287,131.92337591025642
1047518,380.42385538854455
1394281,54.552970886915695
1434750,54.552970886915695
1388225,54.552970886915695
1437287,123.84940510274217
1008536,123.84940510274217
1495302,123.84940510274217
1006713,45.66606664484248
1156578,45.66606664484248
1161779,45.66606664484248
1165593,679.6280553316877
1193794,131.92337591025642
1457081,131.92337591025642
1144977,56.84953417431313
1271614,56.84953417431313
1179825,56.84953417431313
1395652,402.99267957661584
1256292,402.99267957661584
1070158,402.99267957661584
1124487,198.93980261403385
1371386,198.93980261403385
1087971,198.93980261403385
1128435,48.767932021816485
1090797,69.80112009217684
1450451,69.80112009217684
1405891,195.35389498349699
1393405,198.69918736097407
1497134,195.52984354398447
1255484,161.42500067071174
1143886,161.42500067071174
1323892,161.42500067071174
1147438,1041.9174258812368
1133657,317.55939570701025
1074216,544.9287496724291
1078228,72.91811059349153
1082992,72.91811059349153
1168507,83.72342200515234
1423468,83.72342200515234
1443674,48.767932021816485
1315359,33.064874309659736
1368872,33.151174695801714
1296051,309.1097438937725
1198927,270.4663964279498
1378647,270.4663964279498
1067203,25.013209964024856
1388229,25.013209964024856
1207936,123.84940510274217
1217839,307.7369094479718
1427300,307.7369094479718
1237497,77.03313137284691
1205066,49.13898965994467
1381518,33.064874309659736
1406296,33.151174695801714
1201586,33.151174695801714
1215471,309.25859528339623
1265298,309.25859528339623
1345121,270.2189384224288
1163522,373.37273953705807
1488422,373.37273953705807
1489126,373.37273953705807
1245703,69.80112009217684
1364476,69.80112009217684
1311779,256.0759837508135
1204524,256.0759837508135
1453079,267.02492723476183
1346583,161.42500067071174
1343513,161.42500067071174
1270215,1041.9174258812368
1167611,212.9814107271406
1250643,544.9287496724291
1483071,83.72342200515234
1128774,83.72342200515234
1066086,83.72342200515234
1073159,33.064874309659736
1156715,33.064874309659736
1167396,33.151174695801714
1154326,309.17571821240165
1404009,270.52414956498524
1081181,270.39388162851657
1397855,182.86622978738308
1490628,89.70462824137277
1370443,206.88397831927205
1410231,45.66606664484248
1099647,77.03313137284691
1076400,49.13898965994467
1042262,49.13898965994467
1479532,33.151174695801714
1193871,33.151174695801714
1192427,309.3246012694244
1358679,309.3246012694244
1128577,270.2766389139939
1297500,195.1244002063272
1159398,195.95197876648706
1295791,195.95197876648706
1083928,48.767932021816485
1421326,193.96001242441147
1070011,193.96001242441147
1172465,76.45564088850853
1040153,72.91811059349153
1240015,72.91811059349153
1470791,72.91811059349153
1078367,1041.9174258812368
1302448,212.9814107271406
1478516,83.72342200515234
1208057,83.72342200515234
1394274,48.767932021816485
1079649,33.064874309659736
1066010,33.151174695801714
1206124,212.9814107271406
1162193,213.62577458661838
1459527,212.9814107271406
1096264,25.013209964024856
1461384,25.013209964024856
1423886,54.552970886915695
1415920,89.70462824137277
1393922,89.70462824137277
1462163,89.70462824137277
1336059,193.96001242441147
1213767,49.13898965994467
1157287,43.97285881075489
1056066,43.97285881075489
1128096,213.62577458661838
1254860,213.62577458661838
1025173,213.62577458661838
1049477,267.02492723476183
1433608,267.02492723476183
1312390,267.02492723476183
1124545,48.767932021816485
1264535,69.80112009217684
1188918,256.0759837508135
1242215,256.0759837508135
1127032,76.45564088850853
1308289,72.91811059349153
1021318,72.91811059349153
1286859,72.91811059349153
1440281,1041.9174258812368
1352739,212.9814107271406
1411783,544.9287496724291
1302350,72.91811059349153
1433670,72.91811059349153
1060069,83.72342200515234
1449369,83.72342200515234
1460584,83.72342200515234
1356206,43.8592119123437
1033641,212.9814107271406
1353961,270.39388162851657
1013842,270.39388162851657
1407391,25.013209964024856
1256963,256.0759837508135
1285209,256.0759837508135
1389206,256.0759837508135
1074865,54.552970886915695
1295162,54.552970886915695
1006987,54.552970886915695
1006312,89.70462824137277
1257443,89.70462824137277
1014526,89.70462824137277
1176168,45.66606664484248
1003166,45.66606664484248
1025197,267.02492723476183
1432540,49.13898965994467
1270332,33.064874309659736
1233784,33.151174695801714
1068820,33.151174695801714
1493096,309.17571821240165
1107381,309.17571821240165
1208037,270.2766389139939
1427935,267.02492723476183
1409134,267.02492723476183
1153622,267.02492723476183
1422767,48.767932021816485
1362852,69.80112009217684
1494354,69.80112009217684
1057624,256.0759837508135
1356690,256.0759837508135
1482022,76.45564088850853
1397919,72.91811059349153
1445308,72.91811059349153
1020982,72.91811059349153
1291422,1041.9174258812368
1297299,212.9814107271406
1365373,213.62577458661838
1439539,83.72342200515234
1258083,83.72342200515234
1003250,33.064874309659736
1113910,33.151174695801714
1205630,212.9814107271406
1310574,213.62577458661838
1117265,212.9814107271406
1165333,25.013209964024856
1114035,256.0759837508135
1194145,256.0759837508135
1420653,77.03313137284691
1360946,54.552970886915695
1433378,54.552970886915695
1495520,54.552970886915695
1177169,89.70462824137277
1234726,89.70462824137277
1223629,89.70462824137277
1034536,45.66606664484248
1149922,45.66606664484248
1467073,267.02492723476183
1083269,49.13898965994467
1257323,49.13898965994467
1208257,33.064874309659736
1291108,33.151174695801714
1111605,33.151174695801714
1198651,213.62577458661838
1336104,213.62577458661838
1346782,213.62577458661838
1061075,552.1082667017112
1369233,552.1082667017112
1048357,552.1082667017112
1186575,131.92337591025642
1265526,69.80112009217684
1303529,69.80112009217684
1398609,345.98465481657826
1335904,345.98465481657826
1410175,131.92337591025642
1319121,72.91811059349153
1321490,72.91811059349153
1060454,72.91811059349153
1370186,1041.9174258812368
1302878,317.55939570701025
1161679,544.9287496724291
1318665,72.91811059349153
1172065,72.91811059349153
1346275,178.513063500759
1051466,178.513063500759
1405723,178.513063500759
1197177,33.064874309659736
1186649,33.151174695801714
1162814,317.55939570701025
1114245,270.3361561994475
1216193,270.3361561994475
1086401,25.013209964024856
1479831,25.013209964024856
1232866,345.98465481657826
1339315,345.98465481657826
1164756,345.98465481657826
1207479,54.552970886915695
1132637,54.552970886915695
1299828,54.552970886915695
1340940,123.84940510274217
1332269,123.84940510274217
1175470,123.84940510274217
1300661,45.66606664484248
1059386,45.66606664484248
1289801,45.66606664484248
1321571,552.1082667017112
1452847,131.92337591025642
1230982,131.92337591025642
1458264,33.064874309659736
1343550,33.151174695801714
1070140,33.151174695801714
1268975,309.1097438937725
1158915,309.1097438937725
1454863,270.2189384224288
1361688,373.37273953705807
1100387,373.37273953705807
1044453,373.37273953705807
1446311,48.767932021816485
1392146,69.80112009217684
1065082,69.80112009217684
1394030,358.0794382407501
1110858,256.0759837508135
1023502,267.02492723476183
1040888,161.42500067071174
1446797,72.91811059349153
1343455,72.91811059349153
1268073,1041.9174258812368
1481457,317.55939570701025
1249361,544.9287496724291
1329468,72.91811059349153
1436626,72.91811059349153
1361934,178.513063500759
1447072,178.513063500759
1258552,33.064874309659736
1236319,33.151174695801714
1198216,309.1097438937725
1160539,270.4663964279498
1117606,270.4117868377735
1030646,25.013209964024856
1155205,25.013209964024856
1294200,123.84940510274217
1148219,307.7369094479718
1164274,269.0524879976676
1407284,45.66606664484248
1247144,77.03313137284691
1203344,49.13898965994467
1371459,49.13898965994467
1422129,43.8592119123437
1492225,33.151174695801714
1286449,43.97285881075489
1498844,309.25859528339623
1197780,309.25859528339623
1034337,270.2189384224288
1054015,288.51677607585594
1358812,288.51677607585594
1314671,288.51677607585594
1394382,48.767932021816485
1251230,69.80112009217684
1476089,69.80112009217684
1452428,230.20624470665172
1238845,230.20624470665172
1276246,76.45564088850853
1331565,72.91811059349153
1018544,72.91811059349153
1011365,72.91811059349153
1016409,1041.9174258812368
1339048,212.9814107271406
1219376,544.9287496724291
1473348,72.91811059349153
1131997,72.91811059349153
1282886,72.91811059349153
1275226,83.72342200515234
1196696,83.72342200515234
1454891,83.72342200515234
1335568,33.064874309659736
1214246,33.064874309659736
1062359,33.151174695801714
1326814,309.1097438937725
1379654,270.3361561994475
1205968,270.3361561994475
1279690,25.013209964024856
1471954,89.70462824137277
1474566,89.70462824137277
1179357,89.70462824137277
1293041,45.66606664484248
1238568,45.66606664484248
1026804,45.66606664484248
1326414,77.03313137284691
1109560,49.13898965994467
1051164,49.13898965994467
1429024,33.151174695801714
1150675,33.151174695801714
1116325,309.1097438937725
1175645,309.1097438937725
1402353,270.2189384224288
1295493,201.99767683142636
1016076,201.99767683142636
1185405,201.99767683142636
1371466,48.767932021816485
1346530,69.80112009217684
1331432,69.80112009217684
1294124,201.75338161485206
1024221,201.69084475294363
1094935,198.47402156969744
1197378,72.91811059349153
1427470,72.91811059349153
1158914,161.42500067071174
1443394,1041.9174258812368
1450602,212.9814107271406
1235655,544.9287496724291
1248147,72.91811059349153
1340735,72.91811059349153
1322947,83.72342200515234
1117415,83.72342200515234
1172976,33.064874309659736
1193844,33.151174695801714
1389248,309.17571821240165
1074022,270.39388162851657
1131319,270.39388162851657
1366358,89.70462824137277
1252216,89.70462824137277
1357317,89.70462824137277
1300041,45.66606664484248
1018011,77.03313137284691
1057180,49.13898965994467
1243421,33.151174695801714
1309173,33.151174695801714
1123735,33.151174695801714
1132139,309.17571821240165
1294776,309.17571821240165
1323841,270.2766389139939
1436545,679.6280553316877
1438728,679.6280553316877
1005866,679.6280553316877
1457927,131.92337591025642
1175328,69.80112009217684
1422379,69.80112009217684
1220430,380.42385538854455
1281555,380.42385538854455
1231535,131.92337591025642
1118412,72.91811059349153
1348202,72.91811059349153
1316773,72.91811059349153
1431922,1041.9174258812368
1298022,317.55939570701025
1249878,545.377690469417
1283616,72.91811059349153
1043351,72.91811059349153
1167103,72.91811059349153
1279295,178.513063500759
1413036,178.513063500759
1281633,178.513063500759
1403602,56.84953417431313
1315483,56.84953417431313
1286261,56.84953417431313
1320697,317.55939570701025
1494417,402.99267957661584
1128160,317.55939570701025
1126635,25.013209964024856
1093884,25.013209964024856
1179430,25.013209964024856
1361178,380.42385538854455
1011110,380.42385538854455
1066051,380.42385538854455
1344662,54.552970886915695
1007567,54.552970886915695
1148205,54.552970886915695
1228589,123.84940510274217
1369352,123.84940510274217
1097496,123.84940510274217
1149199,45.66606664484248
1197821,45.66606664484248
1402804,45.66606664484248
1205020,679.6280553316877
1181471,131.92337591025642
1497500,131.92337591025642
1279838,56.84953417431313
1409784,56.84953417431313
1467998,56.84953417431313
1020597,402.99267957661584
1366678,402.99267957661584
1115501,402.99267957661584
1282318,198.06250435876063
1445235,198.8408231880495
1464381,198.06250435876063
1461970,48.767932021816485
1476428,69.80112009217684
1212985,196.88067309416985
1364771,196.88067309416985
1396513,76.45564088850853
1180798,72.91811059349153
1247508,72.91811059349153
1110507,72.91811059349153
1027653,1041.9174258812368
1099989,212.9814107271406
1498374,213.62577458661838
1349364,83.72342200515234
1479790,83.72342200515234
1035192,83.72342200515234
1229754,33.064874309659736
1130786,33.064874309659736
1024113,212.9814107271406
1268625,213.62577458661838
1210136,212.9814107271406
1184287,196.88067309416985
1091316,196.88067309416985
1079675,77.03313137284691
1481016,54.552970886915695
1041134,54.552970886915695
1394323,54.552970886915695
1279456,89.70462824137277
1392045,89.70462824137277
1203740,89.70462824137277
1151322,45.66606664484248
1430200,196.81963916107793
1083166,49.13898965994467
1385875,49.13898965994467
1409929,43.8592119123437
1086440,33.151174695801714
1153559,33.151174695801714
1111856,213.62577458661838
1493103,213.62577458661838
1122711,213.62577458661838
1228946,679.6280553316877
1193698,679.6280553316877
1469190,679.6280553316877
1325065,131.92337591025642
1164610,69.80112009217684
1118651,69.80112009217684
1131213,380.42385538854455
1315318,380.42385538854455
1071202,131.92337591025642
1221401,72.91811059349153
1176648,72.91811059349153
1188251,72.91811059349153
1223632,1041.9174258812368
1135659,317.55939570701025
1031838,545.377690469417
1007386,72.91811059349153
1256754,178.513063500759
1147978,178.513063500759
1296900,178.513063500759
1059977,56.84953417431313
1109538,56.84953417431313
1218255,317.55939570701025
1386995,402.99267957661584
1150346,402.99267957661584
1411001,25.013209964024856
1341159,25.013209964024856
1310691,380.42385538854455
1102882,380.42385538854455
1050887,131.92337591025642
1354141,54.552970886915695
1161886,54.552970886915695
1357176,54.552970886915695
1200229,123.84940510274217
1279574,123.84940510274217
1435781,123.84940510274217
1057374,45.66606664484248
1149792,679.6280553316877
1046977,131.92337591025642
1398521,131.92337591025642
1486055,56.84953417431313
1310669,56.84953417431313
1225073,56.84953417431313
1337657,402.99267957661584
1446703,402.99267957661584
1088738,402.99267957661584
1366885,679.6280553316877
1392666,679.6280553316877
1427657,679.6280553316877
1252445,131.92337591025642
1099768,69.80112009217684
1426505,69.80112009217684
1264257,380.42385538854455
1405510,380.42385538854455
1280093,131.92337591025642
1088550,72.91811059349153
1358294,72.91811059349153
1231327,72.91811059349153
1295935,1041.9174258812368
1357421,317.55939570701025
1424116,545.377690469417
1303695,72.91811059349153
1013681,72.91811059349153
1055296,72.91811059349153
1238615,178.513063500759
1331958,178.513063500759
1467815,178.513063500759
1344543,56.84953417431313
1237041,56.84953417431313
1462080,56.84953417431313
1088084,317.55939570701025
1342237,402.99267957661584
1409429,402.99267957661584
1004292,25.013209964024856
1008571,25.013209964024856
1322939,25.013209964024856
1008568,380.42385538854455
1284797,380.42385538854455
1295216,380.42385538854455
1285713,54.552970886915695
1043271,54.552970886915695
1144010,54.552970886915695
1145767,123.84940510274217
1291337,123.84940510274217
1260544,123.84940510274217
1323348,45.66606664484248
1498511,45.66606664484248
1063475,45.66606664484248
1044536,679.6280553316877
1321554,131.92337591025642
1359413,131.92337591025642
1048715,56.84953417431313
1249682,56.84953417431313
1366542,56.84953417431313
1113149,402.99267957661584
1247598,402.99267957661584
1152698,402.99267957661584
1036601,679.6280553316877
1188391,679.6280553316877
1457208,679.6280553316877
1411800,131.92337591025642
1270236,69.80112009217684
1312433,69.80112009217684
1411635,380.42385538854455
1173357,380.42385538854455
1091113,679.6280553316877
1488338,161.5938818171938
1460152,161.42500067071174
1065364,161.5938818171938
1082944,1041.9174258812368
1476967,317.55939570701025
1435652,545.377690469417
1291482,72.91811059349153
1345720,72.91811059349153
1316364,72.91811059349153
1178189,178.513063500759
1082240,178.513063500759
1480631,178.513063500759
1384332,56.84953417431313
1246960,56.84953417431313
1058253,56.84953417431313
1495516,402.99267957661584
1077710,402.99267957661584
1311456,402.99267957661584
1070786,25.013209964024856
1001701,25.013209964024856
1455377,25.013209964024856
1071891,307.7369094479718
1462931,307.7369094479718
1213126,307.7369094479718
1181013,45.66606664484248
1332262,45.66606664484248
1323447,45.66606664484248
1204703,131.92337591025642
1343836,131.92337591025642
1145830,131.92337591025642
1114280,56.84953417431313
1098157,56.84953417431313
1419588,56.84953417431313
1082740,402.99267957661584
1433681,402.99267957661584
1067435,402.99267957661584
1155657,198.93980261403385
1281207,199.00149068801363
1490318,199.00149068801363
1084864,48.767932021816485
1435085,69.80112009217684
1356353,69.80112009217684
1415607,198.69918736097407
1334640,197.29892124436049
1297961,195.59047953226295
1342342,161.42500067071174
1029422,161.5938818171938
1190784,1041.9174258812368
1441059,212.9814107271406
1134065,544.9287496724291
1010627,83.72342200515234
1136200,83.72342200515234
1382153,33.064874309659736
1096987,33.151174695801714
1158069,309.1097438937725
1121635,270.4663964279498
1150358,270.3361561994475
1077324,25.013209964024856
1215019,89.70462824137277
1363375,182.86622978738308
1137912,182.86622978738308
1468001,45.66606664484248
1317986,77.03313137284691
1465417,49.13898965994467
1172075,33.064874309659736
1394786,33.151174695801714
1175490,33.151174695801714
1363049,309.25859528339623
1358565,309.25859528339623
1312142,270.2189384224288
1473003,367.66451142142944
1043675,367.66451142142944
1189088,367.66451142142944
1103745,48.767932021816485
1077514,69.80112009217684
1200158,69.80112009217684
1468882,353.0304477757708
1151507,254.25104551803662
1007265,264.80200255916003
1185048,161.5938818171938
1488743,161.42500067071174
1134676,161.42500067071174
1217059,1041.9174258812368
1337499,212.9814107271406
1257318,213.62577458661838
1486782,83.72342200515234
1252862,83.72342200515234
1289314,213.62577458661838
1254687,213.62577458661838
1020087,213.62577458661838
1468256,25.013209964024856
1073474,89.70462824137277
1205259,89.70462824137277
1201329,89.70462824137277
1054541,77.03313137284691
1237169,49.13898965994467
1035323,33.151174695801714
1280934,33.151174695801714
1155695,213.62577458661838
1211335,213.62577458661838
1328196,213.62577458661838
1083041,373.37273953705807
1025411,373.37273953705807
1275812,373.37273953705807
1132104,48.767932021816485
1459804,69.80112009217684
1052572,69.80112009217684
1123645,256.0759837508135
1350405,307.53696646081386
1292193,267.02492723476183
1397778,161.42500067071174
1237836,161.5938818171938
1155353,161.5938818171938
1057722,1041.9174258812368
1274485,212.9814107271406
1497047,544.9287496724291
1269935,72.91811059349153
1317971,72.91811059349153
1316420,72.91811059349153
1076136,83.72342200515234
1465717,83.72342200515234
1192548,83.72342200515234
1272411,48.767932021816485
1307453,33.064874309659736
1390209,33.151174695801714
1396591,309.1097438937725
1207029,270.3361561994475
1386805,270.3361561994475
1221459,25.013209964024856
1204605,182.86622978738308
1218108,182.86622978738308
1434356,206.88397831927205
1097232,45.66606664484248
1116834,45.66606664484248
1186950,77.03313137284691
1080504,49.13898965994467
1401133,49.13898965994467
1005512,33.151174695801714
1087904,33.151174695801714
1233422,33.064874309659736
1451461,309.1097438937725
1060105,309.1097438937725
1402994,270.2189384224288
1015394,267.02492723476183
1064767,267.02492723476183
1492943,267.02492723476183
1410066,48.767932021816485
1139055,69.80112009217684
1489232,69.80112009217684
1070424,256.0759837508135
1405502,256.0759837508135
1259325,76.45564088850853
1361061,72.91811059349153
1431485,72.91811059349153
1064580,72.91811059349153
1304965,1041.9174258812368
1047356,212.9814107271406
1307778,544.9287496724291
1457212,72.91811059349153
1213952,72.91811059349153
1191343,83.72342200515234
1154706,83.72342200515234
1271717,83.72342200515234
1398750,48.767932021816485
1341876,33.064874309659736
1422024,212.9814107271406
1413467,270.3361561994475
1325121,212.9814107271406
1151232,25.013209964024856
1279111,25.013209964024856
1360376,256.0759837508135
1169611,256.0759837508135
1311405,256.0759837508135
1310403,54.552970886915695
1248441,54.552970886915695
1329548,54.552970886915695
1046279,89.70462824137277
1497254,89.70462824137277
1163695,89.70462824137277
1274761,45.66606664484248
1495378,45.66606664484248
1362663,45.66606664484248
1019457,267.02492723476183
1191888,49.13898965994467
1013907,49.13898965994467
1063119,33.4631605902943
1234655,33.151174695801714
1259715,33.151174695801714
1284851,309.1097438937725
1015130,309.1097438937725
1167983,270.2189384224288
1423160,267.02492723476183
1434042,267.02492723476183
1129473,267.02492723476183
1076570,48.767932021816485
1042497,69.80112009217684
1190479,69.80112009217684
1038318,256.0759837508135
1000127,256.0759837508135
1011159,76.45564088850853
1495646,72.91811059349153
1076420,72.91811059349153
1010745,72.91811059349153
1402515,1041.9174258812368
1197982,212.9814107271406
1043744,213.62577458661838
1457953,72.91811059349153
1130000,83.72342200515234
1059530,83.72342200515234
1466396,33.064874309659736
1077306,33.064874309659736
1102343,43.97285881075489
1316991,212.9814107271406
1391982,213.62577458661838
1052729,213.62577458661838
1047101,25.013209964024856
1325280,25.013209964024856
1191994,256.0759837508135
1009944,77.03313137284691
1353405,54.552970886915695
1080744,54.552970886915695
1411958,54.552970886915695
1412982,89.70462824137277
1020171,89.70462824137277
1031252,89.70462824137277
1016213,45.66606664484248
1428133,267.02492723476183
1385890,49.13898965994467
1392951,33.064874309659736
1232151,33.151174695801714
1359146,33.151174695801714
1441886,213.62577458661838
1218820,213.62577458661838
1267627,213.62577458661838
1373638,200.51210892999336
1212950,200.51210892999336
1313223,199.7272809543681
1040381,48.767932021816485
1380927,69.80112009217684
1027765,69.80112009217684
1033339,198.2954371556617
1425660,198.2954371556617
1113685,76.45564088850853
1401462,72.91811059349153
1273474,72.91811059349153
1091363,72.91811059349153
1492838,1041.9174258812368
1320703,317.55939570701025
1194501,544.9287496724291
1324100,83.72342200515234
1471562,83.72342200515234
1272207,83.72342200515234
1386706,43.68352966850247
1475574,33.064874309659736
1109837,317.55939570701025
1118679,270.39388162851657
1190647,270.39388162851657
1328963,25.013209964024856
1430846,77.03313137284691
1158154,198.23396685547178
1197145,54.552970886915695
1190178,54.552970886915695
1378832,54.552970886915695
1322978,123.84940510274217
1379618,123.84940510274217
1003304,123.84940510274217
1210043,45.66606664484248
1213573,45.66606664484248
1245394,198.47402156969744
1436052,49.13898965994467
1481719,40.139604277765535
1146138,33.151174695801714
1114349,33.151174695801714
1217859,309.17571821240165
1108742,309.17571821240165
1251268,270.2766389139939
1006386,292.85397451262736
1161492,292.85397451262736
1358060,292.85397451262736
1371287,48.767932021816485
1256315,69.80112009217684
1121055,69.80112009217684
1475537,231.29645933322587
1347318,231.3681305111564
1454603,233.67109565607413
1358350,72.91811059349153
1213905,72.91811059349153
1253272,72.91811059349153
1487325,1041.9174258812368
1013460,317.55939570701025
1315234,544.9287496724291
1250556,72.91811059349153
1265800,72.91811059349153
1465665,72.91811059349153
1103726,178.513063500759
1494205,178.513063500759
1189067,48.767932021816485
1471552,33.064874309659736
1453612,33.151174695801714
1377134,309.17571821240165
1130559,1041.9174258812368
1357157,270.39388162851657
1409994,25.013209964024856
1294522,25.013209964024856
1151562,269.0524879976676
1050376,269.0524879976676
1428932,317.55939570701025
1465957,45.66606664484248
1319696,45.66606664484248
1407657,45.66606664484248
1352086,77.03313137284691
1418187,49.13898965994467
1048311,49.13898965994467
1165831,33.064874309659736
1132616,33.151174695801714
1083784,33.151174695801714
1416037,309.3246012694244
1435204,309.3246012694244
1186545,270.2766389139939
1268657,679.6280553316877
1181753,679.6280553316877
1458923,679.6280553316877
1344823,131.92337591025642
1479610,69.80112009217684
1274250,69.80112009217684
1323910,380.42385538854455
1003508,380.42385538854455
1092809,131.92337591025642
1275720,72.91811059349153
1408837,72.91811059349153
1481979,72.91811059349153
1028951,1041.9174258812368
1373822,317.55939570701025
1378974,545.377690469417
1046692,72.91811059349153
1011254,178.513063500759
1273103,178.513063500759
1327930,178.513063500759
1055553,131.92337591025642
1383239,56.84953417431313
1026289,56.84953417431313
1318608,317.55939570701025
1313750,402.99267957661584
1325803,402.99267957661584
1256323,25.013209964024856
1037238,131.92337591025642
1368563,380.42385538854455
1079212,131.92337591025642
1167023,54.552970886915695
1278023,54.552970886915695
1231837,54.552970886915695
1035823,123.84940510274217
1253401,123.84940510274217
1061037,123.84940510274217
1292684,45.66606664484248
1124624,45.66606664484248
1111998,45.66606664484248
1109928,679.6280553316877
1490077,131.92337591025642
1033222,131.92337591025642
1198020,56.84953417431313
1466824,56.84953417431313
1233925,56.84953417431313
1470068,402.99267957661584
1218519,402.99267957661584
1336140,402.99267957661584
1301315,679.6280553316877
1155421,679.6280553316877
1194917,679.6280553316877
1173000,131.92337591025642
1354418,69.80112009217684
1215320,69.80112009217684
1061139,380.42385538854455
1180146,380.42385538854455
1090955,131.92337591025642
1147950,161.42500067071174
1207215,72.91811059349153
1318775,72.91811059349153
1204027,1041.9174258812368
1413965,317.55939570701025
1331579,545.377690469417
1312626,72.91811059349153
1218834,178.513063500759
1032713,178.513063500759
1271703,178.513063500759
1085153,56.84953417431313
1084295,56.84953417431313
1359593,56.84953417431313
1047132,402.99267957661584
1270406,402.99267957661584
1018816,402.99267957661584
1152664,25.013209964024856
1041786,25.013209964024856
1094765,25.013209964024856
1347013,123.84940510274217
1491511,123.84940510274217
1389945,123.84940510274217
1055106,45.66606664484248
1289462,45.66606664484248
1008838,131.92337591025642
1247371,131.92337591025642
1126864,131.92337591025642
1451674,56.84953417431313
1385517,56.84953417431313
1154247,56.84953417431313
1179404,402.99267957661584
1405934,402.99267957661584
1142085,402.99267957661584
1009709,198.9024807235865
1327954,198.8408231880495
1348230,69.80112009217684
1317437,69.80112009217684
1358874,196.88067309416985
1066722,196.88067309416985
1426661,76.45564088850853
1189682,72.91811059349153
1361421,72.91811059349153
1488795,72.91811059349153
1394848,1041.9174258812368
1412980,212.9814107271406
1388481,213.62577458661838
1482717,72.91811059349153
1207154,83.72342200515234
1080646,212.9814107271406
1423780,213.62577458661838
1076968,212.9814107271406
1492097,25.013209964024856
1444295,196.88067309416985
1338940,196.88067309416985
1066511,196.88067309416985
1156979,89.70462824137277
1056205,89.70462824137277
1418176,89.70462824137277
1041452,45.66606664484248
1287446,196.81963916107793
1401376,49.13898965994467
1365246,33.4631605902943
1368785,33.151174695801714
1101540,213.62577458661838
1364650,213.62577458661838
1010363,213.62577458661838
1059056,231.66005375650684
1325139,232.6418004034919
1002435,232.56973637727674
1354416,48.767932021816485
1276165,227.93844508974954
1327823,227.93844508974954
1463775,76.45564088850853
1401014,72.91811059349153
1348216,72.91811059349153
1284993,72.91811059349153
1307954,1041.9174258812368
1097182,212.9814107271406
1460667,544.9287496724291
1116900,72.91811059349153
1141794,72.91811059349153
1423616,83.72342200515234
1297883,83.72342200515234
1338844,83.72342200515234
1270382,48.767932021816485
1176990,33.064874309659736
1109609,33.151174695801714
1125886,212.9814107271406
1459649,270.39388162851657
1370105,212.9814107271406
1365258,25.013209964024856
1217805,25.013209964024856
1383782,227.86783175737463
1332940,77.03313137284691
1415280,227.86783175737463
1281939,54.552970886915695
1377594,54.552970886915695
1097453,54.552970886915695
1187092,89.70462824137277
1392729,89.70462824137277
1232474,89.70462824137277
1119483,45.66606664484248
1130256,45.66606664484248
1042242,45.66606664484248
1122806,230.20741914489903
1493799,49.13898965994467
1487003,49.13898965994467
1322423,33.151174695801714
1465439,33.151174695801714
1357396,309.17571821240165
1055674,309.17571821240165
1061706,270.2766389139939
1188591,267.02492723476183
1345516,267.02492723476183
1164926,267.02492723476183
1157352,48.767932021816485
1162495,69.80112009217684
1439572,69.80112009217684
1252122,256.0759837508135
1473136,256.0759837508135
1414239,76.45564088850853
1227902,72.91811059349153
1475674,72.91811059349153
1074156,72.91811059349153
1124415,1041.9174258812368
1429469,212.9814107271406
1196202,544.9287496724291
1207213,72.91811059349153
1220768,83.72342200515234
1219884,83.72342200515234
1476173,83.72342200515234
1258695,48.767932021816485
1190890,33.064874309659736
1302775,33.151174695801714
1166615,212.9814107271406
1168141,270.39388162851657
1347061,270.39388162851657
1234023,25.013209964024856
1217405,25.013209964024856
1137757,256.0759837508135
1142488,256.0759837508135
1312713,256.0759837508135
1254886,54.552970886915695
1175778,54.552970886915695
1273113,54.552970886915695
1438146,89.70462824137277
1311889,89.70462824137277
1109876,89.70462824137277
1314145,45.66606664484248
1140803,45.66606664484248
1026912,267.02492723476183
1455331,49.13898965994467
1156368,49.13898965994467
1224254,33.064874309659736
1423832,33.151174695801714
1432432,33.151174695801714
1218398,309.17571821240165
1189072,309.3246012694244
1349200,270.2766389139939
1210564,679.6280553316877
1306324,679.6280553316877
1246324,679.6280553316877
1007274,131.92337591025642
1416495,69.80112009217684
1482738,69.80112009217684
1112624,380.42385538854455
1071982,380.42385538854455
1007464,131.92337591025642
1032604,72.91811059349153
1373185,72.91811059349153
1491158,72.91811059349153
1185291,1041.9174258812368
1364764,317.55939570701025
1193094,545.377690469417
1386568,72.91811059349153
1204718,72.91811059349153
1412333,72.91811059349153
1371558,178.513063500759
1107600,178.513063500759
1413888,178.513063500759
1427250,131.92337591025642
1044881,56.84953417431313
1332733,56.84953417431313
1325149,402.99267957661584
1286591,402.99267957661584
1066069,402.99267957661584
1274735,25.013209964024856
1471120,25.013209964024856
1252651,123.84940510274217
1477762,123.84940510274217
1331846,123.84940510274217
1368853,45.66606664484248
1309782,45.66606664484248
1105042,45.66606664484248
1099051,131.92337591025642
1294198,131.92337591025642
1204789,131.92337591025642
1341777,56.84953417431313
1455309,56.84953417431313
1433285,402.99267957661584
1012505,402.99267957661584
1104929,402.99267957661584
1114635,373.37273953705807
1084924,373.37273953705807
1157371,373.37273953705807
1190987,48.767932021816485
1041636,69.80112009217684
1089516,69.80112009217684
1020854,284.8980821156078
1307783,256.0759837508135
1201333,267.02492723476183
1462723,72.91811059349153
1110181,72.91811059349153
1165740,72.91811059349153
1398485,1041.9174258812368
1071026,212.9814107271406
1183503,544.9287496724291
1215898,72.91811059349153
1052604,72.91811059349153
1239988,72.91811059349153
1363046,83.72342200515234
1337424,83.72342200515234
1015074,83.72342200515234
1221444,48.767932021816485
1113063,33.064874309659736
1154806,43.97285881075489
1109703,309.1097438937725
1021912,270.4663964279498
1298180,270.3361561994475
1384906,25.013209964024856
1308789,25.013209964024856
1427380,206.88397831927205
1210445,206.88397831927205
1377696,206.88397831927205
1041733,45.66606664484248
1458994,45.66606664484248
1455799,45.66606664484248
1341588,77.03313137284691
1034394,49.13898965994467
1396890,49.13898965994467
1429960,33.064874309659736
1267932,33.151174695801714
1211830,33.151174695801714
1272619,309.25859528339623
1095155,309.25859528339623
1260998,270.2189384224288
1446344,679.6280553316877
1113545,679.6280553316877
1165254,679.6280553316877
1035393,131.92337591025642
1190535,69.80112009217684
1135656,69.80112009217684
1387179,380.42385538854455
1016058,380.42385538854455
1213128,131.92337591025642
1498348,72.91811059349153
1037275,72.91811059349153
1306497,72.91811059349153
1173215,1041.9174258812368
1313071,317.55939570701025
1243501,545.377690469417
1181479,72.91811059349153
1251517,72.91811059349153
1019878,72.91811059349153
1179192,178.513063500759
1395274,178.513063500759
1323008,178.513063500759
1277683,131.92337591025642
1348796,56.84953417431313
1357767,56.84953417431313
1261781,317.55939570701025
1317465,402.99267957661584
1404060,317.55939570701025
1067530,25.013209964024856
1441892,25.013209964024856
1188240,380.42385538854455
1223568,380.42385538854455
1477410,380.42385538854455
1341241,54.552970886915695
1084874,54.552970886915695
1176180,54.552970886915695
1350329,123.84940510274217
1172618,123.84940510274217
1449340,123.84940510274217
1377191,45.66606664484248
1478466,45.66606664484248
1412159,45.66606664484248
1415286,131.92337591025642
1496971,131.92337591025642
1429780,131.92337591025642
1018985,56.84953417431313
1463282,56.84953417431313
1228365,56.84953417431313
1078001,402.99267957661584
1097877,402.99267957661584
1145821,402.99267957661584
1168967,373.37273953705807
1102821,267.02492723476183
1440816,267.02492723476183
1307971,48.767932021816485
1480181,69.80112009217684
1398113,69.80112009217684
1481125,76.45564088850853
1238037,72.91811059349153
1302813,72.91811059349153
1157998,72.91811059349153
1100814,1041.9174258812368
1414249,212.9814107271406
1064239,544.9287496724291
1239602,83.72342200515234
1364760,83.72342200515234
1087470,83.72342200515234
1122068,48.767932021816485
1101824,43.8592119123437
1318121,33.151174695801714
1459062,212.9814107271406
1150712,270.39388162851657
1097552,212.9814107271406
1335537,256.0759837508135
1233535,256.0759837508135
1253969,54.552970886915695
1042781,54.552970886915695
1153942,89.70462824137277
1087640,89.70462824137277
1479828,89.70462824137277
1140662,45.66606664484248
1411918,45.66606664484248
1149789,45.66606664484248
1359316,267.02492723476183
1312063,49.13898965994467
1272016,49.13898965994467
1140449,33.4631605902943
1043355,33.151174695801714
1025691,33.151174695801714
1224186,309.17571821240165
1426162,309.17571821240165
1048220,270.2766389139939
1025558,679.6280553316877
1047097,679.6280553316877
1422931,679.6280553316877
1471480,131.92337591025642
1415987,69.80112009217684
1079860,69.80112009217684
1351993,380.42385538854455
1461917,380.42385538854455
1148180,131.92337591025642
1196301,72.91811059349153
1093029,72.91811059349153
1045723,72.91811059349153
1395446,1041.9174258812368
1231823,317.55939570701025
1218303,545.377690469417
1221218,72.91811059349153
1208015,72.91811059349153
1395932,72.91811059349153
1133957,178.513063500759
1120215,178.513063500759
1061156,178.513063500759
1038221,131.92337591025642
1362836,56.84953417431313
1297712,56.84953417431313
1061253,317.55939570701025
1400730,402.99267957661584
1123458,317.55939570701025
1166811,25.013209964024856
1016126,25.013209964024856
1261795,25.013209964024856
1139004,380.42385538854455
1207970,380.42385538854455
1006063,380.42385538854455
1201464,54.552970886915695
1469353,54.552970886915695
1237384,54.552970886915695
1205460,123.84940510274217
1184746,123.84940510274217
1051349,123.84940510274217
1309800,45.66606664484248
1191930,45.66606664484248
1482127,45.66606664484248
1255449,679.6280553316877
1134444,131.92337591025642
1198260,131.92337591025642
1461834,56.84953417431313
1440765,56.84953417431313
1272010,56.84953417431313
1251272,402.99267957661584
1062635,402.99267957661584
1316515,402.99267957661584
1215917,373.37273953705807
1095872,373.37273953705807
1329014,373.37273953705807
1425452,48.767932021816485
1187938,69.80112009217684
1023244,69.80112009217684
1175478,256.0759837508135
1126925,256.0759837508135
1398366,267.02492723476183
1152312,161.42500067071174
1363630,72.91811059349153
1221495,161.42500067071174
1058161,1041.9174258812368
1049337,212.9814107271406
1227943,544.9287496724291
1224486,72.91811059349153
1304927,72.91811059349153
1011053,83.72342200515234
1286223,83.72342200515234
1283181,83.72342200515234
1067400,48.767932021816485
1441563,43.8592119123437
1418704,33.151174695801714
1000531,309.1097438937725
1044876,270.4663964279498
1370466,270.3361561994475
1174805,206.88397831927205
1488970,206.88397831927205
1305781,89.70462824137277
1009743,45.66606664484248
1029249,77.03313137284691
1347941,49.13898965994467
1493775,49.13898965994467
1419171,33.064874309659736
1301631,43.97285881075489
1434397,43.97285881075489
1320423,309.25859528339623
1125818,309.25859528339623
1491444,270.2189384224288
1440692,373.37273953705807
1143262,373.37273953705807
1429564,373.37273953705807
1403272,48.767932021816485
1336168,69.80112009217684
1103794,69.80112009217684
1100366,256.0759837508135
1231147,358.0794382407501
1318939,267.02492723476183
1323615,72.91811059349153
1400460,72.91811059349153
1267608,161.42500067071174
1254236,1041.9174258812368
1493015,212.9814107271406
1397681,213.62577458661838
1432364,72.91811059349153
1147010,83.72342200515234
1450106,83.72342200515234
1301647,33.064874309659736
1398942,33.151174695801714
1468483,213.62577458661838
1390931,213.62577458661838
1209189,213.62577458661838
1488426,206.88397831927205
1225360,182.86622978738308
1240032,206.88397831927205
1350236,45.66606664484248
1223002,77.03313137284691
1302037,49.13898965994467
1087910,49.13898965994467
1268663,33.064874309659736
1320986,33.151174695801714
1446108,33.151174695801714
1233956,213.62577458661838
1175659,213.62577458661838
1400458,213.62577458661838
1105463,679.6280553316877
1251776,679.6280553316877
1479035,679.6280553316877
1313337,131.92337591025642
1227743,69.80112009217684
1210597,69.80112009217684
1081595,380.42385538854455
1451525,380.42385538854455
1180851,679.6280553316877
1144575,72.91811059349153
1219773,72.91811059349153
1393045,72.91811059349153
1212895,1041.9174258812368
1037638,317.55939570701025
1207482,545.377690469417
1372137,72.91811059349153
1374959,72.91811059349153
1378330,72.91811059349153
1359565,178.513063500759
1321731,178.513063500759
1215039,178.513063500759
1489247,56.84953417431313
1176682,56.84953417431313
1388982,402.99267957661584
1020188,402.99267957661584
1255737,402.99267957661584
1473804,25.013209964024856
1015629,269.0524879976676
1461366,123.84940510274217
1331567,307.7369094479718
1132288,45.66606664484248
1387910,45.66606664484248
1273491,45.66606664484248
1262326,131.92337591025642
1346952,131.92337591025642
1174172,131.92337591025642
1215881,56.84953417431313
1033219,56.84953417431313
1041770,56.84953417431313
1218567,402.99267957661584
1402114,402.99267957661584
1276377,402.99267957661584
1231259,195.89123127808176
1049402,195.89123127808176
1431933,195.89123127808176
1002726,48.767932021816485
1432281,69.80112009217684
1294224,69.80112009217684
1049747,193.96001242441147
1402031,195.95197876648706
1099823,76.45564088850853
1333295,161.42500067071174
1233979,72.91811059349153
1255867,161.42500067071174
1204185,1041.9174258812368
1157387,212.9814107271406
1061848,213.62577458661838
1282758,213.62577458661838
1084106,213.62577458661838
1387632,213.62577458661838
1404581,89.70462824137277
1399873,89.70462824137277
1469693,89.70462824137277
1312840,45.66606664484248
1367681,45.66606664484248
1287575,49.13898965994467
1158242,33.151174695801714
1042443,33.151174695801714
1445581,33.151174695801714
1446321,213.62577458661838
1080016,213.62577458661838
1456847,213.62577458661838
1035890,367.66451142142944
1482218,367.66451142142944
1011587,367.66451142142944
1075257,69.80112009217684
1388606,69.80112009217684
1294557,303.19865009999285
1144032,303.19865009999285
1352556,76.45564088850853
1379192,161.42500067071174
1147337,72.91811059349153
1059909,72.91811059349153
1499828,1041.9174258812368
1128779,212.9814107271406
1356527,213.62577458661838
1144794,83.72342200515234
1493213,83.72342200515234
1474599,33.064874309659736
1471305,33.064874309659736
1230194,213.62577458661838
1278981,213.62577458661838
1424334,213.62577458661838
1132799,89.70462824137277
1167044,89.70462824137277
1478019,89.70462824137277
1271271,45.66606664484248
1290510,77.03313137284691
1049307,49.13898965994467
1238277,33.151174695801714
1266690,33.151174695801714
1199433,33.151174695801714
1088470,213.62577458661838
1324588,213.62577458661838
1060321,213.62577458661838
1310566,679.6280553316877
1225001,679.6280553316877
1226502,679.6280553316877
1287196,131.92337591025642
1071387,69.80112009217684
1328779,380.42385538854455
1031721,380.42385538854455
1388615,131.92337591025642
1314481,72.91811059349153
1108889,72.91811059349153
1300350,72.91811059349153
1358310,1041.9174258812368
1356066,317.55939570701025
1431400,545.377690469417
1311218,72.91811059349153
1182403,72.91811059349153
1116567,72.91811059349153
1377731,178.513063500759
1167940,178.513063500759
1302524,178.513063500759
1169331,131.92337591025642
1359107,56.84953417431313
1085144,317.55939570701025
1028427,402.99267957661584
1021678,317.55939570701025
1476370,25.013209964024856
1371620,380.42385538854455
1062346,380.42385538854455
1049778,380.42385538854455
1222112,54.552970886915695
1028218,54.552970886915695
1102147,54.552970886915695
1033765,123.84940510274217
1398637,123.84940510274217
1424899,123.84940510274217
1003967,45.66606664484248
1216755,45.66606664484248
1382848,679.6280553316877
1006636,131.92337591025642
1255187,131.92337591025642
1002825,56.84953417431313
1432434,56.84953417431313
1458669,56.84953417431313
1136618,317.55939570701025
1298435,317.55939570701025
1017459,402.99267957661584
1480827,198.93980261403385
1299518,198.93980261403385
1176115,198.93980261403385
1215512,48.767932021816485
1356082,69.80112009217684
1133587,69.80112009217684
1386654,195.35389498349699
1123716,195.35389498349699
1109478,76.45564088850853
1438311,72.91811059349153
1114154,72.91811059349153
1150037,72.91811059349153
1066068,1041.9174258812368
1351758,317.55939570701025
1435257,544.9287496724291
1112290,72.91811059349153
1402527,72.91811059349153
1443517,83.72342200515234
1020688,48.767932021816485
1113888,317.55939570701025
1307127,270.3361561994475
1497480,317.55939570701025
1451868,25.013209964024856
1252788,77.03313137284691
1408863,77.03313137284691
1208940,195.35389498349699
1466302,54.552970886915695
1303316,54.552970886915695
1158006,54.552970886915695
1384034,123.84940510274217
1309594,123.84940510274217
1346198,123.84940510274217
1352497,45.66606664484248
1362391,195.52984354398447
1027892,49.13898965994467
1418720,49.13898965994467
1310185,33.151174695801714
1445820,33.151174695801714
1050364,309.1097438937725
1249726,309.1097438937725
1337606,270.2189384224288
1475476,288.51677607585594
1453888,288.51677607585594
1305515,288.51677607585594
1140432,48.767932021816485
1239456,69.80112009217684
1070446,240.12519764868443
1119188,285.587156428317
1218581,230.2787543177377
1370288,72.91811059349153
1375139,161.42500067071174
1031326,72.91811059349153
1405867,1041.9174258812368
1028118,317.55939570701025
1044889,544.9287496724291
1481854,72.91811059349153
1373268,72.91811059349153
1246191,72.91811059349153
1469635,83.72342200515234
1141599,83.72342200515234
1206791,83.72342200515234
1227566,43.8592119123437
1176711,33.151174695801714
1071025,309.1097438937725
1098869,270.4663964279498
1134748,270.3361561994475
1431191,25.013209964024856
1321009,25.013209964024856
1014062,123.84940510274217
1296580,123.84940510274217
1286715,307.7369094479718
1281292,45.66606664484248
1172572,45.66606664484248
1374201,77.03313137284691
1263233,49.13898965994467
1481851,49.13898965994467
1245821,33.064874309659736
1330516,33.151174695801714
1321932,33.151174695801714
1237549,309.25859528339623
1146827,309.25859528339623
1457955,270.2189384224288
1084735,679.6280553316877
1372396,679.6280553316877
1496028,679.6280553316877
1296951,131.92337591025642
1118153,69.80112009217684
1402941,380.42385538854455
1484875,380.42385538854455
1198850,131.92337591025642
1283683,161.42500067071174
1356046,161.42500067071174
1224330,72.91811059349153
1090698,1041.9174258812368
1295691,317.55939570701025
1292802,545.377690469417
1475126,72.91811059349153
1429767,72.91811059349153
1020680,178.513063500759
1356602,178.513063500759
1199633,178.513063500759
1217087,131.92337591025642
1033763,56.84953417431313
1150992,56.84953417431313
1014413,402.99267957661584
1327452,402.99267957661584
1319045,402.99267957661584
1051015,25.013209964024856
1243278,25.013209964024856
1285602,25.013209964024856
1019836,123.84940510274217
1352515,123.84940510274217
1282703,123.84940510274217
1394147,45.66606664484248
1376159,45.66606664484248
1025888,45.66606664484248
1318041,131.92337591025642
1391652,131.92337591025642
1486220,131.92337591025642
1360701,56.84953417431313
1270031,56.84953417431313
1438003,56.84953417431313
1120877,402.99267957661584
1489926,402.99267957661584
1459041,402.99267957661584
1263948,367.66451142142944
1401658,367.66451142142944
1016096,367.66451142142944
1414784,69.80112009217684
1135055,69.80112009217684
1165756,254.25104551803662
1029652,254.25104551803662
1176747,264.80200255916003
1297987,161.5938818171938
1360564,72.91811059349153
1353409,1041.9174258812368
1055062,212.9814107271406
1331601,213.62577458661838
1400538,72.91811059349153
1272139,83.72342200515234
1121842,83.72342200515234
1089929,33.064874309659736
1350289,33.151174695801714
1300844,213.62577458661838
1083292,1041.9174258812368
1360072,1041.9174258812368
1021981,25.013209964024856
1372749,25.013209964024856
1474101,89.70462824137277
1380886,89.70462824137277
1197547,182.86622978738308
1185551,45.66606664484248
1493218,49.13898965994467
1429824,33.151174695801714
1095993,33.151174695801714
1196527,213.62577458661838
1012703,213.62577458661838
1379033,213.62577458661838
1491023,679.6280553316877
1171211,679.6280553316877
1233401,679.6280553316877
1322706,131.92337591025642
1402535,69.80112009217684
1417777,69.80112009217684
1433797,380.42385538854455
1176726,380.42385538854455
1110072,131.92337591025642
1319585,72.91811059349153
1069064,72.91811059349153
1422708,72.91811059349153
1117036,1041.9174258812368
1144316,317.55939570701025
1337096,545.377690469417
1110407,72.91811059349153
1031522,72.91811059349153
1210516,178.513063500759
1282552,178.513063500759
1103032,178.513063500759
1134238,131.92337591025642
1173143,56.84953417431313
1460062,56.84953417431313
1289857,317.55939570701025
1081483,272.88324961034596
1293946,317.55939570701025
1169768,25.013209964024856
1019604,25.013209964024856
1373197,25.013209964024856
1057638,380.42385538854455
1061420,380.42385538854455
1010307,131.92337591025642
1424009,54.552970886915695
1143977,54.552970886915695
1484953,54.552970886915695
1461892,123.84940510274217
1260223,123.84940510274217
1235435,123.84940510274217
1054157,45.66606664484248
1080254,45.66606664484248
1156508,45.66606664484248
1270266,679.6280553316877
1207528,131.92337591025642
1091118,131.92337591025642
1476847,56.84953417431313
1136234,56.84953417431313
1233036,56.84953417431313
1238986,311.8311780426093
1325999,311.8311780426093
1456063,272.88324961034596
1222185,679.6280553316877
1000914,679.6280553316877
1391457,679.6280553316877
1154903,131.92337591025642
1282451,69.80112009217684
1153827,69.80112009217684
1203036,380.42385538854455
1359060,380.42385538854455
1102552,131.92337591025642
1482823,72.91811059349153
1308925,72.91811059349153
1062083,72.91811059349153
1381272,1041.9174258812368
1304391,317.55939570701025
1366625,545.377690469417
1486675,72.91811059349153
1467660,178.513063500759
1417238,178.513063500759
1265645,178.513063500759
1307235,56.84953417431313
1116488,56.84953417431313
1056319,317.55939570701025
1320396,402.99267957661584
1057904,317.55939570701025
1313695,25.013209964024856
1363498,131.92337591025642
1196056,380.42385538854455
1142410,131.92337591025642
1448722,54.552970886915695
1399814,54.552970886915695
1234686,54.552970886915695
1031013,123.84940510274217
1237510,123.84940510274217
1454059,123.84940510274217
1228616,45.66606664484248
1140133,45.66606664484248
1175672,45.66606664484248
1142843,679.6280553316877
1485113,131.92337591025642
1385344,131.92337591025642
1119550,56.84953417431313
1199984,56.84953417431313
1496575,56.84953417431313
1009225,402.99267957661584
1049774,402.99267957661584
1340348,402.99267957661584
1125502,373.37273953705807
1465520,373.37273953705807
1113406,373.37273953705807
1162490,48.767932021816485
1139260,69.80112009217684
1252295,69.80112009217684
1306567,256.0759837508135
1165362,307.53696646081386
1207409,267.02492723476183
1269716,161.5938818171938
1270504,161.42500067071174
1277434,72.91811059349153
1178206,1041.9174258812368
1264587,317.55939570701025
1114439,544.9287496724291
1375688,72.91811059349153
1277972,72.91811059349153
1217436,72.91811059349153
1174466,178.513063500759
1114608,178.513063500759
1293797,178.513063500759
1317154,48.767932021816485
1240320,33.064874309659736
1413250,33.151174695801714
1299662,309.17571821240165
1161052,270.52414956498524
1381124,270.39388162851657
1337395,123.84940510274217
1330452,269.0524879976676
1183080,269.0524879976676
1116990,45.66606664484248
1024218,45.66606664484248
1187068,45.66606664484248
1321905,77.03313137284691
1321815,49.13898965994467
1022883,49.13898965994467
1112746,33.064874309659736
1499105,33.151174695801714
1303623,33.151174695801714
1362036,309.3246012694244
1300135,309.3246012694244
1388988,270.2766389139939
1128508,201.99767683142636
1443272,201.93506461957222
1293085,201.99767683142636
1456990,48.767932021816485
1331381,69.80112009217684
1264789,69.80112009217684
1474583,200.33169986413515
1117604,198.2954371556617
1211899,198.47402156969744
1308012,72.91811059349153
1068633,72.91811059349153
1312066,72.91811059349153
1162592,1041.9174258812368
1202168,212.9814107271406
1251786,544.9287496724291
1444312,83.72342200515234
1349255,83.72342200515234
1140050,33.064874309659736
1289787,33.151174695801714
1491526,309.17571821240165
1487137,270.52414956498524
1071687,270.39388162851657
1300579,182.86622978738308
1171591,182.86622978738308
1055337,182.86622978738308
1473987,45.66606664484248
1399761,45.66606664484248
1274564,77.03313137284691
1269004,49.13898965994467
1110962,49.13898965994467
1227656,33.064874309659736
1419068,43.97285881075489
1463873,33.151174695801714
1402030,309.3246012694244
1146461,309.3246012694244
1309768,270.2766389139939
1024879,195.89123127808176
1195370,195.95197876648706
1432323,195.89123127808176
1192832,69.80112009217684
1139374,69.80112009217684
1251873,193.96001242441147
1425548,76.45564088850853
1420456,72.91811059349153
1386849,72.91811059349153
1367988,1041.9174258812368
1426570,212.9814107271406
1489321,213.62577458661838
1205477,83.72342200515234
1173914,43.8592119123437
1160894,212.9814107271406
1168852,213.62577458661838
1113928,212.9814107271406
1222271,33.064874309659736
1425594,89.70462824137277
1116633,89.70462824137277
1043673,89.70462824137277
1139943,33.151174695801714
1222855,213.62577458661838
1231529,213.62577458661838
1361358,213.62577458661838
1347690,267.02492723476183
1325444,267.02492723476183
1118472,267.02492723476183
1269724,48.767932021816485
1084827,69.80112009217684
1185867,69.80112009217684
1197167,256.0759837508135
1499035,256.0759837508135
1131544,76.45564088850853
1251976,72.91811059349153
1315178,72.91811059349153
1261856,1041.9174258812368
1263106,317.55939570701025
1463681,544.9287496724291
1227492,72.91811059349153
1361780,72.91811059349153
1478158,72.91811059349153
1115766,83.72342200515234
1473259,83.72342200515234
1211035,83.72342200515234
1223903,48.767932021816485
1438832,33.064874309659736
1481698,317.55939570701025
1177597,270.3361561994475
1155127,317.55939570701025
1244735,25.013209964024856
1433866,77.03313137284691
1278599,256.0759837508135
1395217,256.0759837508135
1033551,54.552970886915695
1415100,54.552970886915695
1156808,54.552970886915695
1151999,123.84940510274217
1263309,123.84940510274217
1172110,123.84940510274217
1360848,45.66606664484248
1225582,45.66606664484248
1238226,45.66606664484248
1221492,267.02492723476183
1227242,49.13898965994467
1339516,49.13898965994467
1486528,33.064874309659736
1100757,43.97285881075489
1410218,33.151174695801714
1132798,309.1097438937725
1381030,309.1097438937725
1292348,270.2189384224288
1263998,544.6612396300808
1171030,544.6612396300808
1096804,544.4929369299253
1450673,131.92337591025642
1414571,69.80112009217684
1017270,333.6567896421292
1060387,338.89810098387443
1242119,523.3238485362073
1452755,72.91811059349153
1403191,72.91811059349153
1048938,72.91811059349153
1210751,1041.9174258812368
1189297,317.55939570701025
1164305,544.9287496724291
1111577,72.91811059349153
1041201,72.91811059349153
1286442,72.91811059349153
1245747,178.513063500759
1050380,178.513063500759
1276162,178.513063500759
1088612,131.92337591025642
1245639,43.8592119123437
1133040,33.151174695801714
1353005,309.17571821240165
1482150,270.52414956498524
1001037,270.39388162851657
1259996,25.013209964024856
1304546,307.7369094479718
1032834,307.7369094479718
1255320,123.84940510274217
1245004,45.66606664484248
1197587,45.66606664484248
1197492,45.66606664484248
1454073,131.92337591025642
1190207,131.92337591025642
1092532,131.92337591025642
1138143,33.064874309659736
1321540,33.151174695801714
1297442,309.3246012694244
1136775,309.3246012694244
1352852,270.2766389139939
1138673,679.6280553316877
1175473,679.6280553316877
1325558,679.6280553316877
1301604,131.92337591025642
1339781,69.80112009217684
1495463,69.80112009217684
1362178,380.42385538854455
1025247,380.42385538854455
1445468,131.92337591025642
1435668,72.91811059349153
1121782,72.91811059349153
1355617,72.91811059349153
1258300,1041.9174258812368
1495420,317.55939570701025
1188205,545.377690469417
1261755,72.91811059349153
1205071,72.91811059349153
1192336,72.91811059349153
1468731,178.513063500759
1005332,178.513063500759
1065783,178.513063500759
1201129,131.92337591025642
1380060,56.84953417431313
1483696,56.84953417431313
1047140,317.55939570701025
1277215,272.88324961034596
1490233,317.55939570701025
1088986,25.013209964024856
1301668,380.42385538854455
1036327,380.42385538854455
1290673,380.42385538854455
1316201,54.552970886915695
1179480,54.552970886915695
1387257,54.552970886915695
1450663,123.84940510274217
1392222,123.84940510274217
1203171,123.84940510274217
1450107,45.66606664484248
1053905,45.66606664484248
1461034,45.66606664484248
1439454,679.6280553316877
1424299,131.92337591025642
1287364,131.92337591025642
1127484,56.84953417431313
1436002,56.84953417431313
1038852,56.84953417431313
1173767,311.8311780426093
1154170,311.8311780426093
1316352,272.88324961034596
1271542,195.89123127808176
1104690,195.89123127808176
1403213,195.89123127808176
1115564,48.767932021816485
1019496,69.80112009217684
1266012,69.80112009217684
1314952,195.95197876648706
1294366,193.96001242441147
1420814,193.89987933426218
1240207,161.42500067071174
1079149,72.91811059349153
1017146,72.91811059349153
1203613,1041.9174258812368
1107845,212.9814107271406
1143676,213.62577458661838
1103583,83.72342200515234
1145942,83.72342200515234
1148385,33.064874309659736
1156704,33.151174695801714
1026147,213.62577458661838
1287164,213.62577458661838
1116620,213.62577458661838
1325619,25.013209964024856
1421430,89.70462824137277
1061575,182.86622978738308
1337054,206.88397831927205
1316677,77.03313137284691
1167018,33.064874309659736
1314631,43.97285881075489
1492637,33.151174695801714
1061472,213.62577458661838
1066515,213.62577458661838
1000237,213.62577458661838
1095601,265.4532736928047
1251129,264.80200255916003
1193459,264.80200255916003
1352845,48.767932021816485
1394938,69.80112009217684
1107553,69.80112009217684
1413805,254.25104551803662
1458659,76.45564088850853
1441231,72.91811059349153
1162420,72.91811059349153
1271507,72.91811059349153
1413046,1041.9174258812368
1089623,212.9814107271406
1491051,213.62577458661838
1490279,72.91811059349153
1194113,72.91811059349153
1124427,83.72342200515234
1487219,83.72342200515234
1350558,83.72342200515234
1449547,48.767932021816485
1207523,33.064874309659736
1374767,212.9814107271406
1062397,213.62577458661838
1128597,212.9814107271406
1065924,25.013209964024856
1441542,254.25104551803662
1257698,254.25104551803662
1444290,254.25104551803662
1451414,54.552970886915695
1043957,54.552970886915695
1373757,89.70462824137277
1219727,89.70462824137277
1318474,89.70462824137277
1219711,45.66606664484248
1036885,45.66606664484248
1068866,45.66606664484248
1188384,264.80200255916003
1295157,49.13898965994467
1381768,49.13898965994467
1488755,33.064874309659736
1237785,33.151174695801714
1430193,33.151174695801714
1251853,213.62577458661838
1147826,213.62577458661838
1133252,213.62577458661838
1341789,679.6280553316877
1280894,679.6280553316877
1159601,679.6280553316877
1045452,131.92337591025642
1494843,69.80112009217684
1076974,69.80112009217684
1349421,380.42385538854455
1274572,380.42385538854455
1432042,131.92337591025642
1338612,72.91811059349153
1046381,72.91811059349153
1241247,1041.9174258812368
1294489,317.55939570701025
1185615,545.377690469417
1443391,72.91811059349153
1216208,72.91811059349153
1149470,178.513063500759
1002439,178.513063500759
1115754,178.513063500759
1405315,131.92337591025642
1220660,56.84953417431313
1339963,56.84953417431313
1073468,317.55939570701025
1288220,272.88324961034596
1354149,317.55939570701025
1320422,25.013209964024856
1153097,25.013209964024856
1287733,380.42385538854455
1322822,380.42385538854455
1086325,380.42385538854455
1308336,54.552970886915695
1368778,54.552970886915695
1208742,54.552970886915695
1237123,123.84940510274217
1105577,123.84940510274217
1201804,123.84940510274217
1036178,45.66606664484248
1226196,45.66606664484248
1158425,45.66606664484248
1494002,679.6280553316877
1056075,131.92337591025642
1237960,131.92337591025642
1427037,56.84953417431313
1450481,56.84953417431313
1363262,56.84953417431313
1417288,311.8311780426093
1141529,311.8311780426093
1498763,272.88324961034596
1368952,195.95197876648706
1442046,195.95197876648706
1013564,195.89123127808176
1145496,48.767932021816485
1469983,193.89987933426218
1356790,72.91811059349153
1292764,72.91811059349153
1213627,72.91811059349153
1182264,1041.9174258812368
1098551,212.9814107271406
1079642,213.62577458661838
1179564,83.72342200515234
1025744,83.72342200515234
1183189,83.72342200515234
1184297,33.151174695801714
1093850,213.62577458661838
1330035,213.62577458661838
1450161,213.62577458661838
1346626,89.70462824137277
1055652,206.88397831927205
1195185,206.88397831927205
1148634,45.66606664484248
1278952,45.66606664484248
1067294,45.66606664484248
1046741,77.03313137284691
1265951,49.13898965994467
1300214,33.151174695801714
1107432,33.151174695801714
1463183,213.62577458661838
1281332,213.62577458661838
1292460,213.62577458661838
1197323,679.6280553316877
1071315,679.6280553316877
1076174,679.6280553316877
1246394,131.92337591025642
1103208,69.80112009217684
1237425,69.80112009217684
1497568,380.42385538854455
1133254,380.42385538854455
1204857,131.92337591025642
1217303,72.91811059349153
1356618,72.91811059349153
1437446,72.91811059349153
1214026,1041.9174258812368
1446810,317.55939570701025
1148475,545.377690469417
1295424,72.91811059349153
1420350,72.91811059349153
1449451,72.91811059349153
1148750,178.513063500759
1215972,178.513063500759
1323629,56.84953417431313
1102858,56.84953417431313
1081770,56.84953417431313
1471166,402.99267957661584
1067847,402.99267957661584
1427690,402.99267957661584
1317813,25.013209964024856
1043065,25.013209964024856
1100547,123.84940510274217
1278379,123.84940510274217
1239530,123.84940510274217
1233374,45.66606664484248
1431065,45.66606664484248
1463915,131.92337591025642
1117031,131.92337591025642
1187963,131.92337591025642
1223264,56.84953417431313
1297409,56.84953417431313
1208972,56.84953417431313
1102430,402.99267957661584
1474898,402.99267957661584
1291095,402.99267957661584
1028916,373.37273953705807
1124463,373.37273953705807
1340396,373.37273953705807
1222836,48.767932021816485
1013437,69.80112009217684
1456018,307.53696646081386
1036876,307.53696646081386
1486601,267.02492723476183
1238863,161.42500067071174
1042125,72.91811059349153
1482372,72.91811059349153
1053604,1041.9174258812368
1056436,212.9814107271406
1271238,213.62577458661838
1142944,72.91811059349153
1068268,83.72342200515234
1323791,83.72342200515234
1227936,48.767932021816485
1027805,33.064874309659736
1302218,213.62577458661838
1459589,213.62577458661838
1144960,213.62577458661838
1162539,25.013209964024856
1319182,89.70462824137277
1274740,89.70462824137277
1071305,89.70462824137277
1057456,45.66606664484248
1348911,77.03313137284691
1315441,49.13898965994467
1346976,49.13898965994467
1359818,33.151174695801714
1066167,43.97285881075489
1478541,213.62577458661838
1426278,213.62577458661838
1455569,213.62577458661838
1291439,679.6280553316877
1466747,679.6280553316877
1381463,679.6280553316877
1024922,131.92337591025642
1498440,69.80112009217684
1133390,69.80112009217684
1065475,380.42385538854455
1316995,380.42385538854455
1391805,131.92337591025642
1166168,72.91811059349153
1304194,72.91811059349153
1171600,72.91811059349153
1289811,1041.9174258812368
1410167,317.55939570701025
1222485,545.377690469417
1273699,72.91811059349153
1124837,178.513063500759
1071845,178.513063500759
1129187,178.513063500759
1040528,131.92337591025642
1011546,56.84953417431313
1317257,56.84953417431313
1296819,317.55939570701025
1477335,402.99267957661584
1064636,317.55939570701025
1378578,25.013209964024856
1396028,25.013209964024856
1437845,25.013209964024856
1210423,131.92337591025642
1214700,380.42385538854455
1417694,131.92337591025642
1408893,54.552970886915695
1255517,54.552970886915695
1490021,54.552970886915695
1044217,123.84940510274217
1102828,123.84940510274217
1308103,123.84940510274217
1029438,45.66606664484248
1147448,45.66606664484248
1180567,45.66606664484248
1055471,679.6280553316877
1364734,131.92337591025642
1172936,131.92337591025642
1233491,56.84953417431313
1218270,56.84953417431313
1397443,56.84953417431313
1493367,402.99267957661584
1100337,402.99267957661584
1464291,402.99267957661584
1205352,373.37273953705807
1488828,373.37273953705807
1081336,373.37273953705807
1352120,48.767932021816485
1441344,69.80112009217684
1392642,69.80112009217684
1305871,256.0759837508135
1367679,285.56163250010746
1227524,267.02492723476183
1102349,72.91811059349153
1153179,161.42500067071174
1098178,72.91811059349153
1414645,1041.9174258812368
1327982,317.55939570701025
1344090,544.9287496724291
1090713,72.91811059349153
1271005,72.91811059349153
1453811,72.91811059349153
1476364,178.513063500759
1011568,178.513063500759
1267896,33.064874309659736
1219427,33.064874309659736
1078903,33.151174695801714
1066252,309.17571821240165
1489889,270.52414956498524
1355379,270.39388162851657
1269505,25.013209964024856
1395715,25.013209964024856
1176424,25.013209964024856
1143026,307.7369094479718
1413929,307.7369094479718
1335032,269.0524879976676
1441521,45.66606664484248
1246340,45.66606664484248
1010649,45.66606664484248
1226646,77.03313137284691
1238200,49.13898965994467
1422436,49.13898965994467
1103810,33.064874309659736
1389176,33.151174695801714
1422043,309.3246012694244
1046510,309.3246012694244
1251652,270.2766389139939
1020182,373.37273953705807
1106208,373.37273953705807
1019222,373.37273953705807
1224601,48.767932021816485
1412784,69.80112009217684
1483334,256.0759837508135
1115459,284.8980821156078
1340117,267.02492723476183
1444837,72.91811059349153
1197741,161.5938818171938
1499162,161.5938818171938
1042279,1041.9174258812368
1278195,317.55939570701025
1418429,544.9287496724291
1456270,72.91811059349153
1360411,72.91811059349153
1004505,83.72342200515234
1433634,83.72342200515234
1298996,83.72342200515234
1227612,48.767932021816485
1442439,43.8592119123437
1071851,33.151174695801714
1415551,309.17571821240165
1303923,270.52414956498524
1338978,270.39388162851657
1346333,25.013209964024856
1138796,25.013209964024856
1090656,123.84940510274217
1294117,269.0524879976676
1039342,123.84940510274217
1254043,45.66606664484248
1227283,45.66606664484248
1084326,45.66606664484248
1222544,77.03313137284691
1312264,49.13898965994467
1334845,49.13898965994467
1033531,33.064874309659736
1296537,33.151174695801714
1339243,43.97285881075489
1129395,309.3246012694244
1064304,309.3246012694244
1185689,270.2766389139939
1196516,679.6280553316877
1171196,679.6280553316877
1435184,679.6280553316877
1183910,131.92337591025642
1259803,69.80112009217684
1026735,380.42385538854455
1369293,380.42385538854455
1295180,679.6280553316877
1209709,161.42500067071174
1342487,161.5938818171938
1078164,72.91811059349153
1120902,1041.9174258812368
1034243,317.55939570701025
1352451,545.377690469417
1495918,178.513063500759
1011382,178.513063500759
1259767,178.513063500759
1362892,56.84953417431313
1325722,56.84953417431313
1084175,311.8311780426093
1388369,272.88324961034596
1276621,272.88324961034596
1259464,25.013209964024856
1033678,25.013209964024856
1087374,25.013209964024856
1121365,123.84940510274217
1100902,123.84940510274217
1309141,123.84940510274217
1250190,45.66606664484248
1029979,45.66606664484248
1179024,131.92337591025642
1340245,131.92337591025642
1107277,131.92337591025642
1267082,56.84953417431313
1219309,56.84953417431313
1408207,56.84953417431313
1230994,311.8311780426093
1251881,311.8311780426093
1253118,272.88324961034596
1462434,373.37273953705807
1101243,373.37273953705807
1421375,373.37273953705807
1270557,48.767932021816485
1235260,69.80112009217684
1181176,69.80112009217684
1374528,256.0759837508135
1413988,256.0759837508135
1452750,267.02492723476183
1062304,72.91811059349153
1253336,72.91811059349153
1071558,72.91811059349153
1103361,1041.9174258812368
1295266,212.9814107271406
1485137,544.9287496724291
1344143,72.91811059349153
1322258,72.91811059349153
1368908,83.72342200515234
1283324,83.72342200515234
1074093,83.72342200515234
1170957,43.8592119123437
1209068,33.151174695801714
1145750,309.1097438937725
1346301,270.3361561994475
1150554,270.3361561994475
1121159,25.013209964024856
1448035,25.013209964024856
1022510,89.70462824137277
1283164,89.70462824137277
1123675,89.70462824137277
1024014,45.66606664484248
1456445,55.08708073452144
1395822,49.13898965994467
1053628,49.13898965994467
1059512,33.151174695801714
1163145,43.97285881075489
1057817,309.1097438937725
1203757,309.25859528339623
1014859,270.2189384224288
1068765,198.8408231880495
1210591,198.9024807235865
1461262,198.9024807235865
1039490,48.767932021816485
1059392,69.80112009217684
1329687,196.88067309416985
1008542,196.88067309416985
1438726,76.45564088850853
1100984,72.91811059349153
1376640,72.91811059349153
1268664,72.91811059349153
1114795,1041.9174258812368
1022568,212.9814107271406
1173940,213.62577458661838
1185125,72.91811059349153
1478252,83.72342200515234
1072315,48.767932021816485
1317402,33.064874309659736
1249595,43.97285881075489
1403728,212.9814107271406
1214542,213.62577458661838
1237409,212.9814107271406
1322645,196.88067309416985
1333229,196.88067309416985
1358531,54.552970886915695
1165991,54.552970886915695
1213797,54.552970886915695
1318590,89.70462824137277
1415430,89.70462824137277
1239796,89.70462824137277
1000846,45.66606664484248
1328041,45.66606664484248
1098339,45.66606664484248
1147425,196.81963916107793
1169837,49.13898965994467
1338998,49.13898965994467
1487636,33.064874309659736
1042647,33.151174695801714
1298612,33.151174695801714
1392880,213.62577458661838
1075316,213.62577458661838
1161161,213.62577458661838
1237961,267.02492723476183
1392549,267.02492723476183
1197527,267.02492723476183
1149086,48.767932021816485
1149006,69.80112009217684
1104094,69.80112009217684
1355437,256.0759837508135
1096576,76.45564088850853
1104719,72.91811059349153
1149262,72.91811059349153
1333249,72.91811059349153
1130820,1041.9174258812368
1426907,212.9814107271406
1114099,213.62577458661838
1101134,72.91811059349153
1143725,83.72342200515234
1037961,83.72342200515234
1184480,83.72342200515234
1200526,48.767932021816485
1189724,33.064874309659736
1088619,33.151174695801714
1062207,212.9814107271406
1366903,213.62577458661838
1164828,212.9814107271406
1017091,25.013209964024856
1385751,256.0759837508135
1357786,256.0759837508135
1440248,358.0794382407501
1408109,54.552970886915695
1181673,54.552970886915695
1157233,89.70462824137277
1041296,89.70462824137277
1034404,89.70462824137277
1438842,45.66606664484248
1100085,45.66606664484248
1153425,45.66606664484248
1050157,267.02492723476183
1410654,49.13898965994467
1206736,49.13898965994467
1337583,33.064874309659736
1279988,33.151174695801714
1033103,33.151174695801714
1049464,213.62577458661838
1199908,213.62577458661838
1097467,213.62577458661838
1214923,267.02492723476183
1288038,267.02492723476183
1009805,267.02492723476183
1043811,48.767932021816485
1497981,69.80112009217684
1382163,69.80112009217684
1472622,256.0759837508135
1355785,76.45564088850853
1123761,72.91811059349153
1030670,72.91811059349153
1032702,72.91811059349153
1332843,1041.9174258812368
1034380,212.9814107271406
1356967,544.9287496724291
1365220,72.91811059349153
1154695,83.72342200515234
1432128,83.72342200515234
1029816,48.767932021816485
1320982,33.064874309659736
1476539,33.151174695801714
1326947,212.9814107271406
1200214,270.3361561994475
1442240,212.9814107271406
1042596,25.013209964024856
1404746,256.0759837508135
1228452,77.03313137284691
1206354,256.0759837508135
1147372,54.552970886915695
1354178,54.552970886915695
1141635,89.70462824137277
1145169,89.70462824137277
1258734,89.70462824137277
1471735,45.66606664484248
1069886,45.66606664484248
1326502,267.02492723476183
1221638,49.13898965994467
1198759,49.13898965994467
1375131,33.064874309659736
1224238,33.151174695801714
1221523,33.151174695801714
1439739,309.1097438937725
1042424,309.1097438937725
1029599,270.2189384224288
1287421,198.8408231880495
1242389,198.9024807235865
1463854,198.8408231880495
1452732,48.767932021816485
1130326,69.80112009217684
1412128,69.80112009217684
1479594,196.81963916107793
1214594,198.8408231880495
1339369,196.88067309416985
1207746,161.42500067071174
1239703,161.42500067071174
1193256,161.42500067071174
1046609,1041.9174258812368
1469797,212.9814107271406
1007589,1041.9174258812368
1030237,83.72342200515234
1048552,83.72342200515234
1261208,83.72342200515234
1032114,33.064874309659736
1459844,33.064874309659736
1103124,213.62577458661838
1123616,213.62577458661838
1118851,213.62577458661838
1029384,25.013209964024856
1059545,89.70462824137277
1133680,182.86622978738308
1143822,182.86622978738308
1258953,77.03313137284691
1147536,33.064874309659736
1496509,33.151174695801714
1125901,213.62577458661838
1349727,213.62577458661838
1105654,213.62577458661838
1185266,292.9446382298154
1158968,292.85397451262736
1188416,292.85397451262736
1111518,76.45564088850853
1178819,69.80112009217684
1313703,231.3681305111564
1271657,289.8804667632378
1370620,233.67109565607413
1367996,72.91811059349153
1199233,72.91811059349153
1315046,161.5938818171938
1126752,1041.9174258812368
1167571,212.9814107271406
1253177,544.9287496724291
1473278,72.91811059349153
1030576,72.91811059349153
1008950,83.72342200515234
1161328,83.72342200515234
1366614,83.72342200515234
1420343,33.064874309659736
1401716,33.064874309659736
1034463,309.17571821240165
1459181,270.52414956498524
1472537,270.39388162851657
1029223,25.013209964024856
1014001,25.013209964024856
1172393,206.88397831927205
1408387,206.88397831927205
1095882,89.70462824137277
1311631,45.66606664484248
1188123,45.66606664484248
1265203,77.03313137284691
1220082,49.13898965994467
1218623,49.13898965994467
1168970,33.151174695801714
1398181,43.97285881075489
1486532,309.3246012694244
1154017,309.3246012694244
1451903,270.2766389139939
1064432,373.37273953705807
1491157,373.37273953705807
1336992,373.37273953705807
1335339,48.767932021816485
1450157,69.80112009217684
1372817,69.80112009217684
1006721,256.0759837508135
1099484,256.0759837508135
1154377,267.02492723476183
1128260,72.91811059349153
1463395,72.91811059349153
1386594,161.5938818171938
1152041,1041.9174258812368
1083613,317.55939570701025
1483098,544.9287496724291
1425233,72.91811059349153
1439261,72.91811059349153
1034544,83.72342200515234
1341848,83.72342200515234
1314386,83.72342200515234
1484884,48.767932021816485
1392433,33.064874309659736
1203390,33.151174695801714
1368561,309.1097438937725
1439399,270.4663964279498
1330753,270.3361561994475
1289695,25.013209964024856
1000917,25.013209964024856
1117017,307.7369094479718
1411936,269.0524879976676
1197753,123.84940510274217
1434413,45.66606664484248
1148023,45.66606664484248
1082409,45.66606664484248
1293237,77.03313137284691
1445108,49.13898965994467
1310014,49.13898965994467
1419886,33.064874309659736
1479835,33.151174695801714
1154396,33.151174695801714
1208468,309.25859528339623
1273334,309.25859528339623
1272194,270.2189384224288
1224780,198.93980261403385
1023588,199.00149068801363
1457003,198.93980261403385
1103267,48.767932021816485
1005699,69.80112009217684
1168482,69.80112009217684
1430711,197.36010305190408
1065731,198.69918736097407
1163733,76.45564088850853
1398280,72.91811059349153
1192516,72.91811059349153
1400213,72.91811059349153
1299196,1041.9174258812368
1083942,212.9814107271406
1354132,213.62577458661838
1303575,83.72342200515234
1415045,83.72342200515234
1194852,33.064874309659736
1389923,213.62577458661838
1395200,213.62577458661838
1159747,213.62577458661838
1016413,89.70462824137277
1045480,89.70462824137277
1009769,89.70462824137277
1008610,45.66606664484248
1161665,45.66606664484248
1151982,77.03313137284691
1147300,49.13898965994467
1173280,33.151174695801714
1227442,33.151174695801714
1170531,33.151174695801714
1180811,213.62577458661838
1078277,213.62577458661838
1169715,213.62577458661838
1125817,373.37273953705807
1115717,373.37273953705807
1422806,373.37273953705807
1137125,48.767932021816485
1246695,69.80112009217684
1416785,69.80112009217684
1165233,256.0759837508135
1365529,307.53696646081386
1387837,267.02492723476183
1481394,72.91811059349153
1275299,72.91811059349153
1220398,72.91811059349153
1376094,1041.9174258812368
1221119,317.55939570701025
1486316,544.9287496724291
1169548,72.91811059349153
1292156,83.72342200515234
1289077,83.72342200515234
1017902,83.72342200515234
1047032,48.767932021816485
1334195,43.8592119123437
1449238,33.151174695801714
1462226,309.1097438937725
1110599,270.4663964279498
1120407,270.3361561994475
1094241,25.013209964024856
1022118,25.013209964024856
1309812,25.013209964024856
1279959,123.84940510274217
1285662,123.84940510274217
1178714,269.0524879976676
1030887,45.66606664484248
1367692,45.66606664484248
1150034,77.03313137284691
1064510,49.13898965994467
1468089,49.13898965994467
1348806,33.064874309659736
1146102,43.97285881075489
1372716,33.151174695801714
1110318,309.25859528339623
1307651,309.25859528339623
1323243,270.2189384224288
1437787,679.6280553316877
1125403,679.6280553316877
1072156,679.6280553316877
1131468,131.92337591025642
1222532,69.80112009217684
1385955,69.80112009217684
1097637,380.42385538854455
1460731,380.42385538854455
1375965,131.92337591025642
1494614,72.91811059349153
1025904,72.91811059349153
1026720,161.42500067071174
1386627,1041.9174258812368
1041527,317.55939570701025
1499718,545.377690469417
1183053,72.91811059349153
1173743,72.91811059349153
1064559,178.513063500759
1188222,178.513063500759
1050683,178.513063500759
1426515,56.84953417431313
1390694,56.84953417431313
1050250,56.84953417431313
1132122,402.99267957661584
1366613,402.99267957661584
1175679,402.99267957661584
1350344,123.84940510274217
1021170,123.84940510274217
1277356,123.84940510274217
1359094,45.66606664484248
1292839,45.66606664484248
1200593,45.66606664484248
1229308,131.92337591025642
1236996,131.92337591025642
1388915,131.92337591025642
1290145,56.84953417431313
1476878,56.84953417431313
1493038,56.84953417431313
1419496,402.99267957661584
1185819,402.99267957661584
1311217,402.99267957661584
1040148,679.6280553316877
1472394,679.6280553316877
1142405,679.6280553316877
1426060,131.92337591025642
1261480,69.80112009217684
1496005,69.80112009217684
1147802,380.42385538854455
1076052,380.42385538854455
1208254,131.92337591025642
1175851,72.91811059349153
1243524,72.91811059349153
1094528,72.91811059349153
1394930,1041.9174258812368
1220371,317.55939570701025
1103470,545.377690469417
1090382,72.91811059349153
1173801,72.91811059349153
1226125,178.513063500759
1235095,178.513063500759
1472456,178.513063500759
1437219,131.92337591025642
1464615,56.84953417431313
1025401,56.84953417431313
1311616,317.55939570701025
1174345,402.99267957661584
1412376,317.55939570701025
1427225,25.013209964024856
1254841,380.42385538854455
1011620,380.42385538854455
1390394,380.42385538854455
1149007,54.552970886915695
1145032,54.552970886915695
1076556,54.552970886915695
1173991,123.84940510274217
1263993,123.84940510274217
1074690,123.84940510274217
1414178,45.66606664484248
1130627,45.66606664484248
1057329,45.66606664484248
1398579,679.6280553316877
1070444,131.92337591025642
1087198,131.92337591025642
1398464,56.84953417431313
1071854,56.84953417431313
1417728,402.99267957661584
1176281,402.99267957661584
1041529,402.99267957661584
1089638,288.51677607585594
1247963,288.51677607585594
1267677,288.51677607585594
1424279,69.80112009217684
1340502,69.80112009217684
1210708,227.93844508974954
1417327,227.93844508974954
1340562,76.45564088850853
1043894,72.91811059349153
1131561,161.42500067071174
1161246,161.5938818171938
1472239,1041.9174258812368
1364193,212.9814107271406
1165142,544.9287496724291
1025825,72.91811059349153
1119655,72.91811059349153
1409352,72.91811059349153
1011235,83.72342200515234
1401680,83.72342200515234
1011082,48.767932021816485
1005003,33.151174695801714
1010212,309.1097438937725
1074355,270.3361561994475
1130959,270.3361561994475
1368829,25.013209964024856
1123975,25.013209964024856
1192829,89.70462824137277
1149857,89.70462824137277
1227644,89.70462824137277
1215697,45.66606664484248
1209430,45.66606664484248
1392873,77.03313137284691
1315254,49.13898965994467
1336018,49.13898965994467
1074202,43.97285881075489
1462286,33.151174695801714
1179301,309.1097438937725
1083181,309.1097438937725
1208582,270.2189384224288
1241167,201.93506461957222
1003833,201.99767683142636
1489688,201.93506461957222
1381727,48.767932021816485
1296465,69.80112009217684
1147384,200.26960150300343
1335237,201.22150213091507
1118931,76.45564088850853
1110951,161.42500067071174
1362616,72.91811059349153
1094290,72.91811059349153
1223297,1041.9174258812368
1368957,317.55939570701025
1478969,544.9287496724291
1257221,83.72342200515234
1009115,83.72342200515234
1436155,33.064874309659736
1376514,33.151174695801714
1383176,309.17571821240165
1115697,270.39388162851657
1052413,270.39388162851657
1275961,25.013209964024856
1199834,123.84940510274217
1435790,123.84940510274217
1415547,123.84940510274217
1111818,77.03313137284691
1472842,49.13898965994467
1462914,33.151174695801714
1434050,33.151174695801714
1474990,33.151174695801714
1219655,309.17571821240165
1121115,309.17571821240165
1464457,270.2766389139939
1187185,373.37273953705807
1460906,373.37273953705807
1218544,373.37273953705807
1480130,48.767932021816485
1462202,69.80112009217684
1115897,69.80112009217684
1318291,256.70587429248826
1172875,256.0759837508135
1106965,76.45564088850853
1300394,161.5938818171938
1036389,72.91811059349153
1223120,161.42500067071174
1133184,1041.9174258812368
1149204,212.9814107271406
1261923,544.9287496724291
1109687,83.72342200515234
1382684,83.72342200515234
1259575,83.72342200515234
1011377,33.064874309659736
1420788,43.8592119123437
1334493,43.97285881075489
1099449,309.17571821240165
1105191,270.39388162851657
1254705,270.39388162851657
1007028,25.013209964024856
1022780,25.013209964024856
1441001,89.70462824137277
1103152,89.70462824137277
1288980,89.70462824137277
1216596,45.66606664484248
1325331,45.66606664484248
1162888,45.66606664484248
1303408,77.03313137284691
1090414,49.13898965994467
1367705,49.13898965994467
1048783,33.151174695801714
1172140,33.151174695801714
1357754,33.151174695801714
1118090,309.17571821240165
1226464,309.17571821240165
1271942,270.2766389139939
1294491,267.02492723476183
1313402,267.02492723476183
1350481,267.02492723476183
1202692,69.80112009217684
1244220,69.80112009217684
1433034,256.0759837508135
1436473,256.0759837508135
1290934,76.45564088850853
1075015,72.91811059349153
1102718,72.91811059349153
1104390,72.91811059349153
1329788,1041.9174258812368
1117768,212.9814107271406
1456785,544.9287496724291
1376399,72.91811059349153
1193062,72.91811059349153
1157236,83.72342200515234
1223887,83.72342200515234
1499341,83.72342200515234
1239147,33.064874309659736
1291651,33.151174695801714
1261253,212.9814107271406
1403075,270.3361561994475
1358256,212.9814107271406
1417531,25.013209964024856
1492568,256.0759837508135
1085139,256.0759837508135
1134530,256.0759837508135
1363760,54.552970886915695
1192217,54.552970886915695
1025002,54.552970886915695
1342290,89.70462824137277
1166888,89.70462824137277
1336847,89.70462824137277
1164425,45.66606664484248
1204806,45.66606664484248
1488904,45.66606664484248
1254679,267.02492723476183
1217865,49.13898965994467
1293685,49.13898965994467
1448221,33.064874309659736
1024888,43.97285881075489
1166881,43.97285881075489
1048695,309.1097438937725
1329364,309.1097438937725
1205283,270.2189384224288
1133545,201.93506461957222
1355523,201.93506461957222
1132342,200.51210892999336
1231048,69.80112009217684
1488603,69.80112009217684
1158290,198.2954371556617
1450540,198.2954371556617
1152498,76.45564088850853
1082562,72.91811059349153
1421095,72.91811059349153
1431676,72.91811059349153
1021222,1041.9174258812368
1343834,212.9814107271406
1338180,544.9287496724291
1051784,83.72342200515234
1139987,83.72342200515234
1170446,83.72342200515234
1123143,48.767932021816485
1210067,33.064874309659736
1227375,33.151174695801714
1096407,212.9814107271406
1279677,270.39388162851657
1137033,212.9814107271406
1411185,25.013209964024856
1311428,77.03313137284691
1442262,198.2954371556617
1120664,54.552970886915695
1010064,54.552970886915695
1474460,54.552970886915695
1226838,89.70462824137277
1267008,89.70462824137277
1147761,89.70462824137277
1358808,45.66606664484248
1486204,198.5355659347451
1224794,49.13898965994467
1076736,49.13898965994467
1485303,33.064874309659736
1408716,33.151174695801714
1033868,309.17571821240165
1230803,309.17571821240165
1313498,270.2766389139939
1413327,679.6280553316877
1495413,679.6280553316877
1374145,679.6280553316877
1109817,131.92337591025642
1069577,69.80112009217684
1288112,69.80112009217684
1366798,380.42385538854455
1149663,679.6280553316877
1168556,72.91811059349153
1073416,72.91811059349153
1182836,72.91811059349153
1400578,1041.9174258812368
1454362,317.55939570701025
1467885,545.377690469417
1476211,72.91811059349153
1383574,72.91811059349153
1496537,72.91811059349153
1133047,178.513063500759
1101436,178.513063500759
1001439,178.513063500759
1064213,131.92337591025642
1401981,56.84953417431313
1454861,56.84953417431313
1196203,317.55939570701025
1036941,402.99267957661584
1154990,317.55939570701025
1233239,25.013209964024856
1391775,25.013209964024856
1381447,380.42385538854455
1411302,380.42385538854455
1078694,380.42385538854455
1385200,54.552970886915695
1434232,54.552970886915695
1233757,54.552970886915695
1028768,123.84940510274217
1368598,123.84940510274217
1303610,123.84940510274217
1444197,45.66606664484248
1258644,45.66606664484248
1200616,45.66606664484248
1270954,679.6280553316877
1163115,131.92337591025642
1169119,131.92337591025642
1052571,56.84953417431313
1106897,56.84953417431313
1425006,56.84953417431313
1102543,402.99267957661584
1198644,402.99267957661584
1433839,402.99267957661584
1103251,679.6280553316877
1273456,679.6280553316877
1403902,679.6280553316877
1378592,131.92337591025642
1125244,69.80112009217684
1163712,69.80112009217684
1058476,380.42385538854455
1280539,380.42385538854455
1478307,131.92337591025642
1294168,72.91811059349153
1284450,72.91811059349153
1485791,72.91811059349153
1226809,1041.9174258812368
1267518,317.55939570701025
1423686,545.377690469417
1445115,72.91811059349153
1012701,72.91811059349153
1492732,178.513063500759
1128210,178.513063500759
1443192,178.513063500759
1375901,131.92337591025642
1339604,56.84953417431313
1450857,56.84953417431313
1388456,317.55939570701025
1021804,402.99267957661584
1181052,317.55939570701025
1242338,25.013209964024856
1234695,25.013209964024856
1093991,131.92337591025642
1456652,131.92337591025642
1497173,380.42385538854455
1425621,54.552970886915695
1149128,54.552970886915695
1102682,54.552970886915695
1346942,123.84940510274217
1335480,123.84940510274217
1457745,123.84940510274217
1242123,45.66606664484248
1312025,45.66606664484248
1319688,45.66606664484248
1491929,679.6280553316877
1173046,131.92337591025642
1336815,131.92337591025642
1487150,56.84953417431313
1423644,56.84953417431313
1194213,56.84953417431313
1008390,402.99267957661584
1375741,402.99267957661584
1326706,402.99267957661584
1314422,199.00149068801363
1219723,198.93980261403385
1015674,198.93980261403385
1157339,48.767932021816485
1443743,69.80112009217684
1203153,69.80112009217684
1164030,195.35389498349699
1347221,198.76080119715124
1120206,195.59047953226295
1063187,72.91811059349153
1494235,72.91811059349153
1456199,72.91811059349153
1228840,1041.9174258812368
1141832,317.55939570701025
1287822,544.9287496724291
1240376,72.91811059349153
1474734,72.91811059349153
1306170,83.72342200515234
1192481,83.72342200515234
1067323,33.064874309659736
1433769,33.151174695801714
1387077,309.1097438937725
1379462,270.4663964279498
1231116,270.3361561994475
1174195,25.013209964024856
1334538,269.0524879976676
1264814,269.0524879976676
1032658,307.7369094479718
1463481,45.66606664484248
1015937,45.66606664484248
1269056,77.03313137284691
1307499,49.13898965994467
1301363,33.064874309659736
1332403,33.151174695801714
1102627,33.151174695801714
1484039,309.25859528339623
1282575,309.25859528339623
1316865,270.2189384224288
1072037,373.37273953705807
1426492,373.37273953705807
1298290,373.37273953705807
1052895,48.767932021816485
1355224,69.80112009217684
1096012,69.80112009217684
1404668,256.0759837508135
1156177,256.0759837508135
1049953,267.02492723476183
1247116,72.91811059349153
1286122,161.42500067071174
1231000,161.42500067071174
1279495,1041.9174258812368
1318187,212.9814107271406
1373331,544.9287496724291
1376540,83.72342200515234
1336313,83.72342200515234
1312708,48.767932021816485
1010806,309.17571821240165
1339522,270.52414956498524
1190478,270.39388162851657
1171886,206.88397831927205
1049275,206.88397831927205
1165387,89.70462824137277
1016899,45.66606664484248
1422391,77.03313137284691
1480338,49.13898965994467
1230486,33.064874309659736
1125619,33.151174695801714
1219698,33.151174695801714
1011073,309.3246012694244
1187231,309.3246012694244
1300341,270.2766389139939
1184259,195.89123127808176
1234591,195.89123127808176
1236452,195.89123127808176
1041818,76.45564088850853
1036769,193.96001242441147
1192321,76.45564088850853
1008719,72.91811059349153
1072056,72.91811059349153
1183173,72.91811059349153
1206651,1041.9174258812368
1246317,212.9814107271406
1099913,213.62577458661838
1108218,33.151174695801714
1467171,212.9814107271406
1099223,213.62577458661838
1091726,212.9814107271406
1429192,54.552970886915695
1271099,89.70462824137277
1224512,89.70462824137277
1022601,89.70462824137277
1114250,193.89987933426218
1458370,49.13898965994467
1071776,49.13898965994467
1189803,33.151174695801714
1248566,33.151174695801714
1381724,213.62577458661838
1194661,213.62577458661838
1272944,213.62577458661838
1363599,267.02492723476183
1027214,267.02492723476183
1077444,267.02492723476183
1455070,48.767932021816485
1343261,69.80112009217684
1492493,69.80112009217684
1307324,256.0759837508135
1077297,256.0759837508135
1475728,267.02492723476183
1202474,72.91811059349153
1362220,72.91811059349153
1046651,72.91811059349153
1273879,1041.9174258812368
1444822,212.9814107271406
1076732,544.9287496724291
1441293,72.91811059349153
1112065,72.91811059349153
1197296,83.72342200515234
1287691,83.72342200515234
1170339,83.72342200515234
1038580,48.767932021816485
1393103,33.064874309659736
1124673,33.151174695801714
1349975,212.9814107271406
1320692,270.39388162851657
1325819,212.9814107271406
1093868,25.013209964024856
1458875,25.013209964024856
1427933,256.0759837508135
1379975,256.0759837508135
1268227,256.0759837508135
1306435,54.552970886915695
1293636,54.552970886915695
1456848,54.552970886915695
1287529,89.70462824137277
1417117,89.70462824137277
1103982,89.70462824137277
1129742,45.66606664484248
1325129,45.66606664484248
1076264,45.66606664484248
1437767,267.02492723476183
1132812,49.13898965994467
1437825,49.13898965994467
1027593,33.151174695801714
1260624,33.151174695801714
1371361,309.17571821240165
1049531,309.17571821240165
1457135,270.2766389139939
1012377,267.02492723476183
1051968,267.02492723476183
1116753,267.02492723476183
1284889,48.767932021816485
1129500,69.80112009217684
1023978,69.80112009217684
1031076,256.0759837508135
1014995,256.0759837508135
1430894,76.45564088850853
1491918,72.91811059349153
1183480,72.91811059349153
1489603,72.91811059349153
1380683,1041.9174258812368
1490816,212.9814107271406
1497842,213.62577458661838
1097259,83.72342200515234
1470046,83.72342200515234
1355498,83.72342200515234
1372911,48.767932021816485
1259326,33.064874309659736
1102135,33.151174695801714
1354206,212.9814107271406
1176036,213.62577458661838
1388554,212.9814107271406
1281965,25.013209964024856
1298165,256.0759837508135
1307270,256.0759837508135
1296870,77.03313137284691
1466464,54.552970886915695
1392074,54.552970886915695
1198518,54.552970886915695
1123384,89.70462824137277
1451631,89.70462824137277
1424988,89.70462824137277
1163567,45.66606664484248
1279581,45.66606664484248
1164785,45.66606664484248
1379768,267.02492723476183
1041594,49.13898965994467
1132521,49.13898965994467
1270239,40.139604277765535
1290527,33.151174695801714
1004134,33.151174695801714
1283960,213.62577458661838
1348705,213.62577458661838
1214346,213.62577458661838
1018684,552.1082667017112
1458746,552.1082667017112
1398873,552.1082667017112
1363247,131.92337591025642
1171114,69.80112009217684
1356536,345.98465481657826
1132706,345.98465481657826
1053503,131.92337591025642
1236073,72.91811059349153
1015489,72.91811059349153
1343387,72.91811059349153
1472161,1041.9174258812368
1082810,317.55939570701025
1432350,544.9287496724291
1372995,72.91811059349153
1044476,72.91811059349153
1189866,178.513063500759
1437244,178.513063500759
1470269,178.513063500759
1158671,33.151174695801714
1003890,317.55939570701025
1306638,270.3361561994475
1011181,317.55939570701025
1045123,25.013209964024856
1185691,25.013209964024856
1021932,345.98465481657826
1384499,345.98465481657826
1180117,345.98465481657826
1100808,54.552970886915695
1188748,54.552970886915695
1195665,54.552970886915695
1461400,123.84940510274217
1274328,123.84940510274217
1352189,123.84940510274217
1307899,45.66606664484248
1499860,45.66606664484248
1265042,45.66606664484248
1226420,552.1082667017112
1341886,131.92337591025642
1173627,131.92337591025642
1380871,33.064874309659736
1039843,33.151174695801714
1434891,33.151174695801714
1386877,309.1097438937725
1059423,309.1097438937725
1388620,270.2189384224288
1339452,373.37273953705807
1323102,373.37273953705807
1239433,373.37273953705807
1452837,48.767932021816485
1172957,69.80112009217684
1261807,69.80112009217684
1296678,256.0759837508135
1009792,256.0759837508135
1209466,161.42500067071174
1430688,72.91811059349153
1259932,72.91811059349153
1264095,1041.9174258812368
1458967,317.55939570701025
1003543,544.9287496724291
1124862,178.513063500759
1144125,178.513063500759
1027603,48.767932021816485
1084942,33.064874309659736
1290214,33.151174695801714
1256336,309.1097438937725
1436896,270.4663964279498
1158804,270.3361561994475
1490276,25.013209964024856
1195477,25.013209964024856
1427298,307.7369094479718
1369726,307.7369094479718
1175834,307.7369094479718
1321360,45.66606664484248
1118637,45.66606664484248
1337180,45.66606664484248
1299061,49.13898965994467
1104555,49.13898965994467
1158245,33.064874309659736
1142718,33.151174695801714
1059103,33.151174695801714
1254537,309.25859528339623
1138204,309.25859528339623
1401405,270.2189384224288
1394286,288.51677607585594
1384056,288.51677607585594
1103515,288.606101623183
1362855,48.767932021816485
1240222,69.80112009217684
1240676,69.80112009217684
1019402,230.08555579534132
1139373,227.86783175737463
1202816,76.45564088850853
1166954,161.5938818171938
1188996,1041.9174258812368
1085391,212.9814107271406
1211106,544.9287496724291
1288937,72.91811059349153
1143391,72.91811059349153
1000233,72.91811059349153
1430027,83.72342200515234
1466154,83.72342200515234
1468117,83.72342200515234
1035831,48.767932021816485
1110589,43.8592119123437
1329444,33.151174695801714
1404384,309.1097438937725
1273760,270.3361561994475
1423129,270.3361561994475
1151847,25.013209964024856
1299263,25.013209964024856
1145177,25.013209964024856
1148848,89.70462824137277
1243283,89.70462824137277
1411541,89.70462824137277
1011525,45.66606664484248
1331929,45.66606664484248
1279850,77.03313137284691
1235803,49.13898965994467
1385999,49.13898965994467
1259160,33.151174695801714
1266035,33.151174695801714
1112007,309.1097438937725
1132794,309.1097438937725
1416208,270.2189384224288
1237768,201.99767683142636
1020937,201.93506461957222
1198952,201.93506461957222
1134961,48.767932021816485
1339297,69.80112009217684
1392564,69.80112009217684
1009747,200.33169986413515
1209177,201.75338161485206
1151706,76.45564088850853
1296853,161.5938818171938
1378157,161.5938818171938
1361913,161.5938818171938
1371303,1041.9174258812368
1267841,212.9814107271406
1198297,544.9287496724291
1233208,72.91811059349153
1443723,83.72342200515234
1177808,83.72342200515234
1173479,33.064874309659736
1257412,33.151174695801714
1243448,309.17571821240165
1431871,270.39388162851657
1207117,270.39388162851657
1286044,25.013209964024856
1314753,89.70462824137277
1365824,89.70462824137277
1068361,89.70462824137277
1409598,45.66606664484248
1494897,212.9814107271406
1159162,77.03313137284691
1147842,49.13898965994467
1010145,33.151174695801714
1480639,33.151174695801714
1319373,33.151174695801714
1132973,309.17571821240165
1027926,309.17571821240165
1102250,270.2766389139939
1445418,679.6280553316877
1424161,679.6280553316877
1037632,679.6280553316877
1115454,131.92337591025642
1017133,69.80112009217684
1086047,69.80112009217684
1320834,380.42385538854455
1220629,380.42385538854455
1475079,131.92337591025642
1293675,72.91811059349153
1284570,72.91811059349153
1173901,72.91811059349153
1216601,1041.9174258812368
1492789,317.55939570701025
1449349,545.377690469417
1412687,72.91811059349153
1426735,72.91811059349153
1389109,72.91811059349153
1179644,178.513063500759
1010010,178.513063500759
1381624,178.513063500759
1229591,131.92337591025642
1074295,56.84953417431313
1325159,56.84953417431313
1343551,317.55939570701025
1272597,402.99267957661584
1088442,317.55939570701025
1215026,25.013209964024856
1259014,25.013209964024856
1176893,25.013209964024856
1097810,380.42385538854455
1005560,380.42385538854455
1073193,380.42385538854455
1038802,54.552970886915695
1005224,54.552970886915695
1325721,54.552970886915695
1136450,123.84940510274217
1279631,123.84940510274217
1095473,123.84940510274217
1297151,45.66606664484248
1048829,45.66606664484248
1379904,45.66606664484248
1281256,679.6280553316877
1352308,131.92337591025642
1194367,131.92337591025642
1251356,56.84953417431313
1181977,56.84953417431313
1007279,56.84953417431313
1419393,402.99267957661584
1190900,402.99267957661584
1184958,402.99267957661584
1206406,198.8408231880495
1365395,198.8408231880495
1291113,198.9024807235865
1139288,48.767932021816485
1352942,69.80112009217684
1038203,69.80112009217684
1078587,196.88067309416985
1309451,196.88067309416985
1018206,76.45564088850853
1014022,72.91811059349153
1174313,72.91811059349153
1419295,72.91811059349153
1301859,1041.9174258812368
1210814,212.9814107271406
1397018,213.62577458661838
1342102,83.72342200515234
1196151,83.72342200515234
1366948,83.72342200515234
1238567,33.151174695801714
1306885,212.9814107271406
1431795,213.62577458661838
1090451,212.9814107271406
1389191,196.88067309416985
1359888,196.88067309416985
1278487,33.064874309659736
1010567,54.552970886915695
1187872,54.552970886915695
1469547,54.552970886915695
1006430,89.70462824137277
1236497,89.70462824137277
1250707,89.70462824137277
1354125,45.66606664484248
1304771,196.81963916107793
1230195,49.13898965994467
1340798,49.13898965994467
1314185,40.139604277765535
1256557,33.151174695801714
1010402,213.62577458661838
1240314,213.62577458661838
1025876,213.62577458661838
1119476,679.6280553316877
1449017,679.6280553316877
1391079,679.6280553316877
1173236,131.92337591025642
1488966,69.80112009217684
1077192,69.80112009217684
1251757,380.42385538854455
1328973,380.42385538854455
1479720,679.6280553316877
1192753,72.91811059349153
1126581,72.91811059349153
1424484,72.91811059349153
1333660,1041.9174258812368
1184324,317.55939570701025
1055470,545.377690469417
1283179,178.513063500759
1231088,178.513063500759
1337907,178.513063500759
1136023,56.84953417431313
1497650,56.84953417431313
1159094,317.55939570701025
1481215,402.99267957661584
1194832,317.55939570701025
1435894,131.92337591025642
1403544,380.42385538854455
1136383,131.92337591025642
1357261,54.552970886915695
1164974,54.552970886915695
1057971,54.552970886915695
1347107,123.84940510274217
1204333,123.84940510274217
1450486,123.84940510274217
1013823,45.66606664484248
1241573,45.66606664484248
1101270,679.6280553316877
1065843,131.92337591025642
1310802,131.92337591025642
1353727,56.84953417431313
1079853,56.84953417431313
1489149,56.84953417431313
1478088,402.99267957661584
1013495,402.99267957661584
1227946,402.99267957661584
1096075,679.6280553316877
1024666,679.6280553316877
1403435,679.6280553316877
1433536,131.92337591025642
1086319,69.80112009217684
1299024,69.80112009217684
1195502,380.42385538854455
1044169,380.42385538854455
1152242,131.92337591025642
1065051,72.91811059349153
1068255,72.91811059349153
1299213,72.91811059349153
1232035,1041.9174258812368
1410617,317.55939570701025
1017704,545.377690469417
1095152,72.91811059349153
1220126,72.91811059349153
1063947,178.513063500759
1432224,178.513063500759
1245659,178.513063500759
1222669,131.92337591025642
1193161,56.84953417431313
1375355,56.84953417431313
1246139,317.55939570701025
1409426,402.99267957661584
1105783,317.55939570701025
1224437,25.013209964024856
1397328,380.42385538854455
1148320,380.42385538854455
1384543,380.42385538854455
1016498,54.552970886915695
1309384,54.552970886915695
1177817,54.552970886915695
1074126,123.84940510274217
1231383,123.84940510274217
1304453,123.84940510274217
1139353,45.66606664484248
1258236,45.66606664484248
1199348,45.66606664484248
1311855,679.6280553316877
1439931,131.92337591025642
1278587,131.92337591025642
1438492,56.84953417431313
1445557,56.84953417431313
1125681,56.84953417431313
1199960,402.99267957661584
1440729,402.99267957661584
1200354,402.99267957661584
1050954,679.6280553316877
1310969,679.6280553316877
1306640,679.6280553316877
1339180,131.92337591025642
1487114,69.80112009217684
1338621,69.80112009217684
1323063,380.42385538854455
1272563,380.42385538854455
1152565,679.6280553316877
1152614,161.42500067071174
1498359,161.5938818171938
1280176,161.42500067071174
1416679,1041.9174258812368
1192208,317.55939570701025
1299727,545.377690469417
1436060,72.91811059349153
1226984,72.91811059349153
1201456,72.91811059349153
1256806,178.513063500759
1492689,178.513063500759
1112022,131.92337591025642
1495161,56.84953417431313
1120533,56.84953417431313
1055893,402.99267957661584
1151813,402.99267957661584
1068712,402.99267957661584
1180446,25.013209964024856
1469466,25.013209964024856
1161712,307.7369094479718
1257974,123.84940510274217
1022307,307.7369094479718
1070137,45.66606664484248
1207324,45.66606664484248
1154097,45.66606664484248
1096925,131.92337591025642
1140896,131.92337591025642
1139043,131.92337591025642
1233775,56.84953417431313
1130726,56.84953417431313
1389913,402.99267957661584
1162384,402.99267957661584
1171175,402.99267957661584
1348738,198.93980261403385
1400789,198.93980261403385
1253513,198.93980261403385
1072273,48.767932021816485
1335889,69.80112009217684
1282158,69.80112009217684
1192568,198.23677209832528
1123998,195.52984354398447
1342060,72.91811059349153
1384721,72.91811059349153
1183641,1041.9174258812368
1041033,212.9814107271406
1200718,544.9287496724291
1497662,83.72342200515234
1368398,83.72342200515234
1458915,83.72342200515234
1330271,33.151174695801714
1479826,309.1097438937725
1140363,270.4663964279498
1109305,270.3361561994475
1183058,206.88397831927205
1400481,89.70462824137277
1302339,182.86622978738308
1125354,45.66606664484248
1428300,45.66606664484248
1307819,77.03313137284691
1194003,33.064874309659736
1215065,33.151174695801714
1055561,33.151174695801714
1171208,309.25859528339623
1466288,309.25859528339623
1216941,270.2189384224288
1343036,367.66451142142944
1268656,367.66451142142944
1427596,367.66451142142944
1078400,48.767932021816485
1144617,69.80112009217684
1042127,281.53230974854444
1302668,254.25104551803662
1070372,264.80200255916003
1309272,72.91811059349153
1443959,72.91811059349153
1418998,161.42500067071174
1375917,1041.9174258812368
1011067,212.9814107271406
1157812,213.62577458661838
1268956,83.72342200515234
1164083,83.72342200515234
1218015,83.72342200515234
1383733,48.767932021816485
1097574,33.151174695801714
1470891,213.62577458661838
1311762,213.62577458661838
1489983,213.62577458661838
1432644,89.70462824137277
1295164,89.70462824137277
1204591,89.70462824137277
1093346,45.66606664484248
1316692,77.03313137284691
1197885,49.13898965994467
1077308,33.151174695801714
1395102,213.62577458661838
1078987,213.62577458661838
1173310,213.62577458661838
1003331,373.37273953705807
1403656,373.37273953705807
1152280,373.37273953705807
1018393,48.767932021816485
1074270,69.80112009217684
1323759,256.0759837508135
1040755,307.53696646081386
1305988,267.02492723476183
1274838,161.5938818171938
1109620,72.91811059349153
1394606,72.91811059349153
1349429,1041.9174258812368
1335756,212.9814107271406
1077049,544.9287496724291
1189136,72.91811059349153
1003422,72.91811059349153
1259792,72.91811059349153
1496530,83.72342200515234
1279859,83.72342200515234
1177141,83.72342200515234
1039622,48.767932021816485
1328288,33.064874309659736
1462612,33.151174695801714
1392103,309.1097438937725
1436681,270.3361561994475
1413768,270.3361561994475
1383885,25.013209964024856
1166180,182.86622978738308
1485765,89.70462824137277
1482492,89.70462824137277
1312352,45.66606664484248
1179503,45.66606664484248
1286570,45.66606664484248
1285406,77.03313137284691
1446354,49.13898965994467
1126127,49.13898965994467
1481939,33.151174695801714
1343655,33.151174695801714
1272934,33.064874309659736
1112696,309.1097438937725
1130600,309.25859528339623
1174600,270.2189384224288
1320654,267.02492723476183
1070383,267.02492723476183
1308976,267.02492723476183
1005607,69.80112009217684
1035832,69.80112009217684
1324840,256.0759837508135
1012125,256.0759837508135
1497891,267.02492723476183
1099961,72.91811059349153
1457142,72.91811059349153
1006230,72.91811059349153
1163371,1041.9174258812368
1486518,212.9814107271406
1109546,544.9287496724291
1189272,72.91811059349153
1319632,72.91811059349153
1262924,83.72342200515234
1428567,83.72342200515234
1112011,83.72342200515234
1307215,48.767932021816485
1042340,43.8592119123437
1015916,33.151174695801714
1067466,212.9814107271406
1233653,270.3361561994475
1370183,212.9814107271406
1355348,25.013209964024856
1129758,25.013209964024856
1316856,256.0759837508135
1346633,256.0759837508135
1487564,256.0759837508135
1030704,54.552970886915695
1369427,54.552970886915695
1008093,54.552970886915695
1167856,89.70462824137277
1294314,89.70462824137277
1447975,89.70462824137277
1185715,45.66606664484248
1337557,45.66606664484248
1258340,45.66606664484248
1443796,267.02492723476183
1140077,49.13898965994467
1325027,49.13898965994467
1368987,40.139604277765535
1157099,33.151174695801714
1290300,33.151174695801714
1266965,309.1097438937725
1306586,309.1097438937725
1340967,270.2189384224288
1055961,267.02492723476183
1048122,267.02492723476183
1080418,267.02492723476183
1148902,48.767932021816485
1164067,69.80112009217684
1444164,69.80112009217684
1088809,256.0759837508135
1366757,256.0759837508135
1364816,72.91811059349153
1331136,72.91811059349153
1219262,72.91811059349153
1104654,1041.9174258812368
1396460,212.9814107271406
1275513,213.62577458661838
1155273,72.91811059349153
1149041,72.91811059349153
1459415,83.72342200515234
1101560,83.72342200515234
1491374,33.064874309659736
1382469,212.9814107271406
1198228,213.62577458661838
1330575,212.9814107271406
1045111,256.0759837508135
1317160,256.0759837508135
1341596,49.13898965994467
1107486,54.552970886915695
1055252,54.552970886915695
1141862,54.552970886915695
1324501,89.70462824137277
1168271,89.70462824137277
1367777,89.70462824137277
1263775,45.66606664484248
1225059,45.66606664484248
1311200,45.66606664484248
1294128,267.02492723476183
1363716,49.13898965994467
1464689,49.13898965994467
1078016,43.97285881075489
1323950,33.151174695801714
1385303,213.62577458661838
1125676,213.62577458661838
1019901,213.62577458661838
1091949,200.57428211272605
1022775,200.51210892999336
1425457,200.51210892999336
1383194,48.767932021816485
1030996,69.80112009217684
1021348,198.2954371556617
1486207,198.2954371556617
1073198,72.91811059349153
1142240,72.91811059349153
1227543,72.91811059349153
1328470,1041.9174258812368
1027062,317.55939570701025
1054423,544.9287496724291
1057859,83.72342200515234
1085056,83.72342200515234
1127458,48.767932021816485
1030570,33.064874309659736
1011280,33.151174695801714
1420026,317.55939570701025
1342717,270.39388162851657
1217666,317.55939570701025
1064148,25.013209964024856
1143105,33.064874309659736
1443014,54.552970886915695
1053533,54.552970886915695
1159213,54.552970886915695
1299602,123.84940510274217
1466164,123.84940510274217
1364923,123.84940510274217
1345687,45.66606664484248
1490689,45.66606664484248
1054132,45.66606664484248
1283139,198.47402156969744
1174062,49.13898965994467
1210589,49.13898965994467
1402112,33.064874309659736
1191939,33.151174695801714
1282630,33.151174695801714
1032275,309.17571821240165
1345988,309.17571821240165
1284150,270.2766389139939
1412745,292.85397451262736
1189870,292.9446382298154
1313166,292.85397451262736
1461333,48.767932021816485
1403345,69.80112009217684
1080422,69.80112009217684
1123999,231.3681305111564
1321328,233.66990362378016
1499149,233.74349948823001
1204434,72.91811059349153
1471972,72.91811059349153
1154525,72.91811059349153
1180897,1041.9174258812368
1239990,317.55939570701025
1191121,544.9287496724291
1420610,72.91811059349153
1461619,72.91811059349153
1283607,72.91811059349153
1160895,178.513063500759
1470466,178.513063500759
1478093,178.513063500759
1169197,33.064874309659736
1419275,33.151174695801714
1431854,309.17571821240165
1164242,270.52414956498524
1130746,270.39388162851657
1453234,25.013209964024856
1186321,307.7369094479718
1475466,307.7369094479718
1093840,123.84940510274217
1173465,45.66606664484248
1267159,45.66606664484248
1170013,45.66606664484248
1156922,77.03313137284691
1000954,49.13898965994467
1215194,49.13898965994467
1401263,33.064874309659736
1200149,33.151174695801714
1185727,33.151174695801714
1406540,309.3246012694244
1041304,309.3246012694244
1178586,270.2766389139939
1125034,679.6280553316877
1094992,679.6280553316877
1098294,679.6280553316877
1189234,131.92337591025642
1062718,69.80112009217684
1082997,69.80112009217684
1394931,380.42385538854455
1154152,380.42385538854455
1255924,131.92337591025642
1362231,72.91811059349153
1310252,72.91811059349153
1334903,72.91811059349153
1160784,1041.9174258812368
1088651,317.55939570701025
1213880,545.377690469417
1320872,72.91811059349153
1410761,72.91811059349153
1402413,72.91811059349153
1169260,178.513063500759
1326093,178.513063500759
1286218,178.513063500759
1126416,131.92337591025642
1074332,56.84953417431313
1163098,56.84953417431313
1171492,317.55939570701025
1251701,402.99267957661584
1041443,402.99267957661584
1427597,25.013209964024856
1129290,25.013209964024856
1049689,131.92337591025642
1123106,380.42385538854455
1079402,131.92337591025642
1115834,54.552970886915695
1451124,54.552970886915695
1372533,54.552970886915695
1373037,123.84940510274217
1160220,123.84940510274217
1285893,123.84940510274217
1181766,45.66606664484248
1049773,45.66606664484248
1458521,45.66606664484248
1359763,679.6280553316877
1426206,131.92337591025642
1317246,131.92337591025642
1021889,56.84953417431313
1318823,56.84953417431313
1345656,56.84953417431313
1101170,402.99267957661584
1416073,402.99267957661584
1208757,402.99267957661584
1033019,679.6280553316877
1136593,679.6280553316877
1205287,679.6280553316877
1422208,131.92337591025642
1174084,69.80112009217684
1323683,69.80112009217684
1265832,380.42385538854455
1123723,380.42385538854455
1367945,131.92337591025642
1326431,72.91811059349153
1422972,161.5938818171938
1256838,72.91811059349153
1234660,1041.9174258812368
1404408,317.55939570701025
1234776,545.377690469417
1349215,72.91811059349153
1207249,178.513063500759
1414921,178.513063500759
1126947,178.513063500759
1096124,56.84953417431313
1498639,56.84953417431313
1430032,56.84953417431313
1111480,402.99267957661584
1449841,402.99267957661584
1290329,402.99267957661584
1324280,25.013209964024856
1457838,25.013209964024856
1222394,123.84940510274217
1141545,123.84940510274217
1363040,123.84940510274217
1330159,45.66606664484248
1070377,45.66606664484248
1001148,45.66606664484248
1169203,131.92337591025642
1389523,131.92337591025642
1304998,131.92337591025642
1462767,56.84953417431313
1250239,56.84953417431313
1039516,56.84953417431313
1158107,402.99267957661584
1444235,402.99267957661584
1291286,402.99267957661584
